2011-12-22 03:06:43,017 PID: 30641 cluster.py:663 - DEBUG - updating existing node i-0223ff60 in self._nodes
2011-12-22 03:06:43,018 PID: 30641 cluster.py:663 - DEBUG - updating existing node i-0023ff62 in self._nodes
2011-12-22 03:06:43,018 PID: 30641 cluster.py:663 - DEBUG - updating existing node i-0623ff64 in self._nodes
2011-12-22 03:06:43,019 PID: 30641 cluster.py:663 - DEBUG - updating existing node i-0423ff66 in self._nodes
2011-12-22 03:06:43,019 PID: 30641 cluster.py:663 - DEBUG - updating existing node i-0a23ff68 in self._nodes
2011-12-22 03:06:43,019 PID: 30641 cluster.py:663 - DEBUG - updating existing node i-0823ff6a in self._nodes
2011-12-22 03:06:43,019 PID: 30641 cluster.py:663 - DEBUG - updating existing node i-0e23ff6c in self._nodes
2011-12-22 03:06:43,020 PID: 30641 cluster.py:663 - DEBUG - updating existing node i-0c23ff6e in self._nodes
2011-12-22 03:06:43,020 PID: 30641 cluster.py:663 - DEBUG - updating existing node i-1223ff70 in self._nodes
2011-12-22 03:06:43,020 PID: 30641 cluster.py:663 - DEBUG - updating existing node i-1023ff72 in self._nodes
2011-12-22 03:06:43,020 PID: 30641 cluster.py:663 - DEBUG - updating existing node i-1623ff74 in self._nodes
2011-12-22 03:06:43,021 PID: 30641 cluster.py:663 - DEBUG - updating existing node i-1423ff76 in self._nodes
2011-12-22 03:06:43,021 PID: 30641 cluster.py:663 - DEBUG - updating existing node i-1a23ff78 in self._nodes
2011-12-22 03:06:43,021 PID: 30641 cluster.py:663 - DEBUG - updating existing node i-1823ff7a in self._nodes
2011-12-22 03:06:43,021 PID: 30641 cluster.py:663 - DEBUG - updating existing node i-1e23ff7c in self._nodes
2011-12-22 03:06:43,021 PID: 30641 cluster.py:663 - DEBUG - updating existing node i-1c23ff7e in self._nodes
2011-12-22 03:06:43,022 PID: 30641 cluster.py:663 - DEBUG - updating existing node i-e223ff80 in self._nodes
2011-12-22 03:06:43,022 PID: 30641 cluster.py:663 - DEBUG - updating existing node i-e023ff82 in self._nodes
2011-12-22 03:06:43,022 PID: 30641 cluster.py:663 - DEBUG - updating existing node i-e623ff84 in self._nodes
2011-12-22 03:06:43,022 PID: 30641 cluster.py:663 - DEBUG - updating existing node i-e423ff86 in self._nodes
2011-12-22 03:06:43,023 PID: 30641 cluster.py:663 - DEBUG - updating existing node i-ea23ff88 in self._nodes
2011-12-22 03:06:43,023 PID: 30641 cluster.py:663 - DEBUG - updating existing node i-e823ff8a in self._nodes
2011-12-22 03:06:43,023 PID: 30641 cluster.py:663 - DEBUG - updating existing node i-ee23ff8c in self._nodes
2011-12-22 03:06:43,024 PID: 30641 cluster.py:663 - DEBUG - updating existing node i-ec23ff8e in self._nodes
2011-12-22 03:06:43,024 PID: 30641 cluster.py:663 - DEBUG - updating existing node i-f223ff90 in self._nodes
2011-12-22 03:06:43,024 PID: 30641 cluster.py:663 - DEBUG - updating existing node i-f023ff92 in self._nodes
2011-12-22 03:06:43,024 PID: 30641 cluster.py:663 - DEBUG - updating existing node i-f623ff94 in self._nodes
2011-12-22 03:06:43,025 PID: 30641 cluster.py:663 - DEBUG - updating existing node i-f423ff96 in self._nodes
2011-12-22 03:06:43,025 PID: 30641 cluster.py:663 - DEBUG - updating existing node i-fa23ff98 in self._nodes
2011-12-22 03:06:43,025 PID: 30641 cluster.py:663 - DEBUG - updating existing node i-f823ff9a in self._nodes
2011-12-22 03:06:43,025 PID: 30641 cluster.py:663 - DEBUG - updating existing node i-fe23ff9c in self._nodes
2011-12-22 03:06:43,025 PID: 30641 cluster.py:663 - DEBUG - updating existing node i-fc23ff9e in self._nodes
2011-12-22 03:06:43,026 PID: 30641 cluster.py:663 - DEBUG - updating existing node i-c223ffa0 in self._nodes
2011-12-22 03:06:43,026 PID: 30641 cluster.py:663 - DEBUG - updating existing node i-c023ffa2 in self._nodes
2011-12-22 03:06:43,027 PID: 30641 cluster.py:663 - DEBUG - updating existing node i-c623ffa4 in self._nodes
2011-12-22 03:06:43,027 PID: 30641 cluster.py:663 - DEBUG - updating existing node i-c423ffa6 in self._nodes
2011-12-22 03:06:43,028 PID: 30641 cluster.py:663 - DEBUG - updating existing node i-ca23ffa8 in self._nodes
2011-12-22 03:06:43,028 PID: 30641 cluster.py:663 - DEBUG - updating existing node i-c823ffaa in self._nodes
2011-12-22 03:06:43,028 PID: 30641 cluster.py:663 - DEBUG - updating existing node i-ce23ffac in self._nodes
2011-12-22 03:06:43,028 PID: 30641 cluster.py:663 - DEBUG - updating existing node i-cc23ffae in self._nodes
2011-12-22 03:06:43,029 PID: 30641 cluster.py:676 - DEBUG - returning self._nodes = [<Node: master (i-7c22fe1e)>, <Node: node001 (i-4222fe20)>, <Node: node002 (i-4022fe22)>, <Node: node003 (i-4622fe24)>, <Node: node004 (i-4422fe26)>, <Node: node005 (i-4a22fe28)>, <Node: node006 (i-4822fe2a)>, <Node: node007 (i-4e22fe2c)>, <Node: node008 (i-4c22fe2e)>, <Node: node009 (i-5222fe30)>, <Node: node010 (i-5622fe34)>, <Node: node011 (i-5422fe36)>, <Node: node012 (i-5a22fe38)>, <Node: node013 (i-5822fe3a)>, <Node: node014 (i-5e22fe3c)>, <Node: node015 (i-5c22fe3e)>, <Node: node016 (i-2222fe40)>, <Node: node017 (i-2022fe42)>, <Node: node018 (i-2622fe44)>, <Node: node019 (i-2422fe46)>, <Node: node020 (i-2a22fe48)>, <Node: node021 (i-2822fe4a)>, <Node: node022 (i-2e22fe4c)>, <Node: node023 (i-2c22fe4e)>, <Node: node024 (i-3222fe50)>, <Node: node025 (i-3022fe52)>, <Node: node026 (i-3622fe54)>, <Node: node027 (i-3422fe56)>, <Node: node028 (i-3a22fe58)>, <Node: node029 (i-3822fe5a)>, <Node: node030 (i-3e22fe5c)>, <Node: node031 (i-3c22fe5e)>, <Node: node032 (i-0222fe60)>, <Node: node033 (i-0022fe62)>, <Node: node034 (i-0622fe64)>, <Node: node035 (i-0422fe66)>, <Node: node036 (i-0a22fe68)>, <Node: node037 (i-0822fe6a)>, <Node: node038 (i-0e22fe6c)>, <Node: node039 (i-0c22fe6e)>, <Node: node040 (i-1222fe70)>, <Node: node041 (i-1022fe72)>, <Node: node042 (i-1622fe74)>, <Node: node043 (i-1422fe76)>, <Node: node044 (i-1a22fe78)>, <Node: node045 (i-1822fe7a)>, <Node: node046 (i-1e22fe7c)>, <Node: node047 (i-1c22fe7e)>, <Node: node048 (i-e222fe80)>, <Node: node049 (i-e022fe82)>, <Node: node050 (i-e622fe84)>, <Node: node051 (i-e422fe86)>, <Node: node052 (i-ea22fe88)>, <Node: node053 (i-e822fe8a)>, <Node: node054 (i-ee22fe8c)>, <Node: node055 (i-ec22fe8e)>, <Node: node056 (i-f222fe90)>, <Node: node057 (i-f022fe92)>, <Node: node058 (i-f622fe94)>, <Node: node059 (i-f422fe96)>, <Node: node060 (i-fa22fe98)>, <Node: node061 (i-f822fe9a)>, <Node: node062 (i-fe22fe9c)>, <Node: node063 (i-fc22fe9e)>, <Node: node064 (i-c222fea0)>, <Node: node065 (i-c022fea2)>, <Node: node066 (i-c622fea4)>, <Node: node067 (i-c422fea6)>, <Node: node068 (i-ca22fea8)>, <Node: node069 (i-c822feaa)>, <Node: node070 (i-ce22feac)>, <Node: node071 (i-cc22feae)>, <Node: node072 (i-d222feb0)>, <Node: node073 (i-d022feb2)>, <Node: node074 (i-d622feb4)>, <Node: node075 (i-d422feb6)>, <Node: node076 (i-da22feb8)>, <Node: node077 (i-d822feba)>, <Node: node078 (i-de22febc)>, <Node: node079 (i-dc22febe)>, <Node: node080 (i-a222fec0)>, <Node: node081 (i-a022fec2)>, <Node: node082 (i-a622fec4)>, <Node: node083 (i-a422fec6)>, <Node: node084 (i-aa22fec8)>, <Node: node085 (i-a822feca)>, <Node: node086 (i-ae22fecc)>, <Node: node087 (i-ac22fece)>, <Node: node088 (i-b222fed0)>, <Node: node089 (i-b022fed2)>, <Node: node090 (i-b622fed4)>, <Node: node091 (i-b422fed6)>, <Node: node092 (i-ba22fed8)>, <Node: node093 (i-b822feda)>, <Node: node094 (i-be22fedc)>, <Node: node095 (i-bc22fede)>, <Node: node096 (i-8222fee0)>, <Node: node097 (i-8022fee2)>, <Node: node098 (i-8622fee4)>, <Node: node099 (i-8422fee6)>, <Node: node100 (i-8a22fee8)>, <Node: node101 (i-8822feea)>, <Node: node102 (i-8e22feec)>, <Node: node103 (i-8c22feee)>, <Node: node104 (i-9222fef0)>, <Node: node105 (i-9022fef2)>, <Node: node106 (i-9622fef4)>, <Node: node107 (i-9422fef6)>, <Node: node108 (i-9a22fef8)>, <Node: node109 (i-9822fefa)>, <Node: node110 (i-9e22fefc)>, <Node: node111 (i-9c22fefe)>, <Node: node112 (i-6223ff00)>, <Node: node113 (i-6023ff02)>, <Node: node114 (i-6623ff04)>, <Node: node115 (i-6423ff06)>, <Node: node116 (i-6a23ff08)>, <Node: node117 (i-6823ff0a)>, <Node: node118 (i-6e23ff0c)>, <Node: node119 (i-6c23ff0e)>, <Node: node120 (i-7223ff10)>, <Node: node121 (i-7023ff12)>, <Node: node122 (i-7623ff14)>, <Node: node123 (i-7423ff16)>, <Node: node124 (i-7a23ff18)>, <Node: node125 (i-7823ff1a)>, <Node: node126 (i-7e23ff1c)>, <Node: node127 (i-7c23ff1e)>, <Node: node128 (i-4223ff20)>, <Node: node129 (i-4023ff22)>, <Node: node130 (i-4623ff24)>, <Node: node131 (i-4423ff26)>, <Node: node132 (i-4a23ff28)>, <Node: node133 (i-4823ff2a)>, <Node: node134 (i-4e23ff2c)>, <Node: node135 (i-4c23ff2e)>, <Node: node136 (i-5223ff30)>, <Node: node137 (i-5023ff32)>, <Node: node138 (i-5623ff34)>, <Node: node139 (i-5423ff36)>, <Node: node140 (i-5a23ff38)>, <Node: node141 (i-5823ff3a)>, <Node: node142 (i-5e23ff3c)>, <Node: node143 (i-5c23ff3e)>, <Node: node144 (i-2223ff40)>, <Node: node145 (i-2023ff42)>, <Node: node146 (i-2623ff44)>, <Node: node147 (i-2423ff46)>, <Node: node148 (i-2a23ff48)>, <Node: node149 (i-2823ff4a)>, <Node: node150 (i-2e23ff4c)>, <Node: node151 (i-2c23ff4e)>, <Node: node152 (i-3223ff50)>, <Node: node153 (i-3023ff52)>, <Node: node154 (i-3623ff54)>, <Node: node155 (i-3423ff56)>, <Node: node156 (i-3a23ff58)>, <Node: node157 (i-3823ff5a)>, <Node: node158 (i-3e23ff5c)>, <Node: node159 (i-3c23ff5e)>, <Node: node160 (i-0223ff60)>, <Node: node161 (i-0023ff62)>, <Node: node162 (i-0623ff64)>, <Node: node163 (i-0423ff66)>, <Node: node164 (i-0a23ff68)>, <Node: node165 (i-0823ff6a)>, <Node: node166 (i-0e23ff6c)>, <Node: node167 (i-0c23ff6e)>, <Node: node168 (i-1223ff70)>, <Node: node169 (i-1023ff72)>, <Node: node170 (i-1623ff74)>, <Node: node171 (i-1423ff76)>, <Node: node172 (i-1a23ff78)>, <Node: node173 (i-1823ff7a)>, <Node: node174 (i-1e23ff7c)>, <Node: node175 (i-1c23ff7e)>, <Node: node176 (i-e223ff80)>, <Node: node177 (i-e023ff82)>, <Node: node178 (i-e623ff84)>, <Node: node179 (i-e423ff86)>, <Node: node180 (i-ea23ff88)>, <Node: node181 (i-e823ff8a)>, <Node: node182 (i-ee23ff8c)>, <Node: node183 (i-ec23ff8e)>, <Node: node184 (i-f223ff90)>, <Node: node185 (i-f023ff92)>, <Node: node186 (i-f623ff94)>, <Node: node187 (i-f423ff96)>, <Node: node188 (i-fa23ff98)>, <Node: node189 (i-f823ff9a)>, <Node: node190 (i-fe23ff9c)>, <Node: node191 (i-fc23ff9e)>, <Node: node192 (i-c223ffa0)>, <Node: node193 (i-c023ffa2)>, <Node: node194 (i-c623ffa4)>, <Node: node195 (i-c423ffa6)>, <Node: node196 (i-ca23ffa8)>, <Node: node197 (i-c823ffaa)>, <Node: node198 (i-ce23ffac)>, <Node: node199 (i-cc23ffae)>]
2011-12-22 03:06:50,500 PID: 30641 ssh.py:91 - DEBUG - connecting to host ec2-107-21-128-191.compute-1.amazonaws.com on port 22 as user root
2011-12-22 03:06:54,543 PID: 30641 ssh.py:91 - DEBUG - connecting to host ec2-107-21-67-51.compute-1.amazonaws.com on port 22 as user root
2011-12-22 03:07:28,200 PID: 30641 ssh.py:91 - DEBUG - connecting to host ec2-50-17-49-61.compute-1.amazonaws.com on port 22 as user root
2011-12-22 03:07:31,824 PID: 30641 ssh.py:91 - DEBUG - connecting to host ec2-174-129-113-209.compute-1.amazonaws.com on port 22 as user root
2011-12-22 03:07:51,707 PID: 30641 cluster.py:660 - DEBUG - existing nodes: {u'i-6423ff06': <Node: node115 (i-6423ff06)>, u'i-0022fe62': <Node: node033 (i-0022fe62)>, u'i-ae22fecc': <Node: node086 (i-ae22fecc)>, u'i-a822feca': <Node: node085 (i-a822feca)>, u'i-1e23ff7c': <Node: node174 (i-1e23ff7c)>, u'i-f423ff96': <Node: node187 (i-f423ff96)>, u'i-d622feb4': <Node: node074 (i-d622feb4)>, u'i-2022fe42': <Node: node017 (i-2022fe42)>, u'i-f422fe96': <Node: node059 (i-f422fe96)>, u'i-e222fe80': <Node: node048 (i-e222fe80)>, u'i-b222fed0': <Node: node088 (i-b222fed0)>, u'i-2c22fe4e': <Node: node023 (i-2c22fe4e)>, u'i-3822fe5a': <Node: node029 (i-3822fe5a)>, u'i-0c23ff6e': <Node: node167 (i-0c23ff6e)>, u'i-8c22feee': <Node: node103 (i-8c22feee)>, u'i-7c23ff1e': <Node: node127 (i-7c23ff1e)>, u'i-f623ff94': <Node: node186 (i-f623ff94)>, u'i-8822feea': <Node: node101 (i-8822feea)>, u'i-3222fe50': <Node: node024 (i-3222fe50)>, u'i-5222fe30': <Node: node009 (i-5222fe30)>, u'i-4822fe2a': <Node: node006 (i-4822fe2a)>, u'i-a622fec4': <Node: node082 (i-a622fec4)>, u'i-f823ff9a': <Node: node189 (i-f823ff9a)>, u'i-4423ff26': <Node: node131 (i-4423ff26)>, u'i-6223ff00': <Node: node112 (i-6223ff00)>, u'i-4a23ff28': <Node: node132 (i-4a23ff28)>, u'i-7c22fe1e': <Node: master (i-7c22fe1e)>, u'i-2623ff44': <Node: node146 (i-2623ff44)>, u'i-c222fea0': <Node: node064 (i-c222fea0)>, u'i-2823ff4a': <Node: node149 (i-2823ff4a)>, u'i-1c22fe7e': <Node: node047 (i-1c22fe7e)>, u'i-5e23ff3c': <Node: node142 (i-5e23ff3c)>, u'i-4e22fe2c': <Node: node007 (i-4e22fe2c)>, u'i-4c23ff2e': <Node: node135 (i-4c23ff2e)>, u'i-9222fef0': <Node: node104 (i-9222fef0)>, u'i-da22feb8': <Node: node076 (i-da22feb8)>, u'i-7e23ff1c': <Node: node126 (i-7e23ff1c)>, u'i-5e22fe3c': <Node: node014 (i-5e22fe3c)>, u'i-5a23ff38': <Node: node140 (i-5a23ff38)>, u'i-ce22feac': <Node: node070 (i-ce22feac)>, u'i-8022fee2': <Node: node097 (i-8022fee2)>, u'i-f822fe9a': <Node: node061 (i-f822fe9a)>, u'i-e223ff80': <Node: node176 (i-e223ff80)>, u'i-0c22fe6e': <Node: node039 (i-0c22fe6e)>, u'i-5223ff30': <Node: node136 (i-5223ff30)>, u'i-2622fe44': <Node: node018 (i-2622fe44)>, u'i-5423ff36': <Node: node139 (i-5423ff36)>, u'i-6823ff0a': <Node: node117 (i-6823ff0a)>, u'i-4222fe20': <Node: node001 (i-4222fe20)>, u'i-4823ff2a': <Node: node133 (i-4823ff2a)>, u'i-9422fef6': <Node: node107 (i-9422fef6)>, u'i-7423ff16': <Node: node123 (i-7423ff16)>, u'i-1622fe74': <Node: node042 (i-1622fe74)>, u'i-1c23ff7e': <Node: node175 (i-1c23ff7e)>, u'i-0423ff66': <Node: node163 (i-0423ff66)>, u'i-7823ff1a': <Node: node125 (i-7823ff1a)>, u'i-1a22fe78': <Node: node044 (i-1a22fe78)>, u'i-5023ff32': <Node: node137 (i-5023ff32)>, u'i-2423ff46': <Node: node147 (i-2423ff46)>, u'i-4022fe22': <Node: node002 (i-4022fe22)>, u'i-7023ff12': <Node: node121 (i-7023ff12)>, u'i-b622fed4': <Node: node090 (i-b622fed4)>, u'i-f222fe90': <Node: node056 (i-f222fe90)>, u'i-ee22fe8c': <Node: node054 (i-ee22fe8c)>, u'i-c022fea2': <Node: node065 (i-c022fea2)>, u'i-5c23ff3e': <Node: node143 (i-5c23ff3e)>, u'i-1a23ff78': <Node: node172 (i-1a23ff78)>, u'i-1623ff74': <Node: node170 (i-1623ff74)>, u'i-fc23ff9e': <Node: node191 (i-fc23ff9e)>, u'i-2e22fe4c': <Node: node022 (i-2e22fe4c)>, u'i-ee23ff8c': <Node: node182 (i-ee23ff8c)>, u'i-e022fe82': <Node: node049 (i-e022fe82)>, u'i-8e22feec': <Node: node102 (i-8e22feec)>, u'i-9a22fef8': <Node: node108 (i-9a22fef8)>, u'i-5a22fe38': <Node: node012 (i-5a22fe38)>, u'i-3c23ff5e': <Node: node159 (i-3c23ff5e)>, u'i-de22febc': <Node: node078 (i-de22febc)>, u'i-fa23ff98': <Node: node188 (i-fa23ff98)>, u'i-4622fe24': <Node: node003 (i-4622fe24)>, u'i-b422fed6': <Node: node091 (i-b422fed6)>, u'i-9622fef4': <Node: node106 (i-9622fef4)>, u'i-6023ff02': <Node: node113 (i-6023ff02)>, u'i-1823ff7a': <Node: node173 (i-1823ff7a)>, u'i-f022fe92': <Node: node057 (i-f022fe92)>, u'i-3423ff56': <Node: node155 (i-3423ff56)>, u'i-fc22fe9e': <Node: node063 (i-fc22fe9e)>, u'i-c623ffa4': <Node: node194 (i-c623ffa4)>, u'i-a222fec0': <Node: node080 (i-a222fec0)>, u'i-0223ff60': <Node: node160 (i-0223ff60)>, u'i-3823ff5a': <Node: node157 (i-3823ff5a)>, u'i-ce23ffac': <Node: node198 (i-ce23ffac)>, u'i-2a22fe48': <Node: node020 (i-2a22fe48)>, u'i-2a23ff48': <Node: node148 (i-2a23ff48)>, u'i-2222fe40': <Node: node016 (i-2222fe40)>, u'i-0422fe66': <Node: node035 (i-0422fe66)>, u'i-7223ff10': <Node: node120 (i-7223ff10)>, u'i-ec22fe8e': <Node: node055 (i-ec22fe8e)>, u'i-ea22fe88': <Node: node052 (i-ea22fe88)>, u'i-e422fe86': <Node: node051 (i-e422fe86)>, u'i-c223ffa0': <Node: node192 (i-c223ffa0)>, u'i-1023ff72': <Node: node169 (i-1023ff72)>, u'i-7a23ff18': <Node: node124 (i-7a23ff18)>, u'i-fe22fe9c': <Node: node062 (i-fe22fe9c)>, u'i-c423ffa6': <Node: node195 (i-c423ffa6)>, u'i-f622fe94': <Node: node058 (i-f622fe94)>, u'i-0622fe64': <Node: node034 (i-0622fe64)>, u'i-2023ff42': <Node: node145 (i-2023ff42)>, u'i-0e23ff6c': <Node: node166 (i-0e23ff6c)>, u'i-0823ff6a': <Node: node165 (i-0823ff6a)>, u'i-1022fe72': <Node: node041 (i-1022fe72)>, u'i-0623ff64': <Node: node162 (i-0623ff64)>, u'i-cc22feae': <Node: node071 (i-cc22feae)>, u'i-0a22fe68': <Node: node036 (i-0a22fe68)>, u'i-6623ff04': <Node: node114 (i-6623ff04)>, u'i-aa22fec8': <Node: node084 (i-aa22fec8)>, u'i-2e23ff4c': <Node: node150 (i-2e23ff4c)>, u'i-c422fea6': <Node: node067 (i-c422fea6)>, u'i-ea23ff88': <Node: node180 (i-ea23ff88)>, u'i-d022feb2': <Node: node073 (i-d022feb2)>, u'i-4e23ff2c': <Node: node134 (i-4e23ff2c)>, u'i-3e23ff5c': <Node: node158 (i-3e23ff5c)>, u'i-e623ff84': <Node: node178 (i-e623ff84)>, u'i-5823ff3a': <Node: node141 (i-5823ff3a)>, u'i-3e22fe5c': <Node: node030 (i-3e22fe5c)>, u'i-0822fe6a': <Node: node037 (i-0822fe6a)>, u'i-c622fea4': <Node: node066 (i-c622fea4)>, u'i-dc22febe': <Node: node079 (i-dc22febe)>, u'i-0023ff62': <Node: node161 (i-0023ff62)>, u'i-1223ff70': <Node: node168 (i-1223ff70)>, u'i-c023ffa2': <Node: node193 (i-c023ffa2)>, u'i-0e22fe6c': <Node: node038 (i-0e22fe6c)>, u'i-6e23ff0c': <Node: node118 (i-6e23ff0c)>, u'i-c823ffaa': <Node: node197 (i-c823ffaa)>, u'i-2822fe4a': <Node: node021 (i-2822fe4a)>, u'i-1e22fe7c': <Node: node046 (i-1e22fe7c)>, u'i-3a22fe58': <Node: node028 (i-3a22fe58)>, u'i-e023ff82': <Node: node177 (i-e023ff82)>, u'i-bc22fede': <Node: node095 (i-bc22fede)>, u'i-d422feb6': <Node: node075 (i-d422feb6)>, u'i-5623ff34': <Node: node138 (i-5623ff34)>, u'i-1222fe70': <Node: node040 (i-1222fe70)>, u'i-9022fef2': <Node: node105 (i-9022fef2)>, u'i-b022fed2': <Node: node089 (i-b022fed2)>, u'i-be22fedc': <Node: node094 (i-be22fedc)>, u'i-a422fec6': <Node: node083 (i-a422fec6)>, u'i-0a23ff68': <Node: node164 (i-0a23ff68)>, u'i-3022fe52': <Node: node025 (i-3022fe52)>, u'i-d222feb0': <Node: node072 (i-d222feb0)>, u'i-4223ff20': <Node: node128 (i-4223ff20)>, u'i-c822feaa': <Node: node069 (i-c822feaa)>, u'i-8622fee4': <Node: node098 (i-8622fee4)>, u'i-4c22fe2e': <Node: node008 (i-4c22fe2e)>, u'i-4623ff24': <Node: node130 (i-4623ff24)>, u'i-cc23ffae': <Node: node199 (i-cc23ffae)>, u'i-1822fe7a': <Node: node045 (i-1822fe7a)>, u'i-1422fe76': <Node: node043 (i-1422fe76)>, u'i-fe23ff9c': <Node: node190 (i-fe23ff9c)>, u'i-5822fe3a': <Node: node013 (i-5822fe3a)>, u'i-2223ff40': <Node: node144 (i-2223ff40)>, u'i-f223ff90': <Node: node184 (i-f223ff90)>, u'i-b822feda': <Node: node093 (i-b822feda)>, u'i-3422fe56': <Node: node027 (i-3422fe56)>, u'i-3223ff50': <Node: node152 (i-3223ff50)>, u'i-0222fe60': <Node: node032 (i-0222fe60)>, u'i-ec23ff8e': <Node: node183 (i-ec23ff8e)>, u'i-2422fe46': <Node: node019 (i-2422fe46)>, u'i-3623ff54': <Node: node154 (i-3623ff54)>, u'i-4422fe26': <Node: node004 (i-4422fe26)>, u'i-4a22fe28': <Node: node005 (i-4a22fe28)>, u'i-3023ff52': <Node: node153 (i-3023ff52)>, u'i-5622fe34': <Node: node010 (i-5622fe34)>, u'i-3c22fe5e': <Node: node031 (i-3c22fe5e)>, u'i-a022fec2': <Node: node081 (i-a022fec2)>, u'i-9822fefa': <Node: node109 (i-9822fefa)>, u'i-3622fe54': <Node: node026 (i-3622fe54)>, u'i-4023ff22': <Node: node129 (i-4023ff22)>, u'i-e622fe84': <Node: node050 (i-e622fe84)>, u'i-d822feba': <Node: node077 (i-d822feba)>, u'i-5c22fe3e': <Node: node015 (i-5c22fe3e)>, u'i-3a23ff58': <Node: node156 (i-3a23ff58)>, u'i-ca23ffa8': <Node: node196 (i-ca23ffa8)>, u'i-e423ff86': <Node: node179 (i-e423ff86)>, u'i-e823ff8a': <Node: node181 (i-e823ff8a)>, u'i-8422fee6': <Node: node099 (i-8422fee6)>, u'i-1423ff76': <Node: node171 (i-1423ff76)>, u'i-8222fee0': <Node: node096 (i-8222fee0)>, u'i-f023ff92': <Node: node185 (i-f023ff92)>, u'i-ac22fece': <Node: node087 (i-ac22fece)>, u'i-9e22fefc': <Node: node110 (i-9e22fefc)>, u'i-8a22fee8': <Node: node100 (i-8a22fee8)>, u'i-5422fe36': <Node: node011 (i-5422fe36)>, u'i-2c23ff4e': <Node: node151 (i-2c23ff4e)>, u'i-9c22fefe': <Node: node111 (i-9c22fefe)>, u'i-7623ff14': <Node: node122 (i-7623ff14)>, u'i-6a23ff08': <Node: node116 (i-6a23ff08)>, u'i-fa22fe98': <Node: node060 (i-fa22fe98)>, u'i-ca22fea8': <Node: node068 (i-ca22fea8)>, u'i-e822fe8a': <Node: node053 (i-e822fe8a)>, u'i-ba22fed8': <Node: node092 (i-ba22fed8)>, u'i-6c23ff0e': <Node: node119 (i-6c23ff0e)>}
2011-12-22 03:07:51,707 PID: 30641 cluster.py:663 - DEBUG - updating existing node i-7c22fe1e in self._nodes
2011-12-22 03:07:51,708 PID: 30641 cluster.py:663 - DEBUG - updating existing node i-4222fe20 in self._nodes
2011-12-22 03:07:51,708 PID: 30641 cluster.py:663 - DEBUG - updating existing node i-4022fe22 in self._nodes
2011-12-22 03:07:51,708 PID: 30641 cluster.py:663 - DEBUG - updating existing node i-4622fe24 in self._nodes
2011-12-22 03:07:51,708 PID: 30641 cluster.py:663 - DEBUG - updating existing node i-4422fe26 in self._nodes
2011-12-22 03:07:51,709 PID: 30641 cluster.py:663 - DEBUG - updating existing node i-4a22fe28 in self._nodes
2011-12-22 03:07:51,709 PID: 30641 cluster.py:663 - DEBUG - updating existing node i-4822fe2a in self._nodes
2011-12-22 03:07:51,709 PID: 30641 cluster.py:663 - DEBUG - updating existing node i-4e22fe2c in self._nodes
2011-12-22 03:07:51,709 PID: 30641 cluster.py:663 - DEBUG - updating existing node i-4c22fe2e in self._nodes
2011-12-22 03:07:51,710 PID: 30641 cluster.py:663 - DEBUG - updating existing node i-5222fe30 in self._nodes
2011-12-22 03:07:51,710 PID: 30641 cluster.py:663 - DEBUG - updating existing node i-5622fe34 in self._nodes
2011-12-22 03:07:51,710 PID: 30641 cluster.py:663 - DEBUG - updating existing node i-5422fe36 in self._nodes
2011-12-22 03:07:51,710 PID: 30641 cluster.py:663 - DEBUG - updating existing node i-5a22fe38 in self._nodes
2011-12-22 03:07:51,710 PID: 30641 cluster.py:663 - DEBUG - updating existing node i-5822fe3a in self._nodes
2011-12-22 03:07:51,711 PID: 30641 cluster.py:663 - DEBUG - updating existing node i-5e22fe3c in self._nodes
2011-12-22 03:07:51,711 PID: 30641 cluster.py:663 - DEBUG - updating existing node i-5c22fe3e in self._nodes
2011-12-22 03:07:51,711 PID: 30641 cluster.py:663 - DEBUG - updating existing node i-2222fe40 in self._nodes
2011-12-22 03:07:51,712 PID: 30641 cluster.py:663 - DEBUG - updating existing node i-2022fe42 in self._nodes
2011-12-22 03:07:51,712 PID: 30641 cluster.py:663 - DEBUG - updating existing node i-2622fe44 in self._nodes
2011-12-22 03:07:51,712 PID: 30641 cluster.py:663 - DEBUG - updating existing node i-2422fe46 in self._nodes
2011-12-22 03:07:51,712 PID: 30641 cluster.py:663 - DEBUG - updating existing node i-2a22fe48 in self._nodes
2011-12-22 03:07:51,713 PID: 30641 cluster.py:663 - DEBUG - updating existing node i-2822fe4a in self._nodes
2011-12-22 03:07:51,713 PID: 30641 cluster.py:663 - DEBUG - updating existing node i-2e22fe4c in self._nodes
2011-12-22 03:07:51,713 PID: 30641 cluster.py:663 - DEBUG - updating existing node i-2c22fe4e in self._nodes
2011-12-22 03:07:51,713 PID: 30641 cluster.py:663 - DEBUG - updating existing node i-3222fe50 in self._nodes
2011-12-22 03:07:51,713 PID: 30641 cluster.py:663 - DEBUG - updating existing node i-3022fe52 in self._nodes
2011-12-22 03:07:51,714 PID: 30641 cluster.py:663 - DEBUG - updating existing node i-3622fe54 in self._nodes
2011-12-22 03:07:51,714 PID: 30641 cluster.py:663 - DEBUG - updating existing node i-3422fe56 in self._nodes
2011-12-22 03:07:51,714 PID: 30641 cluster.py:663 - DEBUG - updating existing node i-3a22fe58 in self._nodes
2011-12-22 03:07:51,714 PID: 30641 cluster.py:663 - DEBUG - updating existing node i-3822fe5a in self._nodes
2011-12-22 03:07:51,715 PID: 30641 cluster.py:663 - DEBUG - updating existing node i-3e22fe5c in self._nodes
2011-12-22 03:07:51,715 PID: 30641 cluster.py:663 - DEBUG - updating existing node i-3c22fe5e in self._nodes
2011-12-22 03:07:51,715 PID: 30641 cluster.py:663 - DEBUG - updating existing node i-0222fe60 in self._nodes
2011-12-22 03:07:51,715 PID: 30641 cluster.py:663 - DEBUG - updating existing node i-0022fe62 in self._nodes
2011-12-22 03:07:51,716 PID: 30641 cluster.py:663 - DEBUG - updating existing node i-0622fe64 in self._nodes
2011-12-22 03:07:51,716 PID: 30641 cluster.py:663 - DEBUG - updating existing node i-0422fe66 in self._nodes
2011-12-22 03:07:51,716 PID: 30641 cluster.py:663 - DEBUG - updating existing node i-0a22fe68 in self._nodes
2011-12-22 03:07:51,716 PID: 30641 cluster.py:663 - DEBUG - updating existing node i-0822fe6a in self._nodes
2011-12-22 03:07:51,716 PID: 30641 cluster.py:663 - DEBUG - updating existing node i-0e22fe6c in self._nodes
2011-12-22 03:07:51,717 PID: 30641 cluster.py:663 - DEBUG - updating existing node i-0c22fe6e in self._nodes
2011-12-22 03:07:51,717 PID: 30641 cluster.py:663 - DEBUG - updating existing node i-1222fe70 in self._nodes
2011-12-22 03:07:51,717 PID: 30641 cluster.py:663 - DEBUG - updating existing node i-1022fe72 in self._nodes
2011-12-22 03:07:51,717 PID: 30641 cluster.py:663 - DEBUG - updating existing node i-1622fe74 in self._nodes
2011-12-22 03:07:51,718 PID: 30641 cluster.py:663 - DEBUG - updating existing node i-1422fe76 in self._nodes
2011-12-22 03:07:51,718 PID: 30641 cluster.py:663 - DEBUG - updating existing node i-1a22fe78 in self._nodes
2011-12-22 03:07:51,718 PID: 30641 cluster.py:663 - DEBUG - updating existing node i-1822fe7a in self._nodes
2011-12-22 03:07:51,719 PID: 30641 cluster.py:663 - DEBUG - updating existing node i-1e22fe7c in self._nodes
2011-12-22 03:07:51,719 PID: 30641 cluster.py:663 - DEBUG - updating existing node i-1c22fe7e in self._nodes
2011-12-22 03:07:51,719 PID: 30641 cluster.py:663 - DEBUG - updating existing node i-e222fe80 in self._nodes
2011-12-22 03:07:51,719 PID: 30641 cluster.py:663 - DEBUG - updating existing node i-e022fe82 in self._nodes
2011-12-22 03:07:51,720 PID: 30641 cluster.py:663 - DEBUG - updating existing node i-e622fe84 in self._nodes
2011-12-22 03:07:51,720 PID: 30641 cluster.py:663 - DEBUG - updating existing node i-e422fe86 in self._nodes
2011-12-22 03:07:51,720 PID: 30641 cluster.py:663 - DEBUG - updating existing node i-ea22fe88 in self._nodes
2011-12-22 03:07:51,720 PID: 30641 cluster.py:663 - DEBUG - updating existing node i-e822fe8a in self._nodes
2011-12-22 03:07:51,721 PID: 30641 cluster.py:663 - DEBUG - updating existing node i-ee22fe8c in self._nodes
2011-12-22 03:07:51,721 PID: 30641 cluster.py:663 - DEBUG - updating existing node i-ec22fe8e in self._nodes
2011-12-22 03:07:51,721 PID: 30641 cluster.py:663 - DEBUG - updating existing node i-f222fe90 in self._nodes
2011-12-22 03:07:51,721 PID: 30641 cluster.py:663 - DEBUG - updating existing node i-f022fe92 in self._nodes
2011-12-22 03:07:51,721 PID: 30641 cluster.py:663 - DEBUG - updating existing node i-f622fe94 in self._nodes
2011-12-22 03:07:51,722 PID: 30641 cluster.py:663 - DEBUG - updating existing node i-f422fe96 in self._nodes
2011-12-22 03:07:51,722 PID: 30641 cluster.py:663 - DEBUG - updating existing node i-fa22fe98 in self._nodes
2011-12-22 03:07:51,722 PID: 30641 cluster.py:663 - DEBUG - updating existing node i-f822fe9a in self._nodes
2011-12-22 03:07:51,723 PID: 30641 cluster.py:663 - DEBUG - updating existing node i-fe22fe9c in self._nodes
2011-12-22 03:07:51,723 PID: 30641 cluster.py:663 - DEBUG - updating existing node i-fc22fe9e in self._nodes
2011-12-22 03:07:51,723 PID: 30641 cluster.py:663 - DEBUG - updating existing node i-c222fea0 in self._nodes
2011-12-22 03:07:51,723 PID: 30641 cluster.py:663 - DEBUG - updating existing node i-c022fea2 in self._nodes
2011-12-22 03:07:51,724 PID: 30641 cluster.py:663 - DEBUG - updating existing node i-c622fea4 in self._nodes
2011-12-22 03:07:51,724 PID: 30641 cluster.py:663 - DEBUG - updating existing node i-c422fea6 in self._nodes
2011-12-22 03:07:51,724 PID: 30641 cluster.py:663 - DEBUG - updating existing node i-ca22fea8 in self._nodes
2011-12-22 03:07:51,724 PID: 30641 cluster.py:663 - DEBUG - updating existing node i-c822feaa in self._nodes
2011-12-22 03:07:51,725 PID: 30641 cluster.py:663 - DEBUG - updating existing node i-ce22feac in self._nodes
2011-12-22 03:07:51,725 PID: 30641 cluster.py:663 - DEBUG - updating existing node i-cc22feae in self._nodes
2011-12-22 03:07:51,725 PID: 30641 cluster.py:663 - DEBUG - updating existing node i-d222feb0 in self._nodes
2011-12-22 03:07:51,725 PID: 30641 cluster.py:663 - DEBUG - updating existing node i-d022feb2 in self._nodes
2011-12-22 03:07:51,725 PID: 30641 cluster.py:663 - DEBUG - updating existing node i-d622feb4 in self._nodes
2011-12-22 03:07:51,726 PID: 30641 cluster.py:663 - DEBUG - updating existing node i-d422feb6 in self._nodes
2011-12-22 03:07:51,726 PID: 30641 cluster.py:663 - DEBUG - updating existing node i-da22feb8 in self._nodes
2011-12-22 03:07:51,726 PID: 30641 cluster.py:663 - DEBUG - updating existing node i-d822feba in self._nodes
2011-12-22 03:07:51,726 PID: 30641 cluster.py:663 - DEBUG - updating existing node i-de22febc in self._nodes
2011-12-22 03:07:51,727 PID: 30641 cluster.py:663 - DEBUG - updating existing node i-dc22febe in self._nodes
2011-12-22 03:07:51,727 PID: 30641 cluster.py:663 - DEBUG - updating existing node i-a222fec0 in self._nodes
2011-12-22 03:07:51,727 PID: 30641 cluster.py:663 - DEBUG - updating existing node i-a022fec2 in self._nodes
2011-12-22 03:07:51,727 PID: 30641 cluster.py:663 - DEBUG - updating existing node i-a622fec4 in self._nodes
2011-12-22 03:07:51,728 PID: 30641 cluster.py:663 - DEBUG - updating existing node i-a422fec6 in self._nodes
2011-12-22 03:07:51,728 PID: 30641 cluster.py:663 - DEBUG - updating existing node i-aa22fec8 in self._nodes
2011-12-22 03:07:51,728 PID: 30641 cluster.py:663 - DEBUG - updating existing node i-a822feca in self._nodes
2011-12-22 03:07:51,728 PID: 30641 cluster.py:663 - DEBUG - updating existing node i-ae22fecc in self._nodes
2011-12-22 03:07:51,728 PID: 30641 cluster.py:663 - DEBUG - updating existing node i-ac22fece in self._nodes
2011-12-22 03:07:51,729 PID: 30641 cluster.py:663 - DEBUG - updating existing node i-b222fed0 in self._nodes
2011-12-22 03:07:51,729 PID: 30641 cluster.py:663 - DEBUG - updating existing node i-b022fed2 in self._nodes
2011-12-22 03:07:51,729 PID: 30641 cluster.py:663 - DEBUG - updating existing node i-b622fed4 in self._nodes
2011-12-22 03:07:51,729 PID: 30641 cluster.py:663 - DEBUG - updating existing node i-b422fed6 in self._nodes
2011-12-22 03:07:51,730 PID: 30641 cluster.py:663 - DEBUG - updating existing node i-ba22fed8 in self._nodes
2011-12-22 03:07:51,730 PID: 30641 cluster.py:663 - DEBUG - updating existing node i-b822feda in self._nodes
2011-12-22 03:07:51,730 PID: 30641 cluster.py:663 - DEBUG - updating existing node i-be22fedc in self._nodes
2011-12-22 03:07:51,730 PID: 30641 cluster.py:663 - DEBUG - updating existing node i-bc22fede in self._nodes
2011-12-22 03:07:51,731 PID: 30641 cluster.py:663 - DEBUG - updating existing node i-8222fee0 in self._nodes
2011-12-22 03:07:51,731 PID: 30641 cluster.py:663 - DEBUG - updating existing node i-8022fee2 in self._nodes
2011-12-22 03:07:51,731 PID: 30641 cluster.py:663 - DEBUG - updating existing node i-8622fee4 in self._nodes
2011-12-22 03:07:51,731 PID: 30641 cluster.py:663 - DEBUG - updating existing node i-8422fee6 in self._nodes
2011-12-22 03:07:51,731 PID: 30641 cluster.py:663 - DEBUG - updating existing node i-8a22fee8 in self._nodes
2011-12-22 03:07:51,732 PID: 30641 cluster.py:663 - DEBUG - updating existing node i-8822feea in self._nodes
2011-12-22 03:07:51,732 PID: 30641 cluster.py:663 - DEBUG - updating existing node i-8e22feec in self._nodes
2011-12-22 03:07:51,732 PID: 30641 cluster.py:663 - DEBUG - updating existing node i-8c22feee in self._nodes
2011-12-22 03:07:51,732 PID: 30641 cluster.py:663 - DEBUG - updating existing node i-9222fef0 in self._nodes
2011-12-22 03:07:51,733 PID: 30641 cluster.py:663 - DEBUG - updating existing node i-9022fef2 in self._nodes
2011-12-22 03:07:51,733 PID: 30641 cluster.py:663 - DEBUG - updating existing node i-9622fef4 in self._nodes
2011-12-22 03:07:51,733 PID: 30641 cluster.py:663 - DEBUG - updating existing node i-9422fef6 in self._nodes
2011-12-22 03:07:51,733 PID: 30641 cluster.py:663 - DEBUG - updating existing node i-9a22fef8 in self._nodes
2011-12-22 03:07:51,734 PID: 30641 cluster.py:663 - DEBUG - updating existing node i-9822fefa in self._nodes
2011-12-22 03:07:51,734 PID: 30641 cluster.py:663 - DEBUG - updating existing node i-9e22fefc in self._nodes
2011-12-22 03:07:51,734 PID: 30641 cluster.py:663 - DEBUG - updating existing node i-9c22fefe in self._nodes
2011-12-22 03:07:51,734 PID: 30641 cluster.py:663 - DEBUG - updating existing node i-6223ff00 in self._nodes
2011-12-22 03:07:51,735 PID: 30641 cluster.py:663 - DEBUG - updating existing node i-6023ff02 in self._nodes
2011-12-22 03:07:51,735 PID: 30641 cluster.py:663 - DEBUG - updating existing node i-6623ff04 in self._nodes
2011-12-22 03:07:51,735 PID: 30641 cluster.py:663 - DEBUG - updating existing node i-6423ff06 in self._nodes
2011-12-22 03:07:51,735 PID: 30641 cluster.py:663 - DEBUG - updating existing node i-6a23ff08 in self._nodes
2011-12-22 03:07:51,735 PID: 30641 cluster.py:663 - DEBUG - updating existing node i-6823ff0a in self._nodes
2011-12-22 03:07:51,736 PID: 30641 cluster.py:663 - DEBUG - updating existing node i-6e23ff0c in self._nodes
2011-12-22 03:07:51,736 PID: 30641 cluster.py:663 - DEBUG - updating existing node i-6c23ff0e in self._nodes
2011-12-22 03:07:51,736 PID: 30641 cluster.py:663 - DEBUG - updating existing node i-7223ff10 in self._nodes
2011-12-22 03:07:51,736 PID: 30641 cluster.py:663 - DEBUG - updating existing node i-7023ff12 in self._nodes
2011-12-22 03:07:51,737 PID: 30641 cluster.py:663 - DEBUG - updating existing node i-7623ff14 in self._nodes
2011-12-22 03:07:51,737 PID: 30641 cluster.py:663 - DEBUG - updating existing node i-7423ff16 in self._nodes
2011-12-22 03:07:51,737 PID: 30641 cluster.py:663 - DEBUG - updating existing node i-7a23ff18 in self._nodes
2011-12-22 03:07:51,737 PID: 30641 cluster.py:663 - DEBUG - updating existing node i-7823ff1a in self._nodes
2011-12-22 03:07:51,738 PID: 30641 cluster.py:663 - DEBUG - updating existing node i-7e23ff1c in self._nodes
2011-12-22 03:07:51,738 PID: 30641 cluster.py:663 - DEBUG - updating existing node i-7c23ff1e in self._nodes
2011-12-22 03:07:51,738 PID: 30641 cluster.py:663 - DEBUG - updating existing node i-4223ff20 in self._nodes
2011-12-22 03:07:51,738 PID: 30641 cluster.py:663 - DEBUG - updating existing node i-4023ff22 in self._nodes
2011-12-22 03:07:51,738 PID: 30641 cluster.py:663 - DEBUG - updating existing node i-4623ff24 in self._nodes
2011-12-22 03:07:51,739 PID: 30641 cluster.py:663 - DEBUG - updating existing node i-4423ff26 in self._nodes
2011-12-22 03:07:51,739 PID: 30641 cluster.py:663 - DEBUG - updating existing node i-4a23ff28 in self._nodes
2011-12-22 03:07:51,739 PID: 30641 cluster.py:663 - DEBUG - updating existing node i-4823ff2a in self._nodes
2011-12-22 03:07:51,740 PID: 30641 cluster.py:663 - DEBUG - updating existing node i-4e23ff2c in self._nodes
2011-12-22 03:07:51,740 PID: 30641 cluster.py:663 - DEBUG - updating existing node i-4c23ff2e in self._nodes
2011-12-22 03:07:51,740 PID: 30641 cluster.py:663 - DEBUG - updating existing node i-5223ff30 in self._nodes
2011-12-22 03:07:51,740 PID: 30641 cluster.py:663 - DEBUG - updating existing node i-5023ff32 in self._nodes
2011-12-22 03:07:51,741 PID: 30641 cluster.py:663 - DEBUG - updating existing node i-5623ff34 in self._nodes
2011-12-22 03:07:51,741 PID: 30641 cluster.py:663 - DEBUG - updating existing node i-5423ff36 in self._nodes
2011-12-22 03:07:51,741 PID: 30641 cluster.py:663 - DEBUG - updating existing node i-5a23ff38 in self._nodes
2011-12-22 03:07:51,741 PID: 30641 cluster.py:663 - DEBUG - updating existing node i-5823ff3a in self._nodes
2011-12-22 03:07:51,742 PID: 30641 cluster.py:663 - DEBUG - updating existing node i-5e23ff3c in self._nodes
2011-12-22 03:07:51,742 PID: 30641 cluster.py:663 - DEBUG - updating existing node i-5c23ff3e in self._nodes
2011-12-22 03:07:51,742 PID: 30641 cluster.py:663 - DEBUG - updating existing node i-2223ff40 in self._nodes
2011-12-22 03:07:51,742 PID: 30641 cluster.py:663 - DEBUG - updating existing node i-2023ff42 in self._nodes
2011-12-22 03:07:51,742 PID: 30641 cluster.py:663 - DEBUG - updating existing node i-2623ff44 in self._nodes
2011-12-22 03:07:51,743 PID: 30641 cluster.py:663 - DEBUG - updating existing node i-2423ff46 in self._nodes
2011-12-22 03:07:51,743 PID: 30641 cluster.py:663 - DEBUG - updating existing node i-2a23ff48 in self._nodes
2011-12-22 03:07:51,743 PID: 30641 cluster.py:663 - DEBUG - updating existing node i-2823ff4a in self._nodes
2011-12-22 03:07:51,743 PID: 30641 cluster.py:663 - DEBUG - updating existing node i-2e23ff4c in self._nodes
2011-12-22 03:07:51,744 PID: 30641 cluster.py:663 - DEBUG - updating existing node i-2c23ff4e in self._nodes
2011-12-22 03:07:51,744 PID: 30641 cluster.py:663 - DEBUG - updating existing node i-3223ff50 in self._nodes
2011-12-22 03:07:51,744 PID: 30641 cluster.py:663 - DEBUG - updating existing node i-3023ff52 in self._nodes
2011-12-22 03:07:51,744 PID: 30641 cluster.py:663 - DEBUG - updating existing node i-3623ff54 in self._nodes
2011-12-22 03:07:51,745 PID: 30641 cluster.py:663 - DEBUG - updating existing node i-3423ff56 in self._nodes
2011-12-22 03:07:51,745 PID: 30641 cluster.py:663 - DEBUG - updating existing node i-3a23ff58 in self._nodes
2011-12-22 03:07:51,745 PID: 30641 cluster.py:663 - DEBUG - updating existing node i-3823ff5a in self._nodes
2011-12-22 03:07:51,745 PID: 30641 cluster.py:663 - DEBUG - updating existing node i-3e23ff5c in self._nodes
2011-12-22 03:07:51,745 PID: 30641 cluster.py:663 - DEBUG - updating existing node i-3c23ff5e in self._nodes
2011-12-22 03:07:51,746 PID: 30641 cluster.py:663 - DEBUG - updating existing node i-0223ff60 in self._nodes
2011-12-22 03:07:51,746 PID: 30641 cluster.py:663 - DEBUG - updating existing node i-0023ff62 in self._nodes
2011-12-22 03:07:51,746 PID: 30641 cluster.py:663 - DEBUG - updating existing node i-0623ff64 in self._nodes
2011-12-22 03:07:51,747 PID: 30641 cluster.py:663 - DEBUG - updating existing node i-0423ff66 in self._nodes
2011-12-22 03:07:51,747 PID: 30641 cluster.py:663 - DEBUG - updating existing node i-0a23ff68 in self._nodes
2011-12-22 03:07:51,747 PID: 30641 cluster.py:663 - DEBUG - updating existing node i-0823ff6a in self._nodes
2011-12-22 03:07:51,747 PID: 30641 cluster.py:663 - DEBUG - updating existing node i-0e23ff6c in self._nodes
2011-12-22 03:07:51,747 PID: 30641 cluster.py:663 - DEBUG - updating existing node i-0c23ff6e in self._nodes
2011-12-22 03:07:51,748 PID: 30641 cluster.py:663 - DEBUG - updating existing node i-1223ff70 in self._nodes
2011-12-22 03:07:51,748 PID: 30641 cluster.py:663 - DEBUG - updating existing node i-1023ff72 in self._nodes
2011-12-22 03:07:51,748 PID: 30641 cluster.py:663 - DEBUG - updating existing node i-1623ff74 in self._nodes
2011-12-22 03:07:51,748 PID: 30641 cluster.py:663 - DEBUG - updating existing node i-1423ff76 in self._nodes
2011-12-22 03:07:51,749 PID: 30641 cluster.py:663 - DEBUG - updating existing node i-1a23ff78 in self._nodes
2011-12-22 03:07:51,749 PID: 30641 cluster.py:663 - DEBUG - updating existing node i-1823ff7a in self._nodes
2011-12-22 03:07:51,749 PID: 30641 cluster.py:663 - DEBUG - updating existing node i-1e23ff7c in self._nodes
2011-12-22 03:07:51,749 PID: 30641 cluster.py:663 - DEBUG - updating existing node i-1c23ff7e in self._nodes
2011-12-22 03:07:51,749 PID: 30641 cluster.py:663 - DEBUG - updating existing node i-e223ff80 in self._nodes
2011-12-22 03:07:51,750 PID: 30641 cluster.py:663 - DEBUG - updating existing node i-e023ff82 in self._nodes
2011-12-22 03:07:51,750 PID: 30641 cluster.py:663 - DEBUG - updating existing node i-e623ff84 in self._nodes
2011-12-22 03:07:51,750 PID: 30641 cluster.py:663 - DEBUG - updating existing node i-e423ff86 in self._nodes
2011-12-22 03:07:51,750 PID: 30641 cluster.py:663 - DEBUG - updating existing node i-ea23ff88 in self._nodes
2011-12-22 03:07:51,751 PID: 30641 cluster.py:663 - DEBUG - updating existing node i-e823ff8a in self._nodes
2011-12-22 03:07:51,751 PID: 30641 cluster.py:663 - DEBUG - updating existing node i-ee23ff8c in self._nodes
2011-12-22 03:07:51,751 PID: 30641 cluster.py:663 - DEBUG - updating existing node i-ec23ff8e in self._nodes
2011-12-22 03:07:51,751 PID: 30641 cluster.py:663 - DEBUG - updating existing node i-f223ff90 in self._nodes
2011-12-22 03:07:51,752 PID: 30641 cluster.py:663 - DEBUG - updating existing node i-f023ff92 in self._nodes
2011-12-22 03:07:51,752 PID: 30641 cluster.py:663 - DEBUG - updating existing node i-f623ff94 in self._nodes
2011-12-22 03:07:51,752 PID: 30641 cluster.py:663 - DEBUG - updating existing node i-f423ff96 in self._nodes
2011-12-22 03:07:51,752 PID: 30641 cluster.py:663 - DEBUG - updating existing node i-fa23ff98 in self._nodes
2011-12-22 03:07:51,752 PID: 30641 cluster.py:663 - DEBUG - updating existing node i-f823ff9a in self._nodes
2011-12-22 03:07:51,753 PID: 30641 cluster.py:663 - DEBUG - updating existing node i-fe23ff9c in self._nodes
2011-12-22 03:07:51,753 PID: 30641 cluster.py:663 - DEBUG - updating existing node i-fc23ff9e in self._nodes
2011-12-22 03:07:51,753 PID: 30641 cluster.py:663 - DEBUG - updating existing node i-c223ffa0 in self._nodes
2011-12-22 03:07:51,753 PID: 30641 cluster.py:663 - DEBUG - updating existing node i-c023ffa2 in self._nodes
2011-12-22 03:07:51,754 PID: 30641 cluster.py:663 - DEBUG - updating existing node i-c623ffa4 in self._nodes
2011-12-22 03:07:51,754 PID: 30641 cluster.py:663 - DEBUG - updating existing node i-c423ffa6 in self._nodes
2011-12-22 03:07:51,754 PID: 30641 cluster.py:663 - DEBUG - updating existing node i-ca23ffa8 in self._nodes
2011-12-22 03:07:51,754 PID: 30641 cluster.py:663 - DEBUG - updating existing node i-c823ffaa in self._nodes
2011-12-22 03:07:51,755 PID: 30641 cluster.py:663 - DEBUG - updating existing node i-ce23ffac in self._nodes
2011-12-22 03:07:51,755 PID: 30641 cluster.py:663 - DEBUG - updating existing node i-cc23ffae in self._nodes
2011-12-22 03:07:51,756 PID: 30641 cluster.py:676 - DEBUG - returning self._nodes = [<Node: master (i-7c22fe1e)>, <Node: node001 (i-4222fe20)>, <Node: node002 (i-4022fe22)>, <Node: node003 (i-4622fe24)>, <Node: node004 (i-4422fe26)>, <Node: node005 (i-4a22fe28)>, <Node: node006 (i-4822fe2a)>, <Node: node007 (i-4e22fe2c)>, <Node: node008 (i-4c22fe2e)>, <Node: node009 (i-5222fe30)>, <Node: node010 (i-5622fe34)>, <Node: node011 (i-5422fe36)>, <Node: node012 (i-5a22fe38)>, <Node: node013 (i-5822fe3a)>, <Node: node014 (i-5e22fe3c)>, <Node: node015 (i-5c22fe3e)>, <Node: node016 (i-2222fe40)>, <Node: node017 (i-2022fe42)>, <Node: node018 (i-2622fe44)>, <Node: node019 (i-2422fe46)>, <Node: node020 (i-2a22fe48)>, <Node: node021 (i-2822fe4a)>, <Node: node022 (i-2e22fe4c)>, <Node: node023 (i-2c22fe4e)>, <Node: node024 (i-3222fe50)>, <Node: node025 (i-3022fe52)>, <Node: node026 (i-3622fe54)>, <Node: node027 (i-3422fe56)>, <Node: node028 (i-3a22fe58)>, <Node: node029 (i-3822fe5a)>, <Node: node030 (i-3e22fe5c)>, <Node: node031 (i-3c22fe5e)>, <Node: node032 (i-0222fe60)>, <Node: node033 (i-0022fe62)>, <Node: node034 (i-0622fe64)>, <Node: node035 (i-0422fe66)>, <Node: node036 (i-0a22fe68)>, <Node: node037 (i-0822fe6a)>, <Node: node038 (i-0e22fe6c)>, <Node: node039 (i-0c22fe6e)>, <Node: node040 (i-1222fe70)>, <Node: node041 (i-1022fe72)>, <Node: node042 (i-1622fe74)>, <Node: node043 (i-1422fe76)>, <Node: node044 (i-1a22fe78)>, <Node: node045 (i-1822fe7a)>, <Node: node046 (i-1e22fe7c)>, <Node: node047 (i-1c22fe7e)>, <Node: node048 (i-e222fe80)>, <Node: node049 (i-e022fe82)>, <Node: node050 (i-e622fe84)>, <Node: node051 (i-e422fe86)>, <Node: node052 (i-ea22fe88)>, <Node: node053 (i-e822fe8a)>, <Node: node054 (i-ee22fe8c)>, <Node: node055 (i-ec22fe8e)>, <Node: node056 (i-f222fe90)>, <Node: node057 (i-f022fe92)>, <Node: node058 (i-f622fe94)>, <Node: node059 (i-f422fe96)>, <Node: node060 (i-fa22fe98)>, <Node: node061 (i-f822fe9a)>, <Node: node062 (i-fe22fe9c)>, <Node: node063 (i-fc22fe9e)>, <Node: node064 (i-c222fea0)>, <Node: node065 (i-c022fea2)>, <Node: node066 (i-c622fea4)>, <Node: node067 (i-c422fea6)>, <Node: node068 (i-ca22fea8)>, <Node: node069 (i-c822feaa)>, <Node: node070 (i-ce22feac)>, <Node: node071 (i-cc22feae)>, <Node: node072 (i-d222feb0)>, <Node: node073 (i-d022feb2)>, <Node: node074 (i-d622feb4)>, <Node: node075 (i-d422feb6)>, <Node: node076 (i-da22feb8)>, <Node: node077 (i-d822feba)>, <Node: node078 (i-de22febc)>, <Node: node079 (i-dc22febe)>, <Node: node080 (i-a222fec0)>, <Node: node081 (i-a022fec2)>, <Node: node082 (i-a622fec4)>, <Node: node083 (i-a422fec6)>, <Node: node084 (i-aa22fec8)>, <Node: node085 (i-a822feca)>, <Node: node086 (i-ae22fecc)>, <Node: node087 (i-ac22fece)>, <Node: node088 (i-b222fed0)>, <Node: node089 (i-b022fed2)>, <Node: node090 (i-b622fed4)>, <Node: node091 (i-b422fed6)>, <Node: node092 (i-ba22fed8)>, <Node: node093 (i-b822feda)>, <Node: node094 (i-be22fedc)>, <Node: node095 (i-bc22fede)>, <Node: node096 (i-8222fee0)>, <Node: node097 (i-8022fee2)>, <Node: node098 (i-8622fee4)>, <Node: node099 (i-8422fee6)>, <Node: node100 (i-8a22fee8)>, <Node: node101 (i-8822feea)>, <Node: node102 (i-8e22feec)>, <Node: node103 (i-8c22feee)>, <Node: node104 (i-9222fef0)>, <Node: node105 (i-9022fef2)>, <Node: node106 (i-9622fef4)>, <Node: node107 (i-9422fef6)>, <Node: node108 (i-9a22fef8)>, <Node: node109 (i-9822fefa)>, <Node: node110 (i-9e22fefc)>, <Node: node111 (i-9c22fefe)>, <Node: node112 (i-6223ff00)>, <Node: node113 (i-6023ff02)>, <Node: node114 (i-6623ff04)>, <Node: node115 (i-6423ff06)>, <Node: node116 (i-6a23ff08)>, <Node: node117 (i-6823ff0a)>, <Node: node118 (i-6e23ff0c)>, <Node: node119 (i-6c23ff0e)>, <Node: node120 (i-7223ff10)>, <Node: node121 (i-7023ff12)>, <Node: node122 (i-7623ff14)>, <Node: node123 (i-7423ff16)>, <Node: node124 (i-7a23ff18)>, <Node: node125 (i-7823ff1a)>, <Node: node126 (i-7e23ff1c)>, <Node: node127 (i-7c23ff1e)>, <Node: node128 (i-4223ff20)>, <Node: node129 (i-4023ff22)>, <Node: node130 (i-4623ff24)>, <Node: node131 (i-4423ff26)>, <Node: node132 (i-4a23ff28)>, <Node: node133 (i-4823ff2a)>, <Node: node134 (i-4e23ff2c)>, <Node: node135 (i-4c23ff2e)>, <Node: node136 (i-5223ff30)>, <Node: node137 (i-5023ff32)>, <Node: node138 (i-5623ff34)>, <Node: node139 (i-5423ff36)>, <Node: node140 (i-5a23ff38)>, <Node: node141 (i-5823ff3a)>, <Node: node142 (i-5e23ff3c)>, <Node: node143 (i-5c23ff3e)>, <Node: node144 (i-2223ff40)>, <Node: node145 (i-2023ff42)>, <Node: node146 (i-2623ff44)>, <Node: node147 (i-2423ff46)>, <Node: node148 (i-2a23ff48)>, <Node: node149 (i-2823ff4a)>, <Node: node150 (i-2e23ff4c)>, <Node: node151 (i-2c23ff4e)>, <Node: node152 (i-3223ff50)>, <Node: node153 (i-3023ff52)>, <Node: node154 (i-3623ff54)>, <Node: node155 (i-3423ff56)>, <Node: node156 (i-3a23ff58)>, <Node: node157 (i-3823ff5a)>, <Node: node158 (i-3e23ff5c)>, <Node: node159 (i-3c23ff5e)>, <Node: node160 (i-0223ff60)>, <Node: node161 (i-0023ff62)>, <Node: node162 (i-0623ff64)>, <Node: node163 (i-0423ff66)>, <Node: node164 (i-0a23ff68)>, <Node: node165 (i-0823ff6a)>, <Node: node166 (i-0e23ff6c)>, <Node: node167 (i-0c23ff6e)>, <Node: node168 (i-1223ff70)>, <Node: node169 (i-1023ff72)>, <Node: node170 (i-1623ff74)>, <Node: node171 (i-1423ff76)>, <Node: node172 (i-1a23ff78)>, <Node: node173 (i-1823ff7a)>, <Node: node174 (i-1e23ff7c)>, <Node: node175 (i-1c23ff7e)>, <Node: node176 (i-e223ff80)>, <Node: node177 (i-e023ff82)>, <Node: node178 (i-e623ff84)>, <Node: node179 (i-e423ff86)>, <Node: node180 (i-ea23ff88)>, <Node: node181 (i-e823ff8a)>, <Node: node182 (i-ee23ff8c)>, <Node: node183 (i-ec23ff8e)>, <Node: node184 (i-f223ff90)>, <Node: node185 (i-f023ff92)>, <Node: node186 (i-f623ff94)>, <Node: node187 (i-f423ff96)>, <Node: node188 (i-fa23ff98)>, <Node: node189 (i-f823ff9a)>, <Node: node190 (i-fe23ff9c)>, <Node: node191 (i-fc23ff9e)>, <Node: node192 (i-c223ffa0)>, <Node: node193 (i-c023ffa2)>, <Node: node194 (i-c623ffa4)>, <Node: node195 (i-c423ffa6)>, <Node: node196 (i-ca23ffa8)>, <Node: node197 (i-c823ffaa)>, <Node: node198 (i-ce23ffac)>, <Node: node199 (i-cc23ffae)>]
2011-12-22 03:07:59,330 PID: 30641 ssh.py:91 - DEBUG - connecting to host ec2-107-21-128-191.compute-1.amazonaws.com on port 22 as user root
2011-12-22 03:08:03,713 PID: 30641 ssh.py:91 - DEBUG - connecting to host ec2-107-21-67-51.compute-1.amazonaws.com on port 22 as user root
2011-12-22 03:08:38,427 PID: 30641 ssh.py:91 - DEBUG - connecting to host ec2-50-17-49-61.compute-1.amazonaws.com on port 22 as user root
2011-12-22 03:08:42,009 PID: 30641 ssh.py:91 - DEBUG - connecting to host ec2-174-129-113-209.compute-1.amazonaws.com on port 22 as user root
2011-12-22 03:09:02,837 PID: 30641 cluster.py:660 - DEBUG - existing nodes: {u'i-6423ff06': <Node: node115 (i-6423ff06)>, u'i-0022fe62': <Node: node033 (i-0022fe62)>, u'i-ae22fecc': <Node: node086 (i-ae22fecc)>, u'i-a822feca': <Node: node085 (i-a822feca)>, u'i-1e23ff7c': <Node: node174 (i-1e23ff7c)>, u'i-f423ff96': <Node: node187 (i-f423ff96)>, u'i-d622feb4': <Node: node074 (i-d622feb4)>, u'i-2022fe42': <Node: node017 (i-2022fe42)>, u'i-f422fe96': <Node: node059 (i-f422fe96)>, u'i-e222fe80': <Node: node048 (i-e222fe80)>, u'i-b222fed0': <Node: node088 (i-b222fed0)>, u'i-2c22fe4e': <Node: node023 (i-2c22fe4e)>, u'i-3822fe5a': <Node: node029 (i-3822fe5a)>, u'i-0c23ff6e': <Node: node167 (i-0c23ff6e)>, u'i-8c22feee': <Node: node103 (i-8c22feee)>, u'i-7c23ff1e': <Node: node127 (i-7c23ff1e)>, u'i-f623ff94': <Node: node186 (i-f623ff94)>, u'i-8822feea': <Node: node101 (i-8822feea)>, u'i-3222fe50': <Node: node024 (i-3222fe50)>, u'i-5222fe30': <Node: node009 (i-5222fe30)>, u'i-4822fe2a': <Node: node006 (i-4822fe2a)>, u'i-a622fec4': <Node: node082 (i-a622fec4)>, u'i-f823ff9a': <Node: node189 (i-f823ff9a)>, u'i-4423ff26': <Node: node131 (i-4423ff26)>, u'i-6223ff00': <Node: node112 (i-6223ff00)>, u'i-4a23ff28': <Node: node132 (i-4a23ff28)>, u'i-7c22fe1e': <Node: master (i-7c22fe1e)>, u'i-2623ff44': <Node: node146 (i-2623ff44)>, u'i-c222fea0': <Node: node064 (i-c222fea0)>, u'i-2823ff4a': <Node: node149 (i-2823ff4a)>, u'i-1c22fe7e': <Node: node047 (i-1c22fe7e)>, u'i-5e23ff3c': <Node: node142 (i-5e23ff3c)>, u'i-4e22fe2c': <Node: node007 (i-4e22fe2c)>, u'i-4c23ff2e': <Node: node135 (i-4c23ff2e)>, u'i-9222fef0': <Node: node104 (i-9222fef0)>, u'i-da22feb8': <Node: node076 (i-da22feb8)>, u'i-7e23ff1c': <Node: node126 (i-7e23ff1c)>, u'i-5e22fe3c': <Node: node014 (i-5e22fe3c)>, u'i-5a23ff38': <Node: node140 (i-5a23ff38)>, u'i-ce22feac': <Node: node070 (i-ce22feac)>, u'i-8022fee2': <Node: node097 (i-8022fee2)>, u'i-f822fe9a': <Node: node061 (i-f822fe9a)>, u'i-e223ff80': <Node: node176 (i-e223ff80)>, u'i-0c22fe6e': <Node: node039 (i-0c22fe6e)>, u'i-5223ff30': <Node: node136 (i-5223ff30)>, u'i-2622fe44': <Node: node018 (i-2622fe44)>, u'i-5423ff36': <Node: node139 (i-5423ff36)>, u'i-6823ff0a': <Node: node117 (i-6823ff0a)>, u'i-4222fe20': <Node: node001 (i-4222fe20)>, u'i-4823ff2a': <Node: node133 (i-4823ff2a)>, u'i-9422fef6': <Node: node107 (i-9422fef6)>, u'i-7423ff16': <Node: node123 (i-7423ff16)>, u'i-1622fe74': <Node: node042 (i-1622fe74)>, u'i-1c23ff7e': <Node: node175 (i-1c23ff7e)>, u'i-0423ff66': <Node: node163 (i-0423ff66)>, u'i-7823ff1a': <Node: node125 (i-7823ff1a)>, u'i-1a22fe78': <Node: node044 (i-1a22fe78)>, u'i-5023ff32': <Node: node137 (i-5023ff32)>, u'i-2423ff46': <Node: node147 (i-2423ff46)>, u'i-4022fe22': <Node: node002 (i-4022fe22)>, u'i-7023ff12': <Node: node121 (i-7023ff12)>, u'i-b622fed4': <Node: node090 (i-b622fed4)>, u'i-f222fe90': <Node: node056 (i-f222fe90)>, u'i-ee22fe8c': <Node: node054 (i-ee22fe8c)>, u'i-c022fea2': <Node: node065 (i-c022fea2)>, u'i-5c23ff3e': <Node: node143 (i-5c23ff3e)>, u'i-1a23ff78': <Node: node172 (i-1a23ff78)>, u'i-1623ff74': <Node: node170 (i-1623ff74)>, u'i-fc23ff9e': <Node: node191 (i-fc23ff9e)>, u'i-2e22fe4c': <Node: node022 (i-2e22fe4c)>, u'i-ee23ff8c': <Node: node182 (i-ee23ff8c)>, u'i-e022fe82': <Node: node049 (i-e022fe82)>, u'i-8e22feec': <Node: node102 (i-8e22feec)>, u'i-9a22fef8': <Node: node108 (i-9a22fef8)>, u'i-5a22fe38': <Node: node012 (i-5a22fe38)>, u'i-3c23ff5e': <Node: node159 (i-3c23ff5e)>, u'i-de22febc': <Node: node078 (i-de22febc)>, u'i-fa23ff98': <Node: node188 (i-fa23ff98)>, u'i-4622fe24': <Node: node003 (i-4622fe24)>, u'i-b422fed6': <Node: node091 (i-b422fed6)>, u'i-9622fef4': <Node: node106 (i-9622fef4)>, u'i-6023ff02': <Node: node113 (i-6023ff02)>, u'i-1823ff7a': <Node: node173 (i-1823ff7a)>, u'i-f022fe92': <Node: node057 (i-f022fe92)>, u'i-3423ff56': <Node: node155 (i-3423ff56)>, u'i-fc22fe9e': <Node: node063 (i-fc22fe9e)>, u'i-c623ffa4': <Node: node194 (i-c623ffa4)>, u'i-a222fec0': <Node: node080 (i-a222fec0)>, u'i-0223ff60': <Node: node160 (i-0223ff60)>, u'i-3823ff5a': <Node: node157 (i-3823ff5a)>, u'i-ce23ffac': <Node: node198 (i-ce23ffac)>, u'i-2a22fe48': <Node: node020 (i-2a22fe48)>, u'i-2a23ff48': <Node: node148 (i-2a23ff48)>, u'i-2222fe40': <Node: node016 (i-2222fe40)>, u'i-0422fe66': <Node: node035 (i-0422fe66)>, u'i-7223ff10': <Node: node120 (i-7223ff10)>, u'i-ec22fe8e': <Node: node055 (i-ec22fe8e)>, u'i-ea22fe88': <Node: node052 (i-ea22fe88)>, u'i-e422fe86': <Node: node051 (i-e422fe86)>, u'i-c223ffa0': <Node: node192 (i-c223ffa0)>, u'i-1023ff72': <Node: node169 (i-1023ff72)>, u'i-7a23ff18': <Node: node124 (i-7a23ff18)>, u'i-fe22fe9c': <Node: node062 (i-fe22fe9c)>, u'i-c423ffa6': <Node: node195 (i-c423ffa6)>, u'i-f622fe94': <Node: node058 (i-f622fe94)>, u'i-0622fe64': <Node: node034 (i-0622fe64)>, u'i-2023ff42': <Node: node145 (i-2023ff42)>, u'i-0e23ff6c': <Node: node166 (i-0e23ff6c)>, u'i-0823ff6a': <Node: node165 (i-0823ff6a)>, u'i-1022fe72': <Node: node041 (i-1022fe72)>, u'i-0623ff64': <Node: node162 (i-0623ff64)>, u'i-cc22feae': <Node: node071 (i-cc22feae)>, u'i-0a22fe68': <Node: node036 (i-0a22fe68)>, u'i-6623ff04': <Node: node114 (i-6623ff04)>, u'i-aa22fec8': <Node: node084 (i-aa22fec8)>, u'i-2e23ff4c': <Node: node150 (i-2e23ff4c)>, u'i-c422fea6': <Node: node067 (i-c422fea6)>, u'i-ea23ff88': <Node: node180 (i-ea23ff88)>, u'i-d022feb2': <Node: node073 (i-d022feb2)>, u'i-4e23ff2c': <Node: node134 (i-4e23ff2c)>, u'i-3e23ff5c': <Node: node158 (i-3e23ff5c)>, u'i-e623ff84': <Node: node178 (i-e623ff84)>, u'i-5823ff3a': <Node: node141 (i-5823ff3a)>, u'i-3e22fe5c': <Node: node030 (i-3e22fe5c)>, u'i-0822fe6a': <Node: node037 (i-0822fe6a)>, u'i-c622fea4': <Node: node066 (i-c622fea4)>, u'i-dc22febe': <Node: node079 (i-dc22febe)>, u'i-0023ff62': <Node: node161 (i-0023ff62)>, u'i-1223ff70': <Node: node168 (i-1223ff70)>, u'i-c023ffa2': <Node: node193 (i-c023ffa2)>, u'i-0e22fe6c': <Node: node038 (i-0e22fe6c)>, u'i-6e23ff0c': <Node: node118 (i-6e23ff0c)>, u'i-c823ffaa': <Node: node197 (i-c823ffaa)>, u'i-2822fe4a': <Node: node021 (i-2822fe4a)>, u'i-1e22fe7c': <Node: node046 (i-1e22fe7c)>, u'i-3a22fe58': <Node: node028 (i-3a22fe58)>, u'i-e023ff82': <Node: node177 (i-e023ff82)>, u'i-bc22fede': <Node: node095 (i-bc22fede)>, u'i-d422feb6': <Node: node075 (i-d422feb6)>, u'i-5623ff34': <Node: node138 (i-5623ff34)>, u'i-1222fe70': <Node: node040 (i-1222fe70)>, u'i-9022fef2': <Node: node105 (i-9022fef2)>, u'i-b022fed2': <Node: node089 (i-b022fed2)>, u'i-be22fedc': <Node: node094 (i-be22fedc)>, u'i-a422fec6': <Node: node083 (i-a422fec6)>, u'i-0a23ff68': <Node: node164 (i-0a23ff68)>, u'i-3022fe52': <Node: node025 (i-3022fe52)>, u'i-d222feb0': <Node: node072 (i-d222feb0)>, u'i-4223ff20': <Node: node128 (i-4223ff20)>, u'i-c822feaa': <Node: node069 (i-c822feaa)>, u'i-8622fee4': <Node: node098 (i-8622fee4)>, u'i-4c22fe2e': <Node: node008 (i-4c22fe2e)>, u'i-4623ff24': <Node: node130 (i-4623ff24)>, u'i-cc23ffae': <Node: node199 (i-cc23ffae)>, u'i-1822fe7a': <Node: node045 (i-1822fe7a)>, u'i-1422fe76': <Node: node043 (i-1422fe76)>, u'i-fe23ff9c': <Node: node190 (i-fe23ff9c)>, u'i-5822fe3a': <Node: node013 (i-5822fe3a)>, u'i-2223ff40': <Node: node144 (i-2223ff40)>, u'i-f223ff90': <Node: node184 (i-f223ff90)>, u'i-b822feda': <Node: node093 (i-b822feda)>, u'i-3422fe56': <Node: node027 (i-3422fe56)>, u'i-3223ff50': <Node: node152 (i-3223ff50)>, u'i-0222fe60': <Node: node032 (i-0222fe60)>, u'i-ec23ff8e': <Node: node183 (i-ec23ff8e)>, u'i-2422fe46': <Node: node019 (i-2422fe46)>, u'i-3623ff54': <Node: node154 (i-3623ff54)>, u'i-4422fe26': <Node: node004 (i-4422fe26)>, u'i-4a22fe28': <Node: node005 (i-4a22fe28)>, u'i-3023ff52': <Node: node153 (i-3023ff52)>, u'i-5622fe34': <Node: node010 (i-5622fe34)>, u'i-3c22fe5e': <Node: node031 (i-3c22fe5e)>, u'i-a022fec2': <Node: node081 (i-a022fec2)>, u'i-9822fefa': <Node: node109 (i-9822fefa)>, u'i-3622fe54': <Node: node026 (i-3622fe54)>, u'i-4023ff22': <Node: node129 (i-4023ff22)>, u'i-e622fe84': <Node: node050 (i-e622fe84)>, u'i-d822feba': <Node: node077 (i-d822feba)>, u'i-5c22fe3e': <Node: node015 (i-5c22fe3e)>, u'i-3a23ff58': <Node: node156 (i-3a23ff58)>, u'i-ca23ffa8': <Node: node196 (i-ca23ffa8)>, u'i-e423ff86': <Node: node179 (i-e423ff86)>, u'i-e823ff8a': <Node: node181 (i-e823ff8a)>, u'i-8422fee6': <Node: node099 (i-8422fee6)>, u'i-1423ff76': <Node: node171 (i-1423ff76)>, u'i-8222fee0': <Node: node096 (i-8222fee0)>, u'i-f023ff92': <Node: node185 (i-f023ff92)>, u'i-ac22fece': <Node: node087 (i-ac22fece)>, u'i-9e22fefc': <Node: node110 (i-9e22fefc)>, u'i-8a22fee8': <Node: node100 (i-8a22fee8)>, u'i-5422fe36': <Node: node011 (i-5422fe36)>, u'i-2c23ff4e': <Node: node151 (i-2c23ff4e)>, u'i-9c22fefe': <Node: node111 (i-9c22fefe)>, u'i-7623ff14': <Node: node122 (i-7623ff14)>, u'i-6a23ff08': <Node: node116 (i-6a23ff08)>, u'i-fa22fe98': <Node: node060 (i-fa22fe98)>, u'i-ca22fea8': <Node: node068 (i-ca22fea8)>, u'i-e822fe8a': <Node: node053 (i-e822fe8a)>, u'i-ba22fed8': <Node: node092 (i-ba22fed8)>, u'i-6c23ff0e': <Node: node119 (i-6c23ff0e)>}
2011-12-22 03:09:02,838 PID: 30641 cluster.py:663 - DEBUG - updating existing node i-7c22fe1e in self._nodes
2011-12-22 03:09:02,838 PID: 30641 cluster.py:663 - DEBUG - updating existing node i-4222fe20 in self._nodes
2011-12-22 03:09:02,838 PID: 30641 cluster.py:663 - DEBUG - updating existing node i-4022fe22 in self._nodes
2011-12-22 03:09:02,839 PID: 30641 cluster.py:663 - DEBUG - updating existing node i-4622fe24 in self._nodes
2011-12-22 03:09:02,839 PID: 30641 cluster.py:663 - DEBUG - updating existing node i-4422fe26 in self._nodes
2011-12-22 03:09:02,839 PID: 30641 cluster.py:663 - DEBUG - updating existing node i-4a22fe28 in self._nodes
2011-12-22 03:09:02,839 PID: 30641 cluster.py:663 - DEBUG - updating existing node i-4822fe2a in self._nodes
2011-12-22 03:09:02,839 PID: 30641 cluster.py:663 - DEBUG - updating existing node i-4e22fe2c in self._nodes
2011-12-22 03:09:02,840 PID: 30641 cluster.py:663 - DEBUG - updating existing node i-4c22fe2e in self._nodes
2011-12-22 03:09:02,840 PID: 30641 cluster.py:663 - DEBUG - updating existing node i-5222fe30 in self._nodes
2011-12-22 03:09:02,840 PID: 30641 cluster.py:663 - DEBUG - updating existing node i-5622fe34 in self._nodes
2011-12-22 03:09:02,841 PID: 30641 cluster.py:663 - DEBUG - updating existing node i-5422fe36 in self._nodes
2011-12-22 03:09:02,841 PID: 30641 cluster.py:663 - DEBUG - updating existing node i-5a22fe38 in self._nodes
2011-12-22 03:09:02,841 PID: 30641 cluster.py:663 - DEBUG - updating existing node i-5822fe3a in self._nodes
2011-12-22 03:09:02,841 PID: 30641 cluster.py:663 - DEBUG - updating existing node i-5e22fe3c in self._nodes
2011-12-22 03:09:02,842 PID: 30641 cluster.py:663 - DEBUG - updating existing node i-5c22fe3e in self._nodes
2011-12-22 03:09:02,842 PID: 30641 cluster.py:663 - DEBUG - updating existing node i-2222fe40 in self._nodes
2011-12-22 03:09:02,842 PID: 30641 cluster.py:663 - DEBUG - updating existing node i-2022fe42 in self._nodes
2011-12-22 03:09:02,842 PID: 30641 cluster.py:663 - DEBUG - updating existing node i-2622fe44 in self._nodes
2011-12-22 03:09:02,843 PID: 30641 cluster.py:663 - DEBUG - updating existing node i-2422fe46 in self._nodes
2011-12-22 03:09:02,843 PID: 30641 cluster.py:663 - DEBUG - updating existing node i-2a22fe48 in self._nodes
2011-12-22 03:09:02,843 PID: 30641 cluster.py:663 - DEBUG - updating existing node i-2822fe4a in self._nodes
2011-12-22 03:09:02,843 PID: 30641 cluster.py:663 - DEBUG - updating existing node i-2e22fe4c in self._nodes
2011-12-22 03:09:02,844 PID: 30641 cluster.py:663 - DEBUG - updating existing node i-2c22fe4e in self._nodes
2011-12-22 03:09:02,844 PID: 30641 cluster.py:663 - DEBUG - updating existing node i-3222fe50 in self._nodes
2011-12-22 03:09:02,844 PID: 30641 cluster.py:663 - DEBUG - updating existing node i-3022fe52 in self._nodes
2011-12-22 03:09:02,844 PID: 30641 cluster.py:663 - DEBUG - updating existing node i-3622fe54 in self._nodes
2011-12-22 03:09:02,844 PID: 30641 cluster.py:663 - DEBUG - updating existing node i-3422fe56 in self._nodes
2011-12-22 03:09:02,845 PID: 30641 cluster.py:663 - DEBUG - updating existing node i-3a22fe58 in self._nodes
2011-12-22 03:09:02,845 PID: 30641 cluster.py:663 - DEBUG - updating existing node i-3822fe5a in self._nodes
2011-12-22 03:09:02,845 PID: 30641 cluster.py:663 - DEBUG - updating existing node i-3e22fe5c in self._nodes
2011-12-22 03:09:02,845 PID: 30641 cluster.py:663 - DEBUG - updating existing node i-3c22fe5e in self._nodes
2011-12-22 03:09:02,846 PID: 30641 cluster.py:663 - DEBUG - updating existing node i-0222fe60 in self._nodes
2011-12-22 03:09:02,846 PID: 30641 cluster.py:663 - DEBUG - updating existing node i-0022fe62 in self._nodes
2011-12-22 03:09:02,846 PID: 30641 cluster.py:663 - DEBUG - updating existing node i-0622fe64 in self._nodes
2011-12-22 03:09:02,846 PID: 30641 cluster.py:663 - DEBUG - updating existing node i-0422fe66 in self._nodes
2011-12-22 03:09:02,847 PID: 30641 cluster.py:663 - DEBUG - updating existing node i-0a22fe68 in self._nodes
2011-12-22 03:09:02,847 PID: 30641 cluster.py:663 - DEBUG - updating existing node i-0822fe6a in self._nodes
2011-12-22 03:09:02,847 PID: 30641 cluster.py:663 - DEBUG - updating existing node i-0e22fe6c in self._nodes
2011-12-22 03:09:02,847 PID: 30641 cluster.py:663 - DEBUG - updating existing node i-0c22fe6e in self._nodes
2011-12-22 03:09:02,848 PID: 30641 cluster.py:663 - DEBUG - updating existing node i-1222fe70 in self._nodes
2011-12-22 03:09:02,848 PID: 30641 cluster.py:663 - DEBUG - updating existing node i-1022fe72 in self._nodes
2011-12-22 03:09:02,848 PID: 30641 cluster.py:663 - DEBUG - updating existing node i-1622fe74 in self._nodes
2011-12-22 03:09:02,848 PID: 30641 cluster.py:663 - DEBUG - updating existing node i-1422fe76 in self._nodes
2011-12-22 03:09:02,849 PID: 30641 cluster.py:663 - DEBUG - updating existing node i-1a22fe78 in self._nodes
2011-12-22 03:09:02,849 PID: 30641 cluster.py:663 - DEBUG - updating existing node i-1822fe7a in self._nodes
2011-12-22 03:09:02,849 PID: 30641 cluster.py:663 - DEBUG - updating existing node i-1e22fe7c in self._nodes
2011-12-22 03:09:02,849 PID: 30641 cluster.py:663 - DEBUG - updating existing node i-1c22fe7e in self._nodes
2011-12-22 03:09:02,849 PID: 30641 cluster.py:663 - DEBUG - updating existing node i-e222fe80 in self._nodes
2011-12-22 03:09:02,850 PID: 30641 cluster.py:663 - DEBUG - updating existing node i-e022fe82 in self._nodes
2011-12-22 03:09:02,850 PID: 30641 cluster.py:663 - DEBUG - updating existing node i-e622fe84 in self._nodes
2011-12-22 03:09:02,850 PID: 30641 cluster.py:663 - DEBUG - updating existing node i-e422fe86 in self._nodes
2011-12-22 03:09:02,850 PID: 30641 cluster.py:663 - DEBUG - updating existing node i-ea22fe88 in self._nodes
2011-12-22 03:09:02,851 PID: 30641 cluster.py:663 - DEBUG - updating existing node i-e822fe8a in self._nodes
2011-12-22 03:09:02,851 PID: 30641 cluster.py:663 - DEBUG - updating existing node i-ee22fe8c in self._nodes
2011-12-22 03:09:02,851 PID: 30641 cluster.py:663 - DEBUG - updating existing node i-ec22fe8e in self._nodes
2011-12-22 03:09:02,851 PID: 30641 cluster.py:663 - DEBUG - updating existing node i-f222fe90 in self._nodes
2011-12-22 03:09:02,852 PID: 30641 cluster.py:663 - DEBUG - updating existing node i-f022fe92 in self._nodes
2011-12-22 03:09:02,852 PID: 30641 cluster.py:663 - DEBUG - updating existing node i-f622fe94 in self._nodes
2011-12-22 03:09:02,852 PID: 30641 cluster.py:663 - DEBUG - updating existing node i-f422fe96 in self._nodes
2011-12-22 03:09:02,852 PID: 30641 cluster.py:663 - DEBUG - updating existing node i-fa22fe98 in self._nodes
2011-12-22 03:09:02,853 PID: 30641 cluster.py:663 - DEBUG - updating existing node i-f822fe9a in self._nodes
2011-12-22 03:09:02,914 PID: 30641 cluster.py:663 - DEBUG - updating existing node i-fe22fe9c in self._nodes
2011-12-22 03:09:02,914 PID: 30641 cluster.py:663 - DEBUG - updating existing node i-fc22fe9e in self._nodes
2011-12-22 03:09:02,916 PID: 30641 cluster.py:663 - DEBUG - updating existing node i-c222fea0 in self._nodes
2011-12-22 03:09:02,916 PID: 30641 cluster.py:663 - DEBUG - updating existing node i-c022fea2 in self._nodes
2011-12-22 03:09:02,916 PID: 30641 cluster.py:663 - DEBUG - updating existing node i-c622fea4 in self._nodes
2011-12-22 03:09:02,916 PID: 30641 cluster.py:663 - DEBUG - updating existing node i-c422fea6 in self._nodes
2011-12-22 03:09:02,917 PID: 30641 cluster.py:663 - DEBUG - updating existing node i-ca22fea8 in self._nodes
2011-12-22 03:09:02,917 PID: 30641 cluster.py:663 - DEBUG - updating existing node i-c822feaa in self._nodes
2011-12-22 03:09:02,917 PID: 30641 cluster.py:663 - DEBUG - updating existing node i-ce22feac in self._nodes
2011-12-22 03:09:02,917 PID: 30641 cluster.py:663 - DEBUG - updating existing node i-cc22feae in self._nodes
2011-12-22 03:09:02,918 PID: 30641 cluster.py:663 - DEBUG - updating existing node i-d222feb0 in self._nodes
2011-12-22 03:09:02,918 PID: 30641 cluster.py:663 - DEBUG - updating existing node i-d022feb2 in self._nodes
2011-12-22 03:09:02,918 PID: 30641 cluster.py:663 - DEBUG - updating existing node i-d622feb4 in self._nodes
2011-12-22 03:09:02,918 PID: 30641 cluster.py:663 - DEBUG - updating existing node i-d422feb6 in self._nodes
2011-12-22 03:09:02,919 PID: 30641 cluster.py:663 - DEBUG - updating existing node i-da22feb8 in self._nodes
2011-12-22 03:09:02,919 PID: 30641 cluster.py:663 - DEBUG - updating existing node i-d822feba in self._nodes
2011-12-22 03:09:02,919 PID: 30641 cluster.py:663 - DEBUG - updating existing node i-de22febc in self._nodes
2011-12-22 03:09:02,919 PID: 30641 cluster.py:663 - DEBUG - updating existing node i-dc22febe in self._nodes
2011-12-22 03:09:02,919 PID: 30641 cluster.py:663 - DEBUG - updating existing node i-a222fec0 in self._nodes
2011-12-22 03:09:02,920 PID: 30641 cluster.py:663 - DEBUG - updating existing node i-a022fec2 in self._nodes
2011-12-22 03:09:02,920 PID: 30641 cluster.py:663 - DEBUG - updating existing node i-a622fec4 in self._nodes
2011-12-22 03:09:02,920 PID: 30641 cluster.py:663 - DEBUG - updating existing node i-a422fec6 in self._nodes
2011-12-22 03:09:02,920 PID: 30641 cluster.py:663 - DEBUG - updating existing node i-aa22fec8 in self._nodes
2011-12-22 03:09:02,921 PID: 30641 cluster.py:663 - DEBUG - updating existing node i-a822feca in self._nodes
2011-12-22 03:09:02,921 PID: 30641 cluster.py:663 - DEBUG - updating existing node i-ae22fecc in self._nodes
2011-12-22 03:09:02,921 PID: 30641 cluster.py:663 - DEBUG - updating existing node i-ac22fece in self._nodes
2011-12-22 03:09:02,922 PID: 30641 cluster.py:663 - DEBUG - updating existing node i-b222fed0 in self._nodes
2011-12-22 03:09:02,924 PID: 30641 cluster.py:663 - DEBUG - updating existing node i-b022fed2 in self._nodes
2011-12-22 03:09:02,924 PID: 30641 cluster.py:663 - DEBUG - updating existing node i-b622fed4 in self._nodes
2011-12-22 03:09:02,925 PID: 30641 cluster.py:663 - DEBUG - updating existing node i-b422fed6 in self._nodes
2011-12-22 03:09:02,925 PID: 30641 cluster.py:663 - DEBUG - updating existing node i-ba22fed8 in self._nodes
2011-12-22 03:09:02,925 PID: 30641 cluster.py:663 - DEBUG - updating existing node i-b822feda in self._nodes
2011-12-22 03:09:02,925 PID: 30641 cluster.py:663 - DEBUG - updating existing node i-be22fedc in self._nodes
2011-12-22 03:09:02,926 PID: 30641 cluster.py:663 - DEBUG - updating existing node i-bc22fede in self._nodes
2011-12-22 03:09:02,926 PID: 30641 cluster.py:663 - DEBUG - updating existing node i-8222fee0 in self._nodes
2011-12-22 03:09:02,926 PID: 30641 cluster.py:663 - DEBUG - updating existing node i-8022fee2 in self._nodes
2011-12-22 03:09:02,926 PID: 30641 cluster.py:663 - DEBUG - updating existing node i-8622fee4 in self._nodes
2011-12-22 03:09:02,927 PID: 30641 cluster.py:663 - DEBUG - updating existing node i-8422fee6 in self._nodes
2011-12-22 03:09:02,927 PID: 30641 cluster.py:663 - DEBUG - updating existing node i-8a22fee8 in self._nodes
2011-12-22 03:09:02,927 PID: 30641 cluster.py:663 - DEBUG - updating existing node i-8822feea in self._nodes
2011-12-22 03:09:02,927 PID: 30641 cluster.py:663 - DEBUG - updating existing node i-8e22feec in self._nodes
2011-12-22 03:09:02,928 PID: 30641 cluster.py:663 - DEBUG - updating existing node i-8c22feee in self._nodes
2011-12-22 03:09:02,928 PID: 30641 cluster.py:663 - DEBUG - updating existing node i-9222fef0 in self._nodes
2011-12-22 03:09:02,928 PID: 30641 cluster.py:663 - DEBUG - updating existing node i-9022fef2 in self._nodes
2011-12-22 03:09:02,928 PID: 30641 cluster.py:663 - DEBUG - updating existing node i-9622fef4 in self._nodes
2011-12-22 03:09:02,928 PID: 30641 cluster.py:663 - DEBUG - updating existing node i-9422fef6 in self._nodes
2011-12-22 03:09:02,929 PID: 30641 cluster.py:663 - DEBUG - updating existing node i-9a22fef8 in self._nodes
2011-12-22 03:09:02,929 PID: 30641 cluster.py:663 - DEBUG - updating existing node i-9822fefa in self._nodes
2011-12-22 03:09:02,929 PID: 30641 cluster.py:663 - DEBUG - updating existing node i-9e22fefc in self._nodes
2011-12-22 03:09:02,929 PID: 30641 cluster.py:663 - DEBUG - updating existing node i-9c22fefe in self._nodes
2011-12-22 03:09:02,930 PID: 30641 cluster.py:663 - DEBUG - updating existing node i-6223ff00 in self._nodes
2011-12-22 03:09:02,930 PID: 30641 cluster.py:663 - DEBUG - updating existing node i-6023ff02 in self._nodes
2011-12-22 03:09:02,930 PID: 30641 cluster.py:663 - DEBUG - updating existing node i-6623ff04 in self._nodes
2011-12-22 03:09:02,930 PID: 30641 cluster.py:663 - DEBUG - updating existing node i-6423ff06 in self._nodes
2011-12-22 03:09:02,931 PID: 30641 cluster.py:663 - DEBUG - updating existing node i-6a23ff08 in self._nodes
2011-12-22 03:09:02,931 PID: 30641 cluster.py:663 - DEBUG - updating existing node i-6823ff0a in self._nodes
2011-12-22 03:09:02,931 PID: 30641 cluster.py:663 - DEBUG - updating existing node i-6e23ff0c in self._nodes
2011-12-22 03:09:02,931 PID: 30641 cluster.py:663 - DEBUG - updating existing node i-6c23ff0e in self._nodes
2011-12-22 03:09:02,931 PID: 30641 cluster.py:663 - DEBUG - updating existing node i-7223ff10 in self._nodes
2011-12-22 03:09:02,932 PID: 30641 cluster.py:663 - DEBUG - updating existing node i-7023ff12 in self._nodes
2011-12-22 03:09:02,932 PID: 30641 cluster.py:663 - DEBUG - updating existing node i-7623ff14 in self._nodes
2011-12-22 03:09:02,932 PID: 30641 cluster.py:663 - DEBUG - updating existing node i-7423ff16 in self._nodes
2011-12-22 03:09:02,932 PID: 30641 cluster.py:663 - DEBUG - updating existing node i-7a23ff18 in self._nodes
2011-12-22 03:09:02,933 PID: 30641 cluster.py:663 - DEBUG - updating existing node i-7823ff1a in self._nodes
2011-12-22 03:09:02,933 PID: 30641 cluster.py:663 - DEBUG - updating existing node i-7e23ff1c in self._nodes
2011-12-22 03:09:02,933 PID: 30641 cluster.py:663 - DEBUG - updating existing node i-7c23ff1e in self._nodes
2011-12-22 03:09:02,933 PID: 30641 cluster.py:663 - DEBUG - updating existing node i-4223ff20 in self._nodes
2011-12-22 03:09:02,934 PID: 30641 cluster.py:663 - DEBUG - updating existing node i-4023ff22 in self._nodes
2011-12-22 03:09:02,934 PID: 30641 cluster.py:663 - DEBUG - updating existing node i-4623ff24 in self._nodes
2011-12-22 03:09:02,934 PID: 30641 cluster.py:663 - DEBUG - updating existing node i-4423ff26 in self._nodes
2011-12-22 03:09:02,934 PID: 30641 cluster.py:663 - DEBUG - updating existing node i-4a23ff28 in self._nodes
2011-12-22 03:09:02,934 PID: 30641 cluster.py:663 - DEBUG - updating existing node i-4823ff2a in self._nodes
2011-12-22 03:09:02,935 PID: 30641 cluster.py:663 - DEBUG - updating existing node i-4e23ff2c in self._nodes
2011-12-22 03:09:02,935 PID: 30641 cluster.py:663 - DEBUG - updating existing node i-4c23ff2e in self._nodes
2011-12-22 03:09:02,935 PID: 30641 cluster.py:663 - DEBUG - updating existing node i-5223ff30 in self._nodes
2011-12-22 03:09:02,935 PID: 30641 cluster.py:663 - DEBUG - updating existing node i-5023ff32 in self._nodes
2011-12-22 03:09:02,936 PID: 30641 cluster.py:663 - DEBUG - updating existing node i-5623ff34 in self._nodes
2011-12-22 03:09:02,936 PID: 30641 cluster.py:663 - DEBUG - updating existing node i-5423ff36 in self._nodes
2011-12-22 03:09:02,936 PID: 30641 cluster.py:663 - DEBUG - updating existing node i-5a23ff38 in self._nodes
2011-12-22 03:09:02,936 PID: 30641 cluster.py:663 - DEBUG - updating existing node i-5823ff3a in self._nodes
2011-12-22 03:09:02,937 PID: 30641 cluster.py:663 - DEBUG - updating existing node i-5e23ff3c in self._nodes
2011-12-22 03:09:02,937 PID: 30641 cluster.py:663 - DEBUG - updating existing node i-5c23ff3e in self._nodes
2011-12-22 03:09:02,937 PID: 30641 cluster.py:663 - DEBUG - updating existing node i-2223ff40 in self._nodes
2011-12-22 03:09:02,937 PID: 30641 cluster.py:663 - DEBUG - updating existing node i-2023ff42 in self._nodes
2011-12-22 03:09:02,937 PID: 30641 cluster.py:663 - DEBUG - updating existing node i-2623ff44 in self._nodes
2011-12-22 03:09:02,938 PID: 30641 cluster.py:663 - DEBUG - updating existing node i-2423ff46 in self._nodes
2011-12-22 03:09:02,938 PID: 30641 cluster.py:663 - DEBUG - updating existing node i-2a23ff48 in self._nodes
2011-12-22 03:09:02,938 PID: 30641 cluster.py:663 - DEBUG - updating existing node i-2823ff4a in self._nodes
2011-12-22 03:09:02,938 PID: 30641 cluster.py:663 - DEBUG - updating existing node i-2e23ff4c in self._nodes
2011-12-22 03:09:02,939 PID: 30641 cluster.py:663 - DEBUG - updating existing node i-2c23ff4e in self._nodes
2011-12-22 03:09:02,939 PID: 30641 cluster.py:663 - DEBUG - updating existing node i-3223ff50 in self._nodes
2011-12-22 03:09:02,939 PID: 30641 cluster.py:663 - DEBUG - updating existing node i-3023ff52 in self._nodes
2011-12-22 03:09:02,939 PID: 30641 cluster.py:663 - DEBUG - updating existing node i-3623ff54 in self._nodes
2011-12-22 03:09:02,939 PID: 30641 cluster.py:663 - DEBUG - updating existing node i-3423ff56 in self._nodes
2011-12-22 03:09:02,940 PID: 30641 cluster.py:663 - DEBUG - updating existing node i-3a23ff58 in self._nodes
2011-12-22 03:09:02,940 PID: 30641 cluster.py:663 - DEBUG - updating existing node i-3823ff5a in self._nodes
2011-12-22 03:09:02,940 PID: 30641 cluster.py:663 - DEBUG - updating existing node i-3e23ff5c in self._nodes
2011-12-22 03:09:02,940 PID: 30641 cluster.py:663 - DEBUG - updating existing node i-3c23ff5e in self._nodes
2011-12-22 03:09:02,941 PID: 30641 cluster.py:663 - DEBUG - updating existing node i-0223ff60 in self._nodes
2011-12-22 03:09:02,941 PID: 30641 cluster.py:663 - DEBUG - updating existing node i-0023ff62 in self._nodes
2011-12-22 03:09:02,941 PID: 30641 cluster.py:663 - DEBUG - updating existing node i-0623ff64 in self._nodes
2011-12-22 03:09:02,941 PID: 30641 cluster.py:663 - DEBUG - updating existing node i-0423ff66 in self._nodes
2011-12-22 03:09:02,942 PID: 30641 cluster.py:663 - DEBUG - updating existing node i-0a23ff68 in self._nodes
2011-12-22 03:09:02,942 PID: 30641 cluster.py:663 - DEBUG - updating existing node i-0823ff6a in self._nodes
2011-12-22 03:09:02,942 PID: 30641 cluster.py:663 - DEBUG - updating existing node i-0e23ff6c in self._nodes
2011-12-22 03:09:02,942 PID: 30641 cluster.py:663 - DEBUG - updating existing node i-0c23ff6e in self._nodes
2011-12-22 03:09:02,942 PID: 30641 cluster.py:663 - DEBUG - updating existing node i-1223ff70 in self._nodes
2011-12-22 03:09:02,943 PID: 30641 cluster.py:663 - DEBUG - updating existing node i-1023ff72 in self._nodes
2011-12-22 03:09:02,943 PID: 30641 cluster.py:663 - DEBUG - updating existing node i-1623ff74 in self._nodes
2011-12-22 03:09:02,943 PID: 30641 cluster.py:663 - DEBUG - updating existing node i-1423ff76 in self._nodes
2011-12-22 03:09:02,943 PID: 30641 cluster.py:663 - DEBUG - updating existing node i-1a23ff78 in self._nodes
2011-12-22 03:09:02,944 PID: 30641 cluster.py:663 - DEBUG - updating existing node i-1823ff7a in self._nodes
2011-12-22 03:09:02,944 PID: 30641 cluster.py:663 - DEBUG - updating existing node i-1e23ff7c in self._nodes
2011-12-22 03:09:02,944 PID: 30641 cluster.py:663 - DEBUG - updating existing node i-1c23ff7e in self._nodes
2011-12-22 03:09:02,944 PID: 30641 cluster.py:663 - DEBUG - updating existing node i-e223ff80 in self._nodes
2011-12-22 03:09:02,944 PID: 30641 cluster.py:663 - DEBUG - updating existing node i-e023ff82 in self._nodes
2011-12-22 03:09:02,945 PID: 30641 cluster.py:663 - DEBUG - updating existing node i-e623ff84 in self._nodes
2011-12-22 03:09:02,945 PID: 30641 cluster.py:663 - DEBUG - updating existing node i-e423ff86 in self._nodes
2011-12-22 03:09:02,945 PID: 30641 cluster.py:663 - DEBUG - updating existing node i-ea23ff88 in self._nodes
2011-12-22 03:09:02,945 PID: 30641 cluster.py:663 - DEBUG - updating existing node i-e823ff8a in self._nodes
2011-12-22 03:09:02,946 PID: 30641 cluster.py:663 - DEBUG - updating existing node i-ee23ff8c in self._nodes
2011-12-22 03:09:02,946 PID: 30641 cluster.py:663 - DEBUG - updating existing node i-ec23ff8e in self._nodes
2011-12-22 03:09:02,946 PID: 30641 cluster.py:663 - DEBUG - updating existing node i-f223ff90 in self._nodes
2011-12-22 03:09:02,946 PID: 30641 cluster.py:663 - DEBUG - updating existing node i-f023ff92 in self._nodes
2011-12-22 03:09:02,947 PID: 30641 cluster.py:663 - DEBUG - updating existing node i-f623ff94 in self._nodes
2011-12-22 03:09:02,947 PID: 30641 cluster.py:663 - DEBUG - updating existing node i-f423ff96 in self._nodes
2011-12-22 03:09:02,947 PID: 30641 cluster.py:663 - DEBUG - updating existing node i-fa23ff98 in self._nodes
2011-12-22 03:09:02,947 PID: 30641 cluster.py:663 - DEBUG - updating existing node i-f823ff9a in self._nodes
2011-12-22 03:09:02,947 PID: 30641 cluster.py:663 - DEBUG - updating existing node i-fe23ff9c in self._nodes
2011-12-22 03:09:02,948 PID: 30641 cluster.py:663 - DEBUG - updating existing node i-fc23ff9e in self._nodes
2011-12-22 03:09:02,948 PID: 30641 cluster.py:663 - DEBUG - updating existing node i-c223ffa0 in self._nodes
2011-12-22 03:09:02,948 PID: 30641 cluster.py:663 - DEBUG - updating existing node i-c023ffa2 in self._nodes
2011-12-22 03:09:02,948 PID: 30641 cluster.py:663 - DEBUG - updating existing node i-c623ffa4 in self._nodes
2011-12-22 03:09:02,949 PID: 30641 cluster.py:663 - DEBUG - updating existing node i-c423ffa6 in self._nodes
2011-12-22 03:09:02,949 PID: 30641 cluster.py:663 - DEBUG - updating existing node i-ca23ffa8 in self._nodes
2011-12-22 03:09:02,949 PID: 30641 cluster.py:663 - DEBUG - updating existing node i-c823ffaa in self._nodes
2011-12-22 03:09:02,949 PID: 30641 cluster.py:663 - DEBUG - updating existing node i-ce23ffac in self._nodes
2011-12-22 03:09:02,949 PID: 30641 cluster.py:663 - DEBUG - updating existing node i-cc23ffae in self._nodes
2011-12-22 03:09:02,951 PID: 30641 cluster.py:676 - DEBUG - returning self._nodes = [<Node: master (i-7c22fe1e)>, <Node: node001 (i-4222fe20)>, <Node: node002 (i-4022fe22)>, <Node: node003 (i-4622fe24)>, <Node: node004 (i-4422fe26)>, <Node: node005 (i-4a22fe28)>, <Node: node006 (i-4822fe2a)>, <Node: node007 (i-4e22fe2c)>, <Node: node008 (i-4c22fe2e)>, <Node: node009 (i-5222fe30)>, <Node: node010 (i-5622fe34)>, <Node: node011 (i-5422fe36)>, <Node: node012 (i-5a22fe38)>, <Node: node013 (i-5822fe3a)>, <Node: node014 (i-5e22fe3c)>, <Node: node015 (i-5c22fe3e)>, <Node: node016 (i-2222fe40)>, <Node: node017 (i-2022fe42)>, <Node: node018 (i-2622fe44)>, <Node: node019 (i-2422fe46)>, <Node: node020 (i-2a22fe48)>, <Node: node021 (i-2822fe4a)>, <Node: node022 (i-2e22fe4c)>, <Node: node023 (i-2c22fe4e)>, <Node: node024 (i-3222fe50)>, <Node: node025 (i-3022fe52)>, <Node: node026 (i-3622fe54)>, <Node: node027 (i-3422fe56)>, <Node: node028 (i-3a22fe58)>, <Node: node029 (i-3822fe5a)>, <Node: node030 (i-3e22fe5c)>, <Node: node031 (i-3c22fe5e)>, <Node: node032 (i-0222fe60)>, <Node: node033 (i-0022fe62)>, <Node: node034 (i-0622fe64)>, <Node: node035 (i-0422fe66)>, <Node: node036 (i-0a22fe68)>, <Node: node037 (i-0822fe6a)>, <Node: node038 (i-0e22fe6c)>, <Node: node039 (i-0c22fe6e)>, <Node: node040 (i-1222fe70)>, <Node: node041 (i-1022fe72)>, <Node: node042 (i-1622fe74)>, <Node: node043 (i-1422fe76)>, <Node: node044 (i-1a22fe78)>, <Node: node045 (i-1822fe7a)>, <Node: node046 (i-1e22fe7c)>, <Node: node047 (i-1c22fe7e)>, <Node: node048 (i-e222fe80)>, <Node: node049 (i-e022fe82)>, <Node: node050 (i-e622fe84)>, <Node: node051 (i-e422fe86)>, <Node: node052 (i-ea22fe88)>, <Node: node053 (i-e822fe8a)>, <Node: node054 (i-ee22fe8c)>, <Node: node055 (i-ec22fe8e)>, <Node: node056 (i-f222fe90)>, <Node: node057 (i-f022fe92)>, <Node: node058 (i-f622fe94)>, <Node: node059 (i-f422fe96)>, <Node: node060 (i-fa22fe98)>, <Node: node061 (i-f822fe9a)>, <Node: node062 (i-fe22fe9c)>, <Node: node063 (i-fc22fe9e)>, <Node: node064 (i-c222fea0)>, <Node: node065 (i-c022fea2)>, <Node: node066 (i-c622fea4)>, <Node: node067 (i-c422fea6)>, <Node: node068 (i-ca22fea8)>, <Node: node069 (i-c822feaa)>, <Node: node070 (i-ce22feac)>, <Node: node071 (i-cc22feae)>, <Node: node072 (i-d222feb0)>, <Node: node073 (i-d022feb2)>, <Node: node074 (i-d622feb4)>, <Node: node075 (i-d422feb6)>, <Node: node076 (i-da22feb8)>, <Node: node077 (i-d822feba)>, <Node: node078 (i-de22febc)>, <Node: node079 (i-dc22febe)>, <Node: node080 (i-a222fec0)>, <Node: node081 (i-a022fec2)>, <Node: node082 (i-a622fec4)>, <Node: node083 (i-a422fec6)>, <Node: node084 (i-aa22fec8)>, <Node: node085 (i-a822feca)>, <Node: node086 (i-ae22fecc)>, <Node: node087 (i-ac22fece)>, <Node: node088 (i-b222fed0)>, <Node: node089 (i-b022fed2)>, <Node: node090 (i-b622fed4)>, <Node: node091 (i-b422fed6)>, <Node: node092 (i-ba22fed8)>, <Node: node093 (i-b822feda)>, <Node: node094 (i-be22fedc)>, <Node: node095 (i-bc22fede)>, <Node: node096 (i-8222fee0)>, <Node: node097 (i-8022fee2)>, <Node: node098 (i-8622fee4)>, <Node: node099 (i-8422fee6)>, <Node: node100 (i-8a22fee8)>, <Node: node101 (i-8822feea)>, <Node: node102 (i-8e22feec)>, <Node: node103 (i-8c22feee)>, <Node: node104 (i-9222fef0)>, <Node: node105 (i-9022fef2)>, <Node: node106 (i-9622fef4)>, <Node: node107 (i-9422fef6)>, <Node: node108 (i-9a22fef8)>, <Node: node109 (i-9822fefa)>, <Node: node110 (i-9e22fefc)>, <Node: node111 (i-9c22fefe)>, <Node: node112 (i-6223ff00)>, <Node: node113 (i-6023ff02)>, <Node: node114 (i-6623ff04)>, <Node: node115 (i-6423ff06)>, <Node: node116 (i-6a23ff08)>, <Node: node117 (i-6823ff0a)>, <Node: node118 (i-6e23ff0c)>, <Node: node119 (i-6c23ff0e)>, <Node: node120 (i-7223ff10)>, <Node: node121 (i-7023ff12)>, <Node: node122 (i-7623ff14)>, <Node: node123 (i-7423ff16)>, <Node: node124 (i-7a23ff18)>, <Node: node125 (i-7823ff1a)>, <Node: node126 (i-7e23ff1c)>, <Node: node127 (i-7c23ff1e)>, <Node: node128 (i-4223ff20)>, <Node: node129 (i-4023ff22)>, <Node: node130 (i-4623ff24)>, <Node: node131 (i-4423ff26)>, <Node: node132 (i-4a23ff28)>, <Node: node133 (i-4823ff2a)>, <Node: node134 (i-4e23ff2c)>, <Node: node135 (i-4c23ff2e)>, <Node: node136 (i-5223ff30)>, <Node: node137 (i-5023ff32)>, <Node: node138 (i-5623ff34)>, <Node: node139 (i-5423ff36)>, <Node: node140 (i-5a23ff38)>, <Node: node141 (i-5823ff3a)>, <Node: node142 (i-5e23ff3c)>, <Node: node143 (i-5c23ff3e)>, <Node: node144 (i-2223ff40)>, <Node: node145 (i-2023ff42)>, <Node: node146 (i-2623ff44)>, <Node: node147 (i-2423ff46)>, <Node: node148 (i-2a23ff48)>, <Node: node149 (i-2823ff4a)>, <Node: node150 (i-2e23ff4c)>, <Node: node151 (i-2c23ff4e)>, <Node: node152 (i-3223ff50)>, <Node: node153 (i-3023ff52)>, <Node: node154 (i-3623ff54)>, <Node: node155 (i-3423ff56)>, <Node: node156 (i-3a23ff58)>, <Node: node157 (i-3823ff5a)>, <Node: node158 (i-3e23ff5c)>, <Node: node159 (i-3c23ff5e)>, <Node: node160 (i-0223ff60)>, <Node: node161 (i-0023ff62)>, <Node: node162 (i-0623ff64)>, <Node: node163 (i-0423ff66)>, <Node: node164 (i-0a23ff68)>, <Node: node165 (i-0823ff6a)>, <Node: node166 (i-0e23ff6c)>, <Node: node167 (i-0c23ff6e)>, <Node: node168 (i-1223ff70)>, <Node: node169 (i-1023ff72)>, <Node: node170 (i-1623ff74)>, <Node: node171 (i-1423ff76)>, <Node: node172 (i-1a23ff78)>, <Node: node173 (i-1823ff7a)>, <Node: node174 (i-1e23ff7c)>, <Node: node175 (i-1c23ff7e)>, <Node: node176 (i-e223ff80)>, <Node: node177 (i-e023ff82)>, <Node: node178 (i-e623ff84)>, <Node: node179 (i-e423ff86)>, <Node: node180 (i-ea23ff88)>, <Node: node181 (i-e823ff8a)>, <Node: node182 (i-ee23ff8c)>, <Node: node183 (i-ec23ff8e)>, <Node: node184 (i-f223ff90)>, <Node: node185 (i-f023ff92)>, <Node: node186 (i-f623ff94)>, <Node: node187 (i-f423ff96)>, <Node: node188 (i-fa23ff98)>, <Node: node189 (i-f823ff9a)>, <Node: node190 (i-fe23ff9c)>, <Node: node191 (i-fc23ff9e)>, <Node: node192 (i-c223ffa0)>, <Node: node193 (i-c023ffa2)>, <Node: node194 (i-c623ffa4)>, <Node: node195 (i-c423ffa6)>, <Node: node196 (i-ca23ffa8)>, <Node: node197 (i-c823ffaa)>, <Node: node198 (i-ce23ffac)>, <Node: node199 (i-cc23ffae)>]
2011-12-22 03:09:11,816 PID: 30641 ssh.py:91 - DEBUG - connecting to host ec2-107-21-128-191.compute-1.amazonaws.com on port 22 as user root
2011-12-22 03:09:15,975 PID: 30641 ssh.py:91 - DEBUG - connecting to host ec2-107-21-67-51.compute-1.amazonaws.com on port 22 as user root
2011-12-22 03:09:49,898 PID: 30641 ssh.py:91 - DEBUG - connecting to host ec2-50-17-49-61.compute-1.amazonaws.com on port 22 as user root
2011-12-22 03:09:53,500 PID: 30641 ssh.py:91 - DEBUG - connecting to host ec2-174-129-113-209.compute-1.amazonaws.com on port 22 as user root
2011-12-22 03:10:13,432 PID: 30641 cluster.py:660 - DEBUG - existing nodes: {u'i-6423ff06': <Node: node115 (i-6423ff06)>, u'i-0022fe62': <Node: node033 (i-0022fe62)>, u'i-ae22fecc': <Node: node086 (i-ae22fecc)>, u'i-a822feca': <Node: node085 (i-a822feca)>, u'i-1e23ff7c': <Node: node174 (i-1e23ff7c)>, u'i-f423ff96': <Node: node187 (i-f423ff96)>, u'i-d622feb4': <Node: node074 (i-d622feb4)>, u'i-2022fe42': <Node: node017 (i-2022fe42)>, u'i-f422fe96': <Node: node059 (i-f422fe96)>, u'i-e222fe80': <Node: node048 (i-e222fe80)>, u'i-b222fed0': <Node: node088 (i-b222fed0)>, u'i-2c22fe4e': <Node: node023 (i-2c22fe4e)>, u'i-3822fe5a': <Node: node029 (i-3822fe5a)>, u'i-0c23ff6e': <Node: node167 (i-0c23ff6e)>, u'i-8c22feee': <Node: node103 (i-8c22feee)>, u'i-7c23ff1e': <Node: node127 (i-7c23ff1e)>, u'i-f623ff94': <Node: node186 (i-f623ff94)>, u'i-8822feea': <Node: node101 (i-8822feea)>, u'i-3222fe50': <Node: node024 (i-3222fe50)>, u'i-5222fe30': <Node: node009 (i-5222fe30)>, u'i-4822fe2a': <Node: node006 (i-4822fe2a)>, u'i-a622fec4': <Node: node082 (i-a622fec4)>, u'i-f823ff9a': <Node: node189 (i-f823ff9a)>, u'i-4423ff26': <Node: node131 (i-4423ff26)>, u'i-6223ff00': <Node: node112 (i-6223ff00)>, u'i-4a23ff28': <Node: node132 (i-4a23ff28)>, u'i-7c22fe1e': <Node: master (i-7c22fe1e)>, u'i-2623ff44': <Node: node146 (i-2623ff44)>, u'i-c222fea0': <Node: node064 (i-c222fea0)>, u'i-2823ff4a': <Node: node149 (i-2823ff4a)>, u'i-1c22fe7e': <Node: node047 (i-1c22fe7e)>, u'i-5e23ff3c': <Node: node142 (i-5e23ff3c)>, u'i-4e22fe2c': <Node: node007 (i-4e22fe2c)>, u'i-4c23ff2e': <Node: node135 (i-4c23ff2e)>, u'i-9222fef0': <Node: node104 (i-9222fef0)>, u'i-da22feb8': <Node: node076 (i-da22feb8)>, u'i-7e23ff1c': <Node: node126 (i-7e23ff1c)>, u'i-5e22fe3c': <Node: node014 (i-5e22fe3c)>, u'i-5a23ff38': <Node: node140 (i-5a23ff38)>, u'i-ce22feac': <Node: node070 (i-ce22feac)>, u'i-8022fee2': <Node: node097 (i-8022fee2)>, u'i-f822fe9a': <Node: node061 (i-f822fe9a)>, u'i-e223ff80': <Node: node176 (i-e223ff80)>, u'i-0c22fe6e': <Node: node039 (i-0c22fe6e)>, u'i-5223ff30': <Node: node136 (i-5223ff30)>, u'i-2622fe44': <Node: node018 (i-2622fe44)>, u'i-5423ff36': <Node: node139 (i-5423ff36)>, u'i-6823ff0a': <Node: node117 (i-6823ff0a)>, u'i-4222fe20': <Node: node001 (i-4222fe20)>, u'i-4823ff2a': <Node: node133 (i-4823ff2a)>, u'i-9422fef6': <Node: node107 (i-9422fef6)>, u'i-7423ff16': <Node: node123 (i-7423ff16)>, u'i-1622fe74': <Node: node042 (i-1622fe74)>, u'i-1c23ff7e': <Node: node175 (i-1c23ff7e)>, u'i-0423ff66': <Node: node163 (i-0423ff66)>, u'i-7823ff1a': <Node: node125 (i-7823ff1a)>, u'i-1a22fe78': <Node: node044 (i-1a22fe78)>, u'i-5023ff32': <Node: node137 (i-5023ff32)>, u'i-2423ff46': <Node: node147 (i-2423ff46)>, u'i-4022fe22': <Node: node002 (i-4022fe22)>, u'i-7023ff12': <Node: node121 (i-7023ff12)>, u'i-b622fed4': <Node: node090 (i-b622fed4)>, u'i-f222fe90': <Node: node056 (i-f222fe90)>, u'i-ee22fe8c': <Node: node054 (i-ee22fe8c)>, u'i-c022fea2': <Node: node065 (i-c022fea2)>, u'i-5c23ff3e': <Node: node143 (i-5c23ff3e)>, u'i-1a23ff78': <Node: node172 (i-1a23ff78)>, u'i-1623ff74': <Node: node170 (i-1623ff74)>, u'i-fc23ff9e': <Node: node191 (i-fc23ff9e)>, u'i-2e22fe4c': <Node: node022 (i-2e22fe4c)>, u'i-ee23ff8c': <Node: node182 (i-ee23ff8c)>, u'i-e022fe82': <Node: node049 (i-e022fe82)>, u'i-8e22feec': <Node: node102 (i-8e22feec)>, u'i-9a22fef8': <Node: node108 (i-9a22fef8)>, u'i-5a22fe38': <Node: node012 (i-5a22fe38)>, u'i-3c23ff5e': <Node: node159 (i-3c23ff5e)>, u'i-de22febc': <Node: node078 (i-de22febc)>, u'i-fa23ff98': <Node: node188 (i-fa23ff98)>, u'i-4622fe24': <Node: node003 (i-4622fe24)>, u'i-b422fed6': <Node: node091 (i-b422fed6)>, u'i-9622fef4': <Node: node106 (i-9622fef4)>, u'i-6023ff02': <Node: node113 (i-6023ff02)>, u'i-1823ff7a': <Node: node173 (i-1823ff7a)>, u'i-f022fe92': <Node: node057 (i-f022fe92)>, u'i-3423ff56': <Node: node155 (i-3423ff56)>, u'i-fc22fe9e': <Node: node063 (i-fc22fe9e)>, u'i-c623ffa4': <Node: node194 (i-c623ffa4)>, u'i-a222fec0': <Node: node080 (i-a222fec0)>, u'i-0223ff60': <Node: node160 (i-0223ff60)>, u'i-3823ff5a': <Node: node157 (i-3823ff5a)>, u'i-ce23ffac': <Node: node198 (i-ce23ffac)>, u'i-2a22fe48': <Node: node020 (i-2a22fe48)>, u'i-2a23ff48': <Node: node148 (i-2a23ff48)>, u'i-2222fe40': <Node: node016 (i-2222fe40)>, u'i-0422fe66': <Node: node035 (i-0422fe66)>, u'i-7223ff10': <Node: node120 (i-7223ff10)>, u'i-ec22fe8e': <Node: node055 (i-ec22fe8e)>, u'i-ea22fe88': <Node: node052 (i-ea22fe88)>, u'i-e422fe86': <Node: node051 (i-e422fe86)>, u'i-c223ffa0': <Node: node192 (i-c223ffa0)>, u'i-1023ff72': <Node: node169 (i-1023ff72)>, u'i-7a23ff18': <Node: node124 (i-7a23ff18)>, u'i-fe22fe9c': <Node: node062 (i-fe22fe9c)>, u'i-c423ffa6': <Node: node195 (i-c423ffa6)>, u'i-f622fe94': <Node: node058 (i-f622fe94)>, u'i-0622fe64': <Node: node034 (i-0622fe64)>, u'i-2023ff42': <Node: node145 (i-2023ff42)>, u'i-0e23ff6c': <Node: node166 (i-0e23ff6c)>, u'i-0823ff6a': <Node: node165 (i-0823ff6a)>, u'i-1022fe72': <Node: node041 (i-1022fe72)>, u'i-0623ff64': <Node: node162 (i-0623ff64)>, u'i-cc22feae': <Node: node071 (i-cc22feae)>, u'i-0a22fe68': <Node: node036 (i-0a22fe68)>, u'i-6623ff04': <Node: node114 (i-6623ff04)>, u'i-aa22fec8': <Node: node084 (i-aa22fec8)>, u'i-2e23ff4c': <Node: node150 (i-2e23ff4c)>, u'i-c422fea6': <Node: node067 (i-c422fea6)>, u'i-ea23ff88': <Node: node180 (i-ea23ff88)>, u'i-d022feb2': <Node: node073 (i-d022feb2)>, u'i-4e23ff2c': <Node: node134 (i-4e23ff2c)>, u'i-3e23ff5c': <Node: node158 (i-3e23ff5c)>, u'i-e623ff84': <Node: node178 (i-e623ff84)>, u'i-5823ff3a': <Node: node141 (i-5823ff3a)>, u'i-3e22fe5c': <Node: node030 (i-3e22fe5c)>, u'i-0822fe6a': <Node: node037 (i-0822fe6a)>, u'i-c622fea4': <Node: node066 (i-c622fea4)>, u'i-dc22febe': <Node: node079 (i-dc22febe)>, u'i-0023ff62': <Node: node161 (i-0023ff62)>, u'i-1223ff70': <Node: node168 (i-1223ff70)>, u'i-c023ffa2': <Node: node193 (i-c023ffa2)>, u'i-0e22fe6c': <Node: node038 (i-0e22fe6c)>, u'i-6e23ff0c': <Node: node118 (i-6e23ff0c)>, u'i-c823ffaa': <Node: node197 (i-c823ffaa)>, u'i-2822fe4a': <Node: node021 (i-2822fe4a)>, u'i-1e22fe7c': <Node: node046 (i-1e22fe7c)>, u'i-3a22fe58': <Node: node028 (i-3a22fe58)>, u'i-e023ff82': <Node: node177 (i-e023ff82)>, u'i-bc22fede': <Node: node095 (i-bc22fede)>, u'i-d422feb6': <Node: node075 (i-d422feb6)>, u'i-5623ff34': <Node: node138 (i-5623ff34)>, u'i-1222fe70': <Node: node040 (i-1222fe70)>, u'i-9022fef2': <Node: node105 (i-9022fef2)>, u'i-b022fed2': <Node: node089 (i-b022fed2)>, u'i-be22fedc': <Node: node094 (i-be22fedc)>, u'i-a422fec6': <Node: node083 (i-a422fec6)>, u'i-0a23ff68': <Node: node164 (i-0a23ff68)>, u'i-3022fe52': <Node: node025 (i-3022fe52)>, u'i-d222feb0': <Node: node072 (i-d222feb0)>, u'i-4223ff20': <Node: node128 (i-4223ff20)>, u'i-c822feaa': <Node: node069 (i-c822feaa)>, u'i-8622fee4': <Node: node098 (i-8622fee4)>, u'i-4c22fe2e': <Node: node008 (i-4c22fe2e)>, u'i-4623ff24': <Node: node130 (i-4623ff24)>, u'i-cc23ffae': <Node: node199 (i-cc23ffae)>, u'i-1822fe7a': <Node: node045 (i-1822fe7a)>, u'i-1422fe76': <Node: node043 (i-1422fe76)>, u'i-fe23ff9c': <Node: node190 (i-fe23ff9c)>, u'i-5822fe3a': <Node: node013 (i-5822fe3a)>, u'i-2223ff40': <Node: node144 (i-2223ff40)>, u'i-f223ff90': <Node: node184 (i-f223ff90)>, u'i-b822feda': <Node: node093 (i-b822feda)>, u'i-3422fe56': <Node: node027 (i-3422fe56)>, u'i-3223ff50': <Node: node152 (i-3223ff50)>, u'i-0222fe60': <Node: node032 (i-0222fe60)>, u'i-ec23ff8e': <Node: node183 (i-ec23ff8e)>, u'i-2422fe46': <Node: node019 (i-2422fe46)>, u'i-3623ff54': <Node: node154 (i-3623ff54)>, u'i-4422fe26': <Node: node004 (i-4422fe26)>, u'i-4a22fe28': <Node: node005 (i-4a22fe28)>, u'i-3023ff52': <Node: node153 (i-3023ff52)>, u'i-5622fe34': <Node: node010 (i-5622fe34)>, u'i-3c22fe5e': <Node: node031 (i-3c22fe5e)>, u'i-a022fec2': <Node: node081 (i-a022fec2)>, u'i-9822fefa': <Node: node109 (i-9822fefa)>, u'i-3622fe54': <Node: node026 (i-3622fe54)>, u'i-4023ff22': <Node: node129 (i-4023ff22)>, u'i-e622fe84': <Node: node050 (i-e622fe84)>, u'i-d822feba': <Node: node077 (i-d822feba)>, u'i-5c22fe3e': <Node: node015 (i-5c22fe3e)>, u'i-3a23ff58': <Node: node156 (i-3a23ff58)>, u'i-ca23ffa8': <Node: node196 (i-ca23ffa8)>, u'i-e423ff86': <Node: node179 (i-e423ff86)>, u'i-e823ff8a': <Node: node181 (i-e823ff8a)>, u'i-8422fee6': <Node: node099 (i-8422fee6)>, u'i-1423ff76': <Node: node171 (i-1423ff76)>, u'i-8222fee0': <Node: node096 (i-8222fee0)>, u'i-f023ff92': <Node: node185 (i-f023ff92)>, u'i-ac22fece': <Node: node087 (i-ac22fece)>, u'i-9e22fefc': <Node: node110 (i-9e22fefc)>, u'i-8a22fee8': <Node: node100 (i-8a22fee8)>, u'i-5422fe36': <Node: node011 (i-5422fe36)>, u'i-2c23ff4e': <Node: node151 (i-2c23ff4e)>, u'i-9c22fefe': <Node: node111 (i-9c22fefe)>, u'i-7623ff14': <Node: node122 (i-7623ff14)>, u'i-6a23ff08': <Node: node116 (i-6a23ff08)>, u'i-fa22fe98': <Node: node060 (i-fa22fe98)>, u'i-ca22fea8': <Node: node068 (i-ca22fea8)>, u'i-e822fe8a': <Node: node053 (i-e822fe8a)>, u'i-ba22fed8': <Node: node092 (i-ba22fed8)>, u'i-6c23ff0e': <Node: node119 (i-6c23ff0e)>}
2011-12-22 03:10:13,435 PID: 30641 cluster.py:663 - DEBUG - updating existing node i-7c22fe1e in self._nodes
2011-12-22 03:10:13,435 PID: 30641 cluster.py:663 - DEBUG - updating existing node i-4222fe20 in self._nodes
2011-12-22 03:10:13,436 PID: 30641 cluster.py:663 - DEBUG - updating existing node i-4022fe22 in self._nodes
2011-12-22 03:10:13,436 PID: 30641 cluster.py:663 - DEBUG - updating existing node i-4622fe24 in self._nodes
2011-12-22 03:10:13,436 PID: 30641 cluster.py:663 - DEBUG - updating existing node i-4422fe26 in self._nodes
2011-12-22 03:10:13,436 PID: 30641 cluster.py:663 - DEBUG - updating existing node i-4a22fe28 in self._nodes
2011-12-22 03:10:13,436 PID: 30641 cluster.py:663 - DEBUG - updating existing node i-4822fe2a in self._nodes
2011-12-22 03:10:13,437 PID: 30641 cluster.py:663 - DEBUG - updating existing node i-4e22fe2c in self._nodes
2011-12-22 03:10:13,437 PID: 30641 cluster.py:663 - DEBUG - updating existing node i-4c22fe2e in self._nodes
2011-12-22 03:10:13,437 PID: 30641 cluster.py:663 - DEBUG - updating existing node i-5222fe30 in self._nodes
2011-12-22 03:10:13,437 PID: 30641 cluster.py:663 - DEBUG - updating existing node i-5622fe34 in self._nodes
2011-12-22 03:10:13,438 PID: 30641 cluster.py:663 - DEBUG - updating existing node i-5422fe36 in self._nodes
2011-12-22 03:10:13,438 PID: 30641 cluster.py:663 - DEBUG - updating existing node i-5a22fe38 in self._nodes
2011-12-22 03:10:13,438 PID: 30641 cluster.py:663 - DEBUG - updating existing node i-5822fe3a in self._nodes
2011-12-22 03:10:13,438 PID: 30641 cluster.py:663 - DEBUG - updating existing node i-5e22fe3c in self._nodes
2011-12-22 03:10:13,439 PID: 30641 cluster.py:663 - DEBUG - updating existing node i-5c22fe3e in self._nodes
2011-12-22 03:10:13,439 PID: 30641 cluster.py:663 - DEBUG - updating existing node i-2222fe40 in self._nodes
2011-12-22 03:10:13,439 PID: 30641 cluster.py:663 - DEBUG - updating existing node i-2022fe42 in self._nodes
2011-12-22 03:10:13,439 PID: 30641 cluster.py:663 - DEBUG - updating existing node i-2622fe44 in self._nodes
2011-12-22 03:10:13,439 PID: 30641 cluster.py:663 - DEBUG - updating existing node i-2422fe46 in self._nodes
2011-12-22 03:10:13,440 PID: 30641 cluster.py:663 - DEBUG - updating existing node i-2a22fe48 in self._nodes
2011-12-22 03:10:13,440 PID: 30641 cluster.py:663 - DEBUG - updating existing node i-2822fe4a in self._nodes
2011-12-22 03:10:13,440 PID: 30641 cluster.py:663 - DEBUG - updating existing node i-2e22fe4c in self._nodes
2011-12-22 03:10:13,440 PID: 30641 cluster.py:663 - DEBUG - updating existing node i-2c22fe4e in self._nodes
2011-12-22 03:10:13,441 PID: 30641 cluster.py:663 - DEBUG - updating existing node i-3222fe50 in self._nodes
2011-12-22 03:10:13,441 PID: 30641 cluster.py:663 - DEBUG - updating existing node i-3022fe52 in self._nodes
2011-12-22 03:10:13,441 PID: 30641 cluster.py:663 - DEBUG - updating existing node i-3622fe54 in self._nodes
2011-12-22 03:10:13,441 PID: 30641 cluster.py:663 - DEBUG - updating existing node i-3422fe56 in self._nodes
2011-12-22 03:10:13,441 PID: 30641 cluster.py:663 - DEBUG - updating existing node i-3a22fe58 in self._nodes
2011-12-22 03:10:13,442 PID: 30641 cluster.py:663 - DEBUG - updating existing node i-3822fe5a in self._nodes
2011-12-22 03:10:13,442 PID: 30641 cluster.py:663 - DEBUG - updating existing node i-3e22fe5c in self._nodes
2011-12-22 03:10:13,442 PID: 30641 cluster.py:663 - DEBUG - updating existing node i-3c22fe5e in self._nodes
2011-12-22 03:10:13,442 PID: 30641 cluster.py:663 - DEBUG - updating existing node i-0222fe60 in self._nodes
2011-12-22 03:10:13,443 PID: 30641 cluster.py:663 - DEBUG - updating existing node i-0022fe62 in self._nodes
2011-12-22 03:10:13,443 PID: 30641 cluster.py:663 - DEBUG - updating existing node i-0622fe64 in self._nodes
2011-12-22 03:10:13,443 PID: 30641 cluster.py:663 - DEBUG - updating existing node i-0422fe66 in self._nodes
2011-12-22 03:10:13,443 PID: 30641 cluster.py:663 - DEBUG - updating existing node i-0a22fe68 in self._nodes
2011-12-22 03:10:13,444 PID: 30641 cluster.py:663 - DEBUG - updating existing node i-0822fe6a in self._nodes
2011-12-22 03:10:13,444 PID: 30641 cluster.py:663 - DEBUG - updating existing node i-0e22fe6c in self._nodes
2011-12-22 03:10:13,444 PID: 30641 cluster.py:663 - DEBUG - updating existing node i-0c22fe6e in self._nodes
2011-12-22 03:10:13,444 PID: 30641 cluster.py:663 - DEBUG - updating existing node i-1222fe70 in self._nodes
2011-12-22 03:10:13,444 PID: 30641 cluster.py:663 - DEBUG - updating existing node i-1022fe72 in self._nodes
2011-12-22 03:10:13,445 PID: 30641 cluster.py:663 - DEBUG - updating existing node i-1622fe74 in self._nodes
2011-12-22 03:10:13,445 PID: 30641 cluster.py:663 - DEBUG - updating existing node i-1422fe76 in self._nodes
2011-12-22 03:10:13,445 PID: 30641 cluster.py:663 - DEBUG - updating existing node i-1a22fe78 in self._nodes
2011-12-22 03:10:13,445 PID: 30641 cluster.py:663 - DEBUG - updating existing node i-1822fe7a in self._nodes
2011-12-22 03:10:13,446 PID: 30641 cluster.py:663 - DEBUG - updating existing node i-1e22fe7c in self._nodes
2011-12-22 03:10:13,446 PID: 30641 cluster.py:663 - DEBUG - updating existing node i-1c22fe7e in self._nodes
2011-12-22 03:10:13,446 PID: 30641 cluster.py:663 - DEBUG - updating existing node i-e222fe80 in self._nodes
2011-12-22 03:10:13,446 PID: 30641 cluster.py:663 - DEBUG - updating existing node i-e022fe82 in self._nodes
2011-12-22 03:10:13,447 PID: 30641 cluster.py:663 - DEBUG - updating existing node i-e622fe84 in self._nodes
2011-12-22 03:10:13,447 PID: 30641 cluster.py:663 - DEBUG - updating existing node i-e422fe86 in self._nodes
2011-12-22 03:10:13,447 PID: 30641 cluster.py:663 - DEBUG - updating existing node i-ea22fe88 in self._nodes
2011-12-22 03:10:13,447 PID: 30641 cluster.py:663 - DEBUG - updating existing node i-e822fe8a in self._nodes
2011-12-22 03:10:13,447 PID: 30641 cluster.py:663 - DEBUG - updating existing node i-ee22fe8c in self._nodes
2011-12-22 03:10:13,448 PID: 30641 cluster.py:663 - DEBUG - updating existing node i-ec22fe8e in self._nodes
2011-12-22 03:10:13,448 PID: 30641 cluster.py:663 - DEBUG - updating existing node i-f222fe90 in self._nodes
2011-12-22 03:10:13,448 PID: 30641 cluster.py:663 - DEBUG - updating existing node i-f022fe92 in self._nodes
2011-12-22 03:10:13,448 PID: 30641 cluster.py:663 - DEBUG - updating existing node i-f622fe94 in self._nodes
2011-12-22 03:10:13,449 PID: 30641 cluster.py:663 - DEBUG - updating existing node i-f422fe96 in self._nodes
2011-12-22 03:10:13,449 PID: 30641 cluster.py:663 - DEBUG - updating existing node i-fa22fe98 in self._nodes
2011-12-22 03:10:13,449 PID: 30641 cluster.py:663 - DEBUG - updating existing node i-f822fe9a in self._nodes
2011-12-22 03:10:13,449 PID: 30641 cluster.py:663 - DEBUG - updating existing node i-fe22fe9c in self._nodes
2011-12-22 03:10:13,449 PID: 30641 cluster.py:663 - DEBUG - updating existing node i-fc22fe9e in self._nodes
2011-12-22 03:10:13,450 PID: 30641 cluster.py:663 - DEBUG - updating existing node i-c222fea0 in self._nodes
2011-12-22 03:10:13,450 PID: 30641 cluster.py:663 - DEBUG - updating existing node i-c022fea2 in self._nodes
2011-12-22 03:10:13,450 PID: 30641 cluster.py:663 - DEBUG - updating existing node i-c622fea4 in self._nodes
2011-12-22 03:10:13,450 PID: 30641 cluster.py:663 - DEBUG - updating existing node i-c422fea6 in self._nodes
2011-12-22 03:10:13,451 PID: 30641 cluster.py:663 - DEBUG - updating existing node i-ca22fea8 in self._nodes
2011-12-22 03:10:13,451 PID: 30641 cluster.py:663 - DEBUG - updating existing node i-c822feaa in self._nodes
2011-12-22 03:10:13,451 PID: 30641 cluster.py:663 - DEBUG - updating existing node i-ce22feac in self._nodes
2011-12-22 03:10:13,451 PID: 30641 cluster.py:663 - DEBUG - updating existing node i-cc22feae in self._nodes
2011-12-22 03:10:13,452 PID: 30641 cluster.py:663 - DEBUG - updating existing node i-d222feb0 in self._nodes
2011-12-22 03:10:13,452 PID: 30641 cluster.py:663 - DEBUG - updating existing node i-d022feb2 in self._nodes
2011-12-22 03:10:13,452 PID: 30641 cluster.py:663 - DEBUG - updating existing node i-d622feb4 in self._nodes
2011-12-22 03:10:13,452 PID: 30641 cluster.py:663 - DEBUG - updating existing node i-d422feb6 in self._nodes
2011-12-22 03:10:13,452 PID: 30641 cluster.py:663 - DEBUG - updating existing node i-da22feb8 in self._nodes
2011-12-22 03:10:13,453 PID: 30641 cluster.py:663 - DEBUG - updating existing node i-d822feba in self._nodes
2011-12-22 03:10:13,453 PID: 30641 cluster.py:663 - DEBUG - updating existing node i-de22febc in self._nodes
2011-12-22 03:10:13,453 PID: 30641 cluster.py:663 - DEBUG - updating existing node i-dc22febe in self._nodes
2011-12-22 03:10:13,453 PID: 30641 cluster.py:663 - DEBUG - updating existing node i-a222fec0 in self._nodes
2011-12-22 03:10:13,454 PID: 30641 cluster.py:663 - DEBUG - updating existing node i-a022fec2 in self._nodes
2011-12-22 03:10:13,454 PID: 30641 cluster.py:663 - DEBUG - updating existing node i-a622fec4 in self._nodes
2011-12-22 03:10:13,454 PID: 30641 cluster.py:663 - DEBUG - updating existing node i-a422fec6 in self._nodes
2011-12-22 03:10:13,454 PID: 30641 cluster.py:663 - DEBUG - updating existing node i-aa22fec8 in self._nodes
2011-12-22 03:10:13,455 PID: 30641 cluster.py:663 - DEBUG - updating existing node i-a822feca in self._nodes
2011-12-22 03:10:13,455 PID: 30641 cluster.py:663 - DEBUG - updating existing node i-ae22fecc in self._nodes
2011-12-22 03:10:13,455 PID: 30641 cluster.py:663 - DEBUG - updating existing node i-ac22fece in self._nodes
2011-12-22 03:10:13,455 PID: 30641 cluster.py:663 - DEBUG - updating existing node i-b222fed0 in self._nodes
2011-12-22 03:10:13,456 PID: 30641 cluster.py:663 - DEBUG - updating existing node i-b022fed2 in self._nodes
2011-12-22 03:10:13,456 PID: 30641 cluster.py:663 - DEBUG - updating existing node i-b622fed4 in self._nodes
2011-12-22 03:10:13,456 PID: 30641 cluster.py:663 - DEBUG - updating existing node i-b422fed6 in self._nodes
2011-12-22 03:10:13,456 PID: 30641 cluster.py:663 - DEBUG - updating existing node i-ba22fed8 in self._nodes
2011-12-22 03:10:13,457 PID: 30641 cluster.py:663 - DEBUG - updating existing node i-b822feda in self._nodes
2011-12-22 03:10:13,457 PID: 30641 cluster.py:663 - DEBUG - updating existing node i-be22fedc in self._nodes
2011-12-22 03:10:13,457 PID: 30641 cluster.py:663 - DEBUG - updating existing node i-bc22fede in self._nodes
2011-12-22 03:10:13,457 PID: 30641 cluster.py:663 - DEBUG - updating existing node i-8222fee0 in self._nodes
2011-12-22 03:10:13,458 PID: 30641 cluster.py:663 - DEBUG - updating existing node i-8022fee2 in self._nodes
2011-12-22 03:10:13,458 PID: 30641 cluster.py:663 - DEBUG - updating existing node i-8622fee4 in self._nodes
2011-12-22 03:10:13,458 PID: 30641 cluster.py:663 - DEBUG - updating existing node i-8422fee6 in self._nodes
2011-12-22 03:10:13,458 PID: 30641 cluster.py:663 - DEBUG - updating existing node i-8a22fee8 in self._nodes
2011-12-22 03:10:13,459 PID: 30641 cluster.py:663 - DEBUG - updating existing node i-8822feea in self._nodes
2011-12-22 03:10:13,459 PID: 30641 cluster.py:663 - DEBUG - updating existing node i-8e22feec in self._nodes
2011-12-22 03:10:13,459 PID: 30641 cluster.py:663 - DEBUG - updating existing node i-8c22feee in self._nodes
2011-12-22 03:10:13,459 PID: 30641 cluster.py:663 - DEBUG - updating existing node i-9222fef0 in self._nodes
2011-12-22 03:10:13,459 PID: 30641 cluster.py:663 - DEBUG - updating existing node i-9022fef2 in self._nodes
2011-12-22 03:10:13,460 PID: 30641 cluster.py:663 - DEBUG - updating existing node i-9622fef4 in self._nodes
2011-12-22 03:10:13,460 PID: 30641 cluster.py:663 - DEBUG - updating existing node i-9422fef6 in self._nodes
2011-12-22 03:10:13,460 PID: 30641 cluster.py:663 - DEBUG - updating existing node i-9a22fef8 in self._nodes
2011-12-22 03:10:13,460 PID: 30641 cluster.py:663 - DEBUG - updating existing node i-9822fefa in self._nodes
2011-12-22 03:10:13,461 PID: 30641 cluster.py:663 - DEBUG - updating existing node i-9e22fefc in self._nodes
2011-12-22 03:10:13,461 PID: 30641 cluster.py:663 - DEBUG - updating existing node i-9c22fefe in self._nodes
2011-12-22 03:10:13,461 PID: 30641 cluster.py:663 - DEBUG - updating existing node i-6223ff00 in self._nodes
2011-12-22 03:10:13,461 PID: 30641 cluster.py:663 - DEBUG - updating existing node i-6023ff02 in self._nodes
2011-12-22 03:10:13,462 PID: 30641 cluster.py:663 - DEBUG - updating existing node i-6623ff04 in self._nodes
2011-12-22 03:10:13,462 PID: 30641 cluster.py:663 - DEBUG - updating existing node i-6423ff06 in self._nodes
2011-12-22 03:10:13,462 PID: 30641 cluster.py:663 - DEBUG - updating existing node i-6a23ff08 in self._nodes
2011-12-22 03:10:13,462 PID: 30641 cluster.py:663 - DEBUG - updating existing node i-6823ff0a in self._nodes
2011-12-22 03:10:13,462 PID: 30641 cluster.py:663 - DEBUG - updating existing node i-6e23ff0c in self._nodes
2011-12-22 03:10:13,463 PID: 30641 cluster.py:663 - DEBUG - updating existing node i-6c23ff0e in self._nodes
2011-12-22 03:10:13,463 PID: 30641 cluster.py:663 - DEBUG - updating existing node i-7223ff10 in self._nodes
2011-12-22 03:10:13,463 PID: 30641 cluster.py:663 - DEBUG - updating existing node i-7023ff12 in self._nodes
2011-12-22 03:10:13,463 PID: 30641 cluster.py:663 - DEBUG - updating existing node i-7623ff14 in self._nodes
2011-12-22 03:10:13,464 PID: 30641 cluster.py:663 - DEBUG - updating existing node i-7423ff16 in self._nodes
2011-12-22 03:10:13,464 PID: 30641 cluster.py:663 - DEBUG - updating existing node i-7a23ff18 in self._nodes
2011-12-22 03:10:13,464 PID: 30641 cluster.py:663 - DEBUG - updating existing node i-7823ff1a in self._nodes
2011-12-22 03:10:13,464 PID: 30641 cluster.py:663 - DEBUG - updating existing node i-7e23ff1c in self._nodes
2011-12-22 03:10:13,464 PID: 30641 cluster.py:663 - DEBUG - updating existing node i-7c23ff1e in self._nodes
2011-12-22 03:10:13,465 PID: 30641 cluster.py:663 - DEBUG - updating existing node i-4223ff20 in self._nodes
2011-12-22 03:10:13,465 PID: 30641 cluster.py:663 - DEBUG - updating existing node i-4023ff22 in self._nodes
2011-12-22 03:10:13,465 PID: 30641 cluster.py:663 - DEBUG - updating existing node i-4623ff24 in self._nodes
2011-12-22 03:10:13,465 PID: 30641 cluster.py:663 - DEBUG - updating existing node i-4423ff26 in self._nodes
2011-12-22 03:10:13,466 PID: 30641 cluster.py:663 - DEBUG - updating existing node i-4a23ff28 in self._nodes
2011-12-22 03:10:13,466 PID: 30641 cluster.py:663 - DEBUG - updating existing node i-4823ff2a in self._nodes
2011-12-22 03:10:13,466 PID: 30641 cluster.py:663 - DEBUG - updating existing node i-4e23ff2c in self._nodes
2011-12-22 03:10:13,466 PID: 30641 cluster.py:663 - DEBUG - updating existing node i-4c23ff2e in self._nodes
2011-12-22 03:10:13,467 PID: 30641 cluster.py:663 - DEBUG - updating existing node i-5223ff30 in self._nodes
2011-12-22 03:10:13,467 PID: 30641 cluster.py:663 - DEBUG - updating existing node i-5023ff32 in self._nodes
2011-12-22 03:10:13,467 PID: 30641 cluster.py:663 - DEBUG - updating existing node i-5623ff34 in self._nodes
2011-12-22 03:10:13,467 PID: 30641 cluster.py:663 - DEBUG - updating existing node i-5423ff36 in self._nodes
2011-12-22 03:10:13,467 PID: 30641 cluster.py:663 - DEBUG - updating existing node i-5a23ff38 in self._nodes
2011-12-22 03:10:13,468 PID: 30641 cluster.py:663 - DEBUG - updating existing node i-5823ff3a in self._nodes
2011-12-22 03:10:13,468 PID: 30641 cluster.py:663 - DEBUG - updating existing node i-5e23ff3c in self._nodes
2011-12-22 03:10:13,468 PID: 30641 cluster.py:663 - DEBUG - updating existing node i-5c23ff3e in self._nodes
2011-12-22 03:10:13,468 PID: 30641 cluster.py:663 - DEBUG - updating existing node i-2223ff40 in self._nodes
2011-12-22 03:10:13,469 PID: 30641 cluster.py:663 - DEBUG - updating existing node i-2023ff42 in self._nodes
2011-12-22 03:10:13,469 PID: 30641 cluster.py:663 - DEBUG - updating existing node i-2623ff44 in self._nodes
2011-12-22 03:10:13,469 PID: 30641 cluster.py:663 - DEBUG - updating existing node i-2423ff46 in self._nodes
2011-12-22 03:10:13,469 PID: 30641 cluster.py:663 - DEBUG - updating existing node i-2a23ff48 in self._nodes
2011-12-22 03:10:13,470 PID: 30641 cluster.py:663 - DEBUG - updating existing node i-2823ff4a in self._nodes
2011-12-22 03:10:13,470 PID: 30641 cluster.py:663 - DEBUG - updating existing node i-2e23ff4c in self._nodes
2011-12-22 03:10:13,470 PID: 30641 cluster.py:663 - DEBUG - updating existing node i-2c23ff4e in self._nodes
2011-12-22 03:10:13,470 PID: 30641 cluster.py:663 - DEBUG - updating existing node i-3223ff50 in self._nodes
2011-12-22 03:10:13,470 PID: 30641 cluster.py:663 - DEBUG - updating existing node i-3023ff52 in self._nodes
2011-12-22 03:10:13,471 PID: 30641 cluster.py:663 - DEBUG - updating existing node i-3623ff54 in self._nodes
2011-12-22 03:10:13,471 PID: 30641 cluster.py:663 - DEBUG - updating existing node i-3423ff56 in self._nodes
2011-12-22 03:10:13,471 PID: 30641 cluster.py:663 - DEBUG - updating existing node i-3a23ff58 in self._nodes
2011-12-22 03:10:13,471 PID: 30641 cluster.py:663 - DEBUG - updating existing node i-3823ff5a in self._nodes
2011-12-22 03:10:13,472 PID: 30641 cluster.py:663 - DEBUG - updating existing node i-3e23ff5c in self._nodes
2011-12-22 03:10:13,472 PID: 30641 cluster.py:663 - DEBUG - updating existing node i-3c23ff5e in self._nodes
2011-12-22 03:10:13,472 PID: 30641 cluster.py:663 - DEBUG - updating existing node i-0223ff60 in self._nodes
2011-12-22 03:10:13,472 PID: 30641 cluster.py:663 - DEBUG - updating existing node i-0023ff62 in self._nodes
2011-12-22 03:10:13,472 PID: 30641 cluster.py:663 - DEBUG - updating existing node i-0623ff64 in self._nodes
2011-12-22 03:10:13,473 PID: 30641 cluster.py:663 - DEBUG - updating existing node i-0423ff66 in self._nodes
2011-12-22 03:10:13,473 PID: 30641 cluster.py:663 - DEBUG - updating existing node i-0a23ff68 in self._nodes
2011-12-22 03:10:13,473 PID: 30641 cluster.py:663 - DEBUG - updating existing node i-0823ff6a in self._nodes
2011-12-22 03:10:13,473 PID: 30641 cluster.py:663 - DEBUG - updating existing node i-0e23ff6c in self._nodes
2011-12-22 03:10:13,474 PID: 30641 cluster.py:663 - DEBUG - updating existing node i-0c23ff6e in self._nodes
2011-12-22 03:10:13,474 PID: 30641 cluster.py:663 - DEBUG - updating existing node i-1223ff70 in self._nodes
2011-12-22 03:10:13,474 PID: 30641 cluster.py:663 - DEBUG - updating existing node i-1023ff72 in self._nodes
2011-12-22 03:10:13,474 PID: 30641 cluster.py:663 - DEBUG - updating existing node i-1623ff74 in self._nodes
2011-12-22 03:10:13,475 PID: 30641 cluster.py:663 - DEBUG - updating existing node i-1423ff76 in self._nodes
2011-12-22 03:10:13,475 PID: 30641 cluster.py:663 - DEBUG - updating existing node i-1a23ff78 in self._nodes
2011-12-22 03:10:13,475 PID: 30641 cluster.py:663 - DEBUG - updating existing node i-1823ff7a in self._nodes
2011-12-22 03:10:13,475 PID: 30641 cluster.py:663 - DEBUG - updating existing node i-1e23ff7c in self._nodes
2011-12-22 03:10:13,475 PID: 30641 cluster.py:663 - DEBUG - updating existing node i-1c23ff7e in self._nodes
2011-12-22 03:10:13,476 PID: 30641 cluster.py:663 - DEBUG - updating existing node i-e223ff80 in self._nodes
2011-12-22 03:10:13,476 PID: 30641 cluster.py:663 - DEBUG - updating existing node i-e023ff82 in self._nodes
2011-12-22 03:10:13,476 PID: 30641 cluster.py:663 - DEBUG - updating existing node i-e623ff84 in self._nodes
2011-12-22 03:10:13,476 PID: 30641 cluster.py:663 - DEBUG - updating existing node i-e423ff86 in self._nodes
2011-12-22 03:10:13,477 PID: 30641 cluster.py:663 - DEBUG - updating existing node i-ea23ff88 in self._nodes
2011-12-22 03:10:13,477 PID: 30641 cluster.py:663 - DEBUG - updating existing node i-e823ff8a in self._nodes
2011-12-22 03:10:13,477 PID: 30641 cluster.py:663 - DEBUG - updating existing node i-ee23ff8c in self._nodes
2011-12-22 03:10:13,477 PID: 30641 cluster.py:663 - DEBUG - updating existing node i-ec23ff8e in self._nodes
2011-12-22 03:10:13,478 PID: 30641 cluster.py:663 - DEBUG - updating existing node i-f223ff90 in self._nodes
2011-12-22 03:10:13,478 PID: 30641 cluster.py:663 - DEBUG - updating existing node i-f023ff92 in self._nodes
2011-12-22 03:10:13,478 PID: 30641 cluster.py:663 - DEBUG - updating existing node i-f623ff94 in self._nodes
2011-12-22 03:10:13,479 PID: 30641 cluster.py:663 - DEBUG - updating existing node i-f423ff96 in self._nodes
2011-12-22 03:10:13,479 PID: 30641 cluster.py:663 - DEBUG - updating existing node i-fa23ff98 in self._nodes
2011-12-22 03:10:13,479 PID: 30641 cluster.py:663 - DEBUG - updating existing node i-f823ff9a in self._nodes
2011-12-22 03:10:13,479 PID: 30641 cluster.py:663 - DEBUG - updating existing node i-fe23ff9c in self._nodes
2011-12-22 03:10:13,480 PID: 30641 cluster.py:663 - DEBUG - updating existing node i-fc23ff9e in self._nodes
2011-12-22 03:10:13,480 PID: 30641 cluster.py:663 - DEBUG - updating existing node i-c223ffa0 in self._nodes
2011-12-22 03:10:13,480 PID: 30641 cluster.py:663 - DEBUG - updating existing node i-c023ffa2 in self._nodes
2011-12-22 03:10:13,480 PID: 30641 cluster.py:663 - DEBUG - updating existing node i-c623ffa4 in self._nodes
2011-12-22 03:10:13,480 PID: 30641 cluster.py:663 - DEBUG - updating existing node i-c423ffa6 in self._nodes
2011-12-22 03:10:13,481 PID: 30641 cluster.py:663 - DEBUG - updating existing node i-ca23ffa8 in self._nodes
2011-12-22 03:10:13,481 PID: 30641 cluster.py:663 - DEBUG - updating existing node i-c823ffaa in self._nodes
2011-12-22 03:10:13,481 PID: 30641 cluster.py:663 - DEBUG - updating existing node i-ce23ffac in self._nodes
2011-12-22 03:10:13,481 PID: 30641 cluster.py:663 - DEBUG - updating existing node i-cc23ffae in self._nodes
2011-12-22 03:10:13,483 PID: 30641 cluster.py:676 - DEBUG - returning self._nodes = [<Node: master (i-7c22fe1e)>, <Node: node001 (i-4222fe20)>, <Node: node002 (i-4022fe22)>, <Node: node003 (i-4622fe24)>, <Node: node004 (i-4422fe26)>, <Node: node005 (i-4a22fe28)>, <Node: node006 (i-4822fe2a)>, <Node: node007 (i-4e22fe2c)>, <Node: node008 (i-4c22fe2e)>, <Node: node009 (i-5222fe30)>, <Node: node010 (i-5622fe34)>, <Node: node011 (i-5422fe36)>, <Node: node012 (i-5a22fe38)>, <Node: node013 (i-5822fe3a)>, <Node: node014 (i-5e22fe3c)>, <Node: node015 (i-5c22fe3e)>, <Node: node016 (i-2222fe40)>, <Node: node017 (i-2022fe42)>, <Node: node018 (i-2622fe44)>, <Node: node019 (i-2422fe46)>, <Node: node020 (i-2a22fe48)>, <Node: node021 (i-2822fe4a)>, <Node: node022 (i-2e22fe4c)>, <Node: node023 (i-2c22fe4e)>, <Node: node024 (i-3222fe50)>, <Node: node025 (i-3022fe52)>, <Node: node026 (i-3622fe54)>, <Node: node027 (i-3422fe56)>, <Node: node028 (i-3a22fe58)>, <Node: node029 (i-3822fe5a)>, <Node: node030 (i-3e22fe5c)>, <Node: node031 (i-3c22fe5e)>, <Node: node032 (i-0222fe60)>, <Node: node033 (i-0022fe62)>, <Node: node034 (i-0622fe64)>, <Node: node035 (i-0422fe66)>, <Node: node036 (i-0a22fe68)>, <Node: node037 (i-0822fe6a)>, <Node: node038 (i-0e22fe6c)>, <Node: node039 (i-0c22fe6e)>, <Node: node040 (i-1222fe70)>, <Node: node041 (i-1022fe72)>, <Node: node042 (i-1622fe74)>, <Node: node043 (i-1422fe76)>, <Node: node044 (i-1a22fe78)>, <Node: node045 (i-1822fe7a)>, <Node: node046 (i-1e22fe7c)>, <Node: node047 (i-1c22fe7e)>, <Node: node048 (i-e222fe80)>, <Node: node049 (i-e022fe82)>, <Node: node050 (i-e622fe84)>, <Node: node051 (i-e422fe86)>, <Node: node052 (i-ea22fe88)>, <Node: node053 (i-e822fe8a)>, <Node: node054 (i-ee22fe8c)>, <Node: node055 (i-ec22fe8e)>, <Node: node056 (i-f222fe90)>, <Node: node057 (i-f022fe92)>, <Node: node058 (i-f622fe94)>, <Node: node059 (i-f422fe96)>, <Node: node060 (i-fa22fe98)>, <Node: node061 (i-f822fe9a)>, <Node: node062 (i-fe22fe9c)>, <Node: node063 (i-fc22fe9e)>, <Node: node064 (i-c222fea0)>, <Node: node065 (i-c022fea2)>, <Node: node066 (i-c622fea4)>, <Node: node067 (i-c422fea6)>, <Node: node068 (i-ca22fea8)>, <Node: node069 (i-c822feaa)>, <Node: node070 (i-ce22feac)>, <Node: node071 (i-cc22feae)>, <Node: node072 (i-d222feb0)>, <Node: node073 (i-d022feb2)>, <Node: node074 (i-d622feb4)>, <Node: node075 (i-d422feb6)>, <Node: node076 (i-da22feb8)>, <Node: node077 (i-d822feba)>, <Node: node078 (i-de22febc)>, <Node: node079 (i-dc22febe)>, <Node: node080 (i-a222fec0)>, <Node: node081 (i-a022fec2)>, <Node: node082 (i-a622fec4)>, <Node: node083 (i-a422fec6)>, <Node: node084 (i-aa22fec8)>, <Node: node085 (i-a822feca)>, <Node: node086 (i-ae22fecc)>, <Node: node087 (i-ac22fece)>, <Node: node088 (i-b222fed0)>, <Node: node089 (i-b022fed2)>, <Node: node090 (i-b622fed4)>, <Node: node091 (i-b422fed6)>, <Node: node092 (i-ba22fed8)>, <Node: node093 (i-b822feda)>, <Node: node094 (i-be22fedc)>, <Node: node095 (i-bc22fede)>, <Node: node096 (i-8222fee0)>, <Node: node097 (i-8022fee2)>, <Node: node098 (i-8622fee4)>, <Node: node099 (i-8422fee6)>, <Node: node100 (i-8a22fee8)>, <Node: node101 (i-8822feea)>, <Node: node102 (i-8e22feec)>, <Node: node103 (i-8c22feee)>, <Node: node104 (i-9222fef0)>, <Node: node105 (i-9022fef2)>, <Node: node106 (i-9622fef4)>, <Node: node107 (i-9422fef6)>, <Node: node108 (i-9a22fef8)>, <Node: node109 (i-9822fefa)>, <Node: node110 (i-9e22fefc)>, <Node: node111 (i-9c22fefe)>, <Node: node112 (i-6223ff00)>, <Node: node113 (i-6023ff02)>, <Node: node114 (i-6623ff04)>, <Node: node115 (i-6423ff06)>, <Node: node116 (i-6a23ff08)>, <Node: node117 (i-6823ff0a)>, <Node: node118 (i-6e23ff0c)>, <Node: node119 (i-6c23ff0e)>, <Node: node120 (i-7223ff10)>, <Node: node121 (i-7023ff12)>, <Node: node122 (i-7623ff14)>, <Node: node123 (i-7423ff16)>, <Node: node124 (i-7a23ff18)>, <Node: node125 (i-7823ff1a)>, <Node: node126 (i-7e23ff1c)>, <Node: node127 (i-7c23ff1e)>, <Node: node128 (i-4223ff20)>, <Node: node129 (i-4023ff22)>, <Node: node130 (i-4623ff24)>, <Node: node131 (i-4423ff26)>, <Node: node132 (i-4a23ff28)>, <Node: node133 (i-4823ff2a)>, <Node: node134 (i-4e23ff2c)>, <Node: node135 (i-4c23ff2e)>, <Node: node136 (i-5223ff30)>, <Node: node137 (i-5023ff32)>, <Node: node138 (i-5623ff34)>, <Node: node139 (i-5423ff36)>, <Node: node140 (i-5a23ff38)>, <Node: node141 (i-5823ff3a)>, <Node: node142 (i-5e23ff3c)>, <Node: node143 (i-5c23ff3e)>, <Node: node144 (i-2223ff40)>, <Node: node145 (i-2023ff42)>, <Node: node146 (i-2623ff44)>, <Node: node147 (i-2423ff46)>, <Node: node148 (i-2a23ff48)>, <Node: node149 (i-2823ff4a)>, <Node: node150 (i-2e23ff4c)>, <Node: node151 (i-2c23ff4e)>, <Node: node152 (i-3223ff50)>, <Node: node153 (i-3023ff52)>, <Node: node154 (i-3623ff54)>, <Node: node155 (i-3423ff56)>, <Node: node156 (i-3a23ff58)>, <Node: node157 (i-3823ff5a)>, <Node: node158 (i-3e23ff5c)>, <Node: node159 (i-3c23ff5e)>, <Node: node160 (i-0223ff60)>, <Node: node161 (i-0023ff62)>, <Node: node162 (i-0623ff64)>, <Node: node163 (i-0423ff66)>, <Node: node164 (i-0a23ff68)>, <Node: node165 (i-0823ff6a)>, <Node: node166 (i-0e23ff6c)>, <Node: node167 (i-0c23ff6e)>, <Node: node168 (i-1223ff70)>, <Node: node169 (i-1023ff72)>, <Node: node170 (i-1623ff74)>, <Node: node171 (i-1423ff76)>, <Node: node172 (i-1a23ff78)>, <Node: node173 (i-1823ff7a)>, <Node: node174 (i-1e23ff7c)>, <Node: node175 (i-1c23ff7e)>, <Node: node176 (i-e223ff80)>, <Node: node177 (i-e023ff82)>, <Node: node178 (i-e623ff84)>, <Node: node179 (i-e423ff86)>, <Node: node180 (i-ea23ff88)>, <Node: node181 (i-e823ff8a)>, <Node: node182 (i-ee23ff8c)>, <Node: node183 (i-ec23ff8e)>, <Node: node184 (i-f223ff90)>, <Node: node185 (i-f023ff92)>, <Node: node186 (i-f623ff94)>, <Node: node187 (i-f423ff96)>, <Node: node188 (i-fa23ff98)>, <Node: node189 (i-f823ff9a)>, <Node: node190 (i-fe23ff9c)>, <Node: node191 (i-fc23ff9e)>, <Node: node192 (i-c223ffa0)>, <Node: node193 (i-c023ffa2)>, <Node: node194 (i-c623ffa4)>, <Node: node195 (i-c423ffa6)>, <Node: node196 (i-ca23ffa8)>, <Node: node197 (i-c823ffaa)>, <Node: node198 (i-ce23ffac)>, <Node: node199 (i-cc23ffae)>]
2011-12-22 03:10:21,229 PID: 30641 ssh.py:91 - DEBUG - connecting to host ec2-107-21-128-191.compute-1.amazonaws.com on port 22 as user root
2011-12-22 03:10:25,520 PID: 30641 ssh.py:91 - DEBUG - connecting to host ec2-107-21-67-51.compute-1.amazonaws.com on port 22 as user root
2011-12-22 03:10:59,160 PID: 30641 ssh.py:91 - DEBUG - connecting to host ec2-50-17-49-61.compute-1.amazonaws.com on port 22 as user root
2011-12-22 03:11:02,772 PID: 30641 ssh.py:91 - DEBUG - connecting to host ec2-174-129-113-209.compute-1.amazonaws.com on port 22 as user root
2011-12-22 03:11:22,711 PID: 30641 cluster.py:660 - DEBUG - existing nodes: {u'i-6423ff06': <Node: node115 (i-6423ff06)>, u'i-0022fe62': <Node: node033 (i-0022fe62)>, u'i-ae22fecc': <Node: node086 (i-ae22fecc)>, u'i-a822feca': <Node: node085 (i-a822feca)>, u'i-1e23ff7c': <Node: node174 (i-1e23ff7c)>, u'i-f423ff96': <Node: node187 (i-f423ff96)>, u'i-d622feb4': <Node: node074 (i-d622feb4)>, u'i-2022fe42': <Node: node017 (i-2022fe42)>, u'i-f422fe96': <Node: node059 (i-f422fe96)>, u'i-e222fe80': <Node: node048 (i-e222fe80)>, u'i-b222fed0': <Node: node088 (i-b222fed0)>, u'i-2c22fe4e': <Node: node023 (i-2c22fe4e)>, u'i-3822fe5a': <Node: node029 (i-3822fe5a)>, u'i-0c23ff6e': <Node: node167 (i-0c23ff6e)>, u'i-8c22feee': <Node: node103 (i-8c22feee)>, u'i-7c23ff1e': <Node: node127 (i-7c23ff1e)>, u'i-f623ff94': <Node: node186 (i-f623ff94)>, u'i-8822feea': <Node: node101 (i-8822feea)>, u'i-3222fe50': <Node: node024 (i-3222fe50)>, u'i-5222fe30': <Node: node009 (i-5222fe30)>, u'i-4822fe2a': <Node: node006 (i-4822fe2a)>, u'i-a622fec4': <Node: node082 (i-a622fec4)>, u'i-f823ff9a': <Node: node189 (i-f823ff9a)>, u'i-4423ff26': <Node: node131 (i-4423ff26)>, u'i-6223ff00': <Node: node112 (i-6223ff00)>, u'i-4a23ff28': <Node: node132 (i-4a23ff28)>, u'i-7c22fe1e': <Node: master (i-7c22fe1e)>, u'i-2623ff44': <Node: node146 (i-2623ff44)>, u'i-c222fea0': <Node: node064 (i-c222fea0)>, u'i-2823ff4a': <Node: node149 (i-2823ff4a)>, u'i-1c22fe7e': <Node: node047 (i-1c22fe7e)>, u'i-5e23ff3c': <Node: node142 (i-5e23ff3c)>, u'i-4e22fe2c': <Node: node007 (i-4e22fe2c)>, u'i-4c23ff2e': <Node: node135 (i-4c23ff2e)>, u'i-9222fef0': <Node: node104 (i-9222fef0)>, u'i-da22feb8': <Node: node076 (i-da22feb8)>, u'i-7e23ff1c': <Node: node126 (i-7e23ff1c)>, u'i-5e22fe3c': <Node: node014 (i-5e22fe3c)>, u'i-5a23ff38': <Node: node140 (i-5a23ff38)>, u'i-ce22feac': <Node: node070 (i-ce22feac)>, u'i-8022fee2': <Node: node097 (i-8022fee2)>, u'i-f822fe9a': <Node: node061 (i-f822fe9a)>, u'i-e223ff80': <Node: node176 (i-e223ff80)>, u'i-0c22fe6e': <Node: node039 (i-0c22fe6e)>, u'i-5223ff30': <Node: node136 (i-5223ff30)>, u'i-2622fe44': <Node: node018 (i-2622fe44)>, u'i-5423ff36': <Node: node139 (i-5423ff36)>, u'i-6823ff0a': <Node: node117 (i-6823ff0a)>, u'i-4222fe20': <Node: node001 (i-4222fe20)>, u'i-4823ff2a': <Node: node133 (i-4823ff2a)>, u'i-9422fef6': <Node: node107 (i-9422fef6)>, u'i-7423ff16': <Node: node123 (i-7423ff16)>, u'i-1622fe74': <Node: node042 (i-1622fe74)>, u'i-1c23ff7e': <Node: node175 (i-1c23ff7e)>, u'i-0423ff66': <Node: node163 (i-0423ff66)>, u'i-7823ff1a': <Node: node125 (i-7823ff1a)>, u'i-1a22fe78': <Node: node044 (i-1a22fe78)>, u'i-5023ff32': <Node: node137 (i-5023ff32)>, u'i-2423ff46': <Node: node147 (i-2423ff46)>, u'i-4022fe22': <Node: node002 (i-4022fe22)>, u'i-7023ff12': <Node: node121 (i-7023ff12)>, u'i-b622fed4': <Node: node090 (i-b622fed4)>, u'i-f222fe90': <Node: node056 (i-f222fe90)>, u'i-ee22fe8c': <Node: node054 (i-ee22fe8c)>, u'i-c022fea2': <Node: node065 (i-c022fea2)>, u'i-5c23ff3e': <Node: node143 (i-5c23ff3e)>, u'i-1a23ff78': <Node: node172 (i-1a23ff78)>, u'i-1623ff74': <Node: node170 (i-1623ff74)>, u'i-fc23ff9e': <Node: node191 (i-fc23ff9e)>, u'i-2e22fe4c': <Node: node022 (i-2e22fe4c)>, u'i-ee23ff8c': <Node: node182 (i-ee23ff8c)>, u'i-e022fe82': <Node: node049 (i-e022fe82)>, u'i-8e22feec': <Node: node102 (i-8e22feec)>, u'i-9a22fef8': <Node: node108 (i-9a22fef8)>, u'i-5a22fe38': <Node: node012 (i-5a22fe38)>, u'i-3c23ff5e': <Node: node159 (i-3c23ff5e)>, u'i-de22febc': <Node: node078 (i-de22febc)>, u'i-fa23ff98': <Node: node188 (i-fa23ff98)>, u'i-4622fe24': <Node: node003 (i-4622fe24)>, u'i-b422fed6': <Node: node091 (i-b422fed6)>, u'i-9622fef4': <Node: node106 (i-9622fef4)>, u'i-6023ff02': <Node: node113 (i-6023ff02)>, u'i-1823ff7a': <Node: node173 (i-1823ff7a)>, u'i-f022fe92': <Node: node057 (i-f022fe92)>, u'i-3423ff56': <Node: node155 (i-3423ff56)>, u'i-fc22fe9e': <Node: node063 (i-fc22fe9e)>, u'i-c623ffa4': <Node: node194 (i-c623ffa4)>, u'i-a222fec0': <Node: node080 (i-a222fec0)>, u'i-0223ff60': <Node: node160 (i-0223ff60)>, u'i-3823ff5a': <Node: node157 (i-3823ff5a)>, u'i-ce23ffac': <Node: node198 (i-ce23ffac)>, u'i-2a22fe48': <Node: node020 (i-2a22fe48)>, u'i-2a23ff48': <Node: node148 (i-2a23ff48)>, u'i-2222fe40': <Node: node016 (i-2222fe40)>, u'i-0422fe66': <Node: node035 (i-0422fe66)>, u'i-7223ff10': <Node: node120 (i-7223ff10)>, u'i-ec22fe8e': <Node: node055 (i-ec22fe8e)>, u'i-ea22fe88': <Node: node052 (i-ea22fe88)>, u'i-e422fe86': <Node: node051 (i-e422fe86)>, u'i-c223ffa0': <Node: node192 (i-c223ffa0)>, u'i-1023ff72': <Node: node169 (i-1023ff72)>, u'i-7a23ff18': <Node: node124 (i-7a23ff18)>, u'i-fe22fe9c': <Node: node062 (i-fe22fe9c)>, u'i-c423ffa6': <Node: node195 (i-c423ffa6)>, u'i-f622fe94': <Node: node058 (i-f622fe94)>, u'i-0622fe64': <Node: node034 (i-0622fe64)>, u'i-2023ff42': <Node: node145 (i-2023ff42)>, u'i-0e23ff6c': <Node: node166 (i-0e23ff6c)>, u'i-0823ff6a': <Node: node165 (i-0823ff6a)>, u'i-1022fe72': <Node: node041 (i-1022fe72)>, u'i-0623ff64': <Node: node162 (i-0623ff64)>, u'i-cc22feae': <Node: node071 (i-cc22feae)>, u'i-0a22fe68': <Node: node036 (i-0a22fe68)>, u'i-6623ff04': <Node: node114 (i-6623ff04)>, u'i-aa22fec8': <Node: node084 (i-aa22fec8)>, u'i-2e23ff4c': <Node: node150 (i-2e23ff4c)>, u'i-c422fea6': <Node: node067 (i-c422fea6)>, u'i-ea23ff88': <Node: node180 (i-ea23ff88)>, u'i-d022feb2': <Node: node073 (i-d022feb2)>, u'i-4e23ff2c': <Node: node134 (i-4e23ff2c)>, u'i-3e23ff5c': <Node: node158 (i-3e23ff5c)>, u'i-e623ff84': <Node: node178 (i-e623ff84)>, u'i-5823ff3a': <Node: node141 (i-5823ff3a)>, u'i-3e22fe5c': <Node: node030 (i-3e22fe5c)>, u'i-0822fe6a': <Node: node037 (i-0822fe6a)>, u'i-c622fea4': <Node: node066 (i-c622fea4)>, u'i-dc22febe': <Node: node079 (i-dc22febe)>, u'i-0023ff62': <Node: node161 (i-0023ff62)>, u'i-1223ff70': <Node: node168 (i-1223ff70)>, u'i-c023ffa2': <Node: node193 (i-c023ffa2)>, u'i-0e22fe6c': <Node: node038 (i-0e22fe6c)>, u'i-6e23ff0c': <Node: node118 (i-6e23ff0c)>, u'i-c823ffaa': <Node: node197 (i-c823ffaa)>, u'i-2822fe4a': <Node: node021 (i-2822fe4a)>, u'i-1e22fe7c': <Node: node046 (i-1e22fe7c)>, u'i-3a22fe58': <Node: node028 (i-3a22fe58)>, u'i-e023ff82': <Node: node177 (i-e023ff82)>, u'i-bc22fede': <Node: node095 (i-bc22fede)>, u'i-d422feb6': <Node: node075 (i-d422feb6)>, u'i-5623ff34': <Node: node138 (i-5623ff34)>, u'i-1222fe70': <Node: node040 (i-1222fe70)>, u'i-9022fef2': <Node: node105 (i-9022fef2)>, u'i-b022fed2': <Node: node089 (i-b022fed2)>, u'i-be22fedc': <Node: node094 (i-be22fedc)>, u'i-a422fec6': <Node: node083 (i-a422fec6)>, u'i-0a23ff68': <Node: node164 (i-0a23ff68)>, u'i-3022fe52': <Node: node025 (i-3022fe52)>, u'i-d222feb0': <Node: node072 (i-d222feb0)>, u'i-4223ff20': <Node: node128 (i-4223ff20)>, u'i-c822feaa': <Node: node069 (i-c822feaa)>, u'i-8622fee4': <Node: node098 (i-8622fee4)>, u'i-4c22fe2e': <Node: node008 (i-4c22fe2e)>, u'i-4623ff24': <Node: node130 (i-4623ff24)>, u'i-cc23ffae': <Node: node199 (i-cc23ffae)>, u'i-1822fe7a': <Node: node045 (i-1822fe7a)>, u'i-1422fe76': <Node: node043 (i-1422fe76)>, u'i-fe23ff9c': <Node: node190 (i-fe23ff9c)>, u'i-5822fe3a': <Node: node013 (i-5822fe3a)>, u'i-2223ff40': <Node: node144 (i-2223ff40)>, u'i-f223ff90': <Node: node184 (i-f223ff90)>, u'i-b822feda': <Node: node093 (i-b822feda)>, u'i-3422fe56': <Node: node027 (i-3422fe56)>, u'i-3223ff50': <Node: node152 (i-3223ff50)>, u'i-0222fe60': <Node: node032 (i-0222fe60)>, u'i-ec23ff8e': <Node: node183 (i-ec23ff8e)>, u'i-2422fe46': <Node: node019 (i-2422fe46)>, u'i-3623ff54': <Node: node154 (i-3623ff54)>, u'i-4422fe26': <Node: node004 (i-4422fe26)>, u'i-4a22fe28': <Node: node005 (i-4a22fe28)>, u'i-3023ff52': <Node: node153 (i-3023ff52)>, u'i-5622fe34': <Node: node010 (i-5622fe34)>, u'i-3c22fe5e': <Node: node031 (i-3c22fe5e)>, u'i-a022fec2': <Node: node081 (i-a022fec2)>, u'i-9822fefa': <Node: node109 (i-9822fefa)>, u'i-3622fe54': <Node: node026 (i-3622fe54)>, u'i-4023ff22': <Node: node129 (i-4023ff22)>, u'i-e622fe84': <Node: node050 (i-e622fe84)>, u'i-d822feba': <Node: node077 (i-d822feba)>, u'i-5c22fe3e': <Node: node015 (i-5c22fe3e)>, u'i-3a23ff58': <Node: node156 (i-3a23ff58)>, u'i-ca23ffa8': <Node: node196 (i-ca23ffa8)>, u'i-e423ff86': <Node: node179 (i-e423ff86)>, u'i-e823ff8a': <Node: node181 (i-e823ff8a)>, u'i-8422fee6': <Node: node099 (i-8422fee6)>, u'i-1423ff76': <Node: node171 (i-1423ff76)>, u'i-8222fee0': <Node: node096 (i-8222fee0)>, u'i-f023ff92': <Node: node185 (i-f023ff92)>, u'i-ac22fece': <Node: node087 (i-ac22fece)>, u'i-9e22fefc': <Node: node110 (i-9e22fefc)>, u'i-8a22fee8': <Node: node100 (i-8a22fee8)>, u'i-5422fe36': <Node: node011 (i-5422fe36)>, u'i-2c23ff4e': <Node: node151 (i-2c23ff4e)>, u'i-9c22fefe': <Node: node111 (i-9c22fefe)>, u'i-7623ff14': <Node: node122 (i-7623ff14)>, u'i-6a23ff08': <Node: node116 (i-6a23ff08)>, u'i-fa22fe98': <Node: node060 (i-fa22fe98)>, u'i-ca22fea8': <Node: node068 (i-ca22fea8)>, u'i-e822fe8a': <Node: node053 (i-e822fe8a)>, u'i-ba22fed8': <Node: node092 (i-ba22fed8)>, u'i-6c23ff0e': <Node: node119 (i-6c23ff0e)>}
2011-12-22 03:11:22,712 PID: 30641 cluster.py:663 - DEBUG - updating existing node i-7c22fe1e in self._nodes
2011-12-22 03:11:22,712 PID: 30641 cluster.py:663 - DEBUG - updating existing node i-4222fe20 in self._nodes
2011-12-22 03:11:22,713 PID: 30641 cluster.py:663 - DEBUG - updating existing node i-4022fe22 in self._nodes
2011-12-22 03:11:22,713 PID: 30641 cluster.py:663 - DEBUG - updating existing node i-4622fe24 in self._nodes
2011-12-22 03:11:22,713 PID: 30641 cluster.py:663 - DEBUG - updating existing node i-4422fe26 in self._nodes
2011-12-22 03:11:22,713 PID: 30641 cluster.py:663 - DEBUG - updating existing node i-4a22fe28 in self._nodes
2011-12-22 03:11:22,713 PID: 30641 cluster.py:663 - DEBUG - updating existing node i-4822fe2a in self._nodes
2011-12-22 03:11:22,714 PID: 30641 cluster.py:663 - DEBUG - updating existing node i-4e22fe2c in self._nodes
2011-12-22 03:11:22,714 PID: 30641 cluster.py:663 - DEBUG - updating existing node i-4c22fe2e in self._nodes
2011-12-22 03:11:22,714 PID: 30641 cluster.py:663 - DEBUG - updating existing node i-5222fe30 in self._nodes
2011-12-22 03:11:22,714 PID: 30641 cluster.py:663 - DEBUG - updating existing node i-5622fe34 in self._nodes
2011-12-22 03:11:22,715 PID: 30641 cluster.py:663 - DEBUG - updating existing node i-5422fe36 in self._nodes
2011-12-22 03:11:22,715 PID: 30641 cluster.py:663 - DEBUG - updating existing node i-5a22fe38 in self._nodes
2011-12-22 03:11:22,715 PID: 30641 cluster.py:663 - DEBUG - updating existing node i-5822fe3a in self._nodes
2011-12-22 03:11:22,715 PID: 30641 cluster.py:663 - DEBUG - updating existing node i-5e22fe3c in self._nodes
2011-12-22 03:11:22,716 PID: 30641 cluster.py:663 - DEBUG - updating existing node i-5c22fe3e in self._nodes
2011-12-22 03:11:22,716 PID: 30641 cluster.py:663 - DEBUG - updating existing node i-2222fe40 in self._nodes
2011-12-22 03:11:22,716 PID: 30641 cluster.py:663 - DEBUG - updating existing node i-2022fe42 in self._nodes
2011-12-22 03:11:22,716 PID: 30641 cluster.py:663 - DEBUG - updating existing node i-2622fe44 in self._nodes
2011-12-22 03:11:22,716 PID: 30641 cluster.py:663 - DEBUG - updating existing node i-2422fe46 in self._nodes
2011-12-22 03:11:22,717 PID: 30641 cluster.py:663 - DEBUG - updating existing node i-2a22fe48 in self._nodes
2011-12-22 03:11:22,717 PID: 30641 cluster.py:663 - DEBUG - updating existing node i-2822fe4a in self._nodes
2011-12-22 03:11:22,717 PID: 30641 cluster.py:663 - DEBUG - updating existing node i-2e22fe4c in self._nodes
2011-12-22 03:11:22,717 PID: 30641 cluster.py:663 - DEBUG - updating existing node i-2c22fe4e in self._nodes
2011-12-22 03:11:22,718 PID: 30641 cluster.py:663 - DEBUG - updating existing node i-3222fe50 in self._nodes
2011-12-22 03:11:22,718 PID: 30641 cluster.py:663 - DEBUG - updating existing node i-3022fe52 in self._nodes
2011-12-22 03:11:22,718 PID: 30641 cluster.py:663 - DEBUG - updating existing node i-3622fe54 in self._nodes
2011-12-22 03:11:22,718 PID: 30641 cluster.py:663 - DEBUG - updating existing node i-3422fe56 in self._nodes
2011-12-22 03:11:22,718 PID: 30641 cluster.py:663 - DEBUG - updating existing node i-3a22fe58 in self._nodes
2011-12-22 03:11:22,719 PID: 30641 cluster.py:663 - DEBUG - updating existing node i-3822fe5a in self._nodes
2011-12-22 03:11:22,719 PID: 30641 cluster.py:663 - DEBUG - updating existing node i-3e22fe5c in self._nodes
2011-12-22 03:11:22,719 PID: 30641 cluster.py:663 - DEBUG - updating existing node i-3c22fe5e in self._nodes
2011-12-22 03:11:22,719 PID: 30641 cluster.py:663 - DEBUG - updating existing node i-0222fe60 in self._nodes
2011-12-22 03:11:22,720 PID: 30641 cluster.py:663 - DEBUG - updating existing node i-0022fe62 in self._nodes
2011-12-22 03:11:22,720 PID: 30641 cluster.py:663 - DEBUG - updating existing node i-0622fe64 in self._nodes
2011-12-22 03:11:22,720 PID: 30641 cluster.py:663 - DEBUG - updating existing node i-0422fe66 in self._nodes
2011-12-22 03:11:22,720 PID: 30641 cluster.py:663 - DEBUG - updating existing node i-0a22fe68 in self._nodes
2011-12-22 03:11:22,721 PID: 30641 cluster.py:663 - DEBUG - updating existing node i-0822fe6a in self._nodes
2011-12-22 03:11:22,721 PID: 30641 cluster.py:663 - DEBUG - updating existing node i-0e22fe6c in self._nodes
2011-12-22 03:11:22,721 PID: 30641 cluster.py:663 - DEBUG - updating existing node i-0c22fe6e in self._nodes
2011-12-22 03:11:22,721 PID: 30641 cluster.py:663 - DEBUG - updating existing node i-1222fe70 in self._nodes
2011-12-22 03:11:22,721 PID: 30641 cluster.py:663 - DEBUG - updating existing node i-1022fe72 in self._nodes
2011-12-22 03:11:22,722 PID: 30641 cluster.py:663 - DEBUG - updating existing node i-1622fe74 in self._nodes
2011-12-22 03:11:22,722 PID: 30641 cluster.py:663 - DEBUG - updating existing node i-1422fe76 in self._nodes
2011-12-22 03:11:22,722 PID: 30641 cluster.py:663 - DEBUG - updating existing node i-1a22fe78 in self._nodes
2011-12-22 03:11:22,722 PID: 30641 cluster.py:663 - DEBUG - updating existing node i-1822fe7a in self._nodes
2011-12-22 03:11:22,723 PID: 30641 cluster.py:663 - DEBUG - updating existing node i-1e22fe7c in self._nodes
2011-12-22 03:11:22,723 PID: 30641 cluster.py:663 - DEBUG - updating existing node i-1c22fe7e in self._nodes
2011-12-22 03:11:22,723 PID: 30641 cluster.py:663 - DEBUG - updating existing node i-e222fe80 in self._nodes
2011-12-22 03:11:22,723 PID: 30641 cluster.py:663 - DEBUG - updating existing node i-e022fe82 in self._nodes
2011-12-22 03:11:22,723 PID: 30641 cluster.py:663 - DEBUG - updating existing node i-e622fe84 in self._nodes
2011-12-22 03:11:22,724 PID: 30641 cluster.py:663 - DEBUG - updating existing node i-e422fe86 in self._nodes
2011-12-22 03:11:22,724 PID: 30641 cluster.py:663 - DEBUG - updating existing node i-ea22fe88 in self._nodes
2011-12-22 03:11:22,724 PID: 30641 cluster.py:663 - DEBUG - updating existing node i-e822fe8a in self._nodes
2011-12-22 03:11:22,724 PID: 30641 cluster.py:663 - DEBUG - updating existing node i-ee22fe8c in self._nodes
2011-12-22 03:11:22,725 PID: 30641 cluster.py:663 - DEBUG - updating existing node i-ec22fe8e in self._nodes
2011-12-22 03:11:22,725 PID: 30641 cluster.py:663 - DEBUG - updating existing node i-f222fe90 in self._nodes
2011-12-22 03:11:22,725 PID: 30641 cluster.py:663 - DEBUG - updating existing node i-f022fe92 in self._nodes
2011-12-22 03:11:22,725 PID: 30641 cluster.py:663 - DEBUG - updating existing node i-f622fe94 in self._nodes
2011-12-22 03:11:22,726 PID: 30641 cluster.py:663 - DEBUG - updating existing node i-f422fe96 in self._nodes
2011-12-22 03:11:22,726 PID: 30641 cluster.py:663 - DEBUG - updating existing node i-fa22fe98 in self._nodes
2011-12-22 03:11:22,726 PID: 30641 cluster.py:663 - DEBUG - updating existing node i-f822fe9a in self._nodes
2011-12-22 03:11:22,726 PID: 30641 cluster.py:663 - DEBUG - updating existing node i-fe22fe9c in self._nodes
2011-12-22 03:11:22,726 PID: 30641 cluster.py:663 - DEBUG - updating existing node i-fc22fe9e in self._nodes
2011-12-22 03:11:22,727 PID: 30641 cluster.py:663 - DEBUG - updating existing node i-c222fea0 in self._nodes
2011-12-22 03:11:22,727 PID: 30641 cluster.py:663 - DEBUG - updating existing node i-c022fea2 in self._nodes
2011-12-22 03:11:22,727 PID: 30641 cluster.py:663 - DEBUG - updating existing node i-c622fea4 in self._nodes
2011-12-22 03:11:22,727 PID: 30641 cluster.py:663 - DEBUG - updating existing node i-c422fea6 in self._nodes
2011-12-22 03:11:22,728 PID: 30641 cluster.py:663 - DEBUG - updating existing node i-ca22fea8 in self._nodes
2011-12-22 03:11:22,728 PID: 30641 cluster.py:663 - DEBUG - updating existing node i-c822feaa in self._nodes
2011-12-22 03:11:22,728 PID: 30641 cluster.py:663 - DEBUG - updating existing node i-ce22feac in self._nodes
2011-12-22 03:11:22,728 PID: 30641 cluster.py:663 - DEBUG - updating existing node i-cc22feae in self._nodes
2011-12-22 03:11:22,728 PID: 30641 cluster.py:663 - DEBUG - updating existing node i-d222feb0 in self._nodes
2011-12-22 03:11:22,729 PID: 30641 cluster.py:663 - DEBUG - updating existing node i-d022feb2 in self._nodes
2011-12-22 03:11:22,729 PID: 30641 cluster.py:663 - DEBUG - updating existing node i-d622feb4 in self._nodes
2011-12-22 03:11:22,729 PID: 30641 cluster.py:663 - DEBUG - updating existing node i-d422feb6 in self._nodes
2011-12-22 03:11:22,729 PID: 30641 cluster.py:663 - DEBUG - updating existing node i-da22feb8 in self._nodes
2011-12-22 03:11:22,730 PID: 30641 cluster.py:663 - DEBUG - updating existing node i-d822feba in self._nodes
2011-12-22 03:11:22,730 PID: 30641 cluster.py:663 - DEBUG - updating existing node i-de22febc in self._nodes
2011-12-22 03:11:22,730 PID: 30641 cluster.py:663 - DEBUG - updating existing node i-dc22febe in self._nodes
2011-12-22 03:11:22,730 PID: 30641 cluster.py:663 - DEBUG - updating existing node i-a222fec0 in self._nodes
2011-12-22 03:11:22,731 PID: 30641 cluster.py:663 - DEBUG - updating existing node i-a022fec2 in self._nodes
2011-12-22 03:11:22,731 PID: 30641 cluster.py:663 - DEBUG - updating existing node i-a622fec4 in self._nodes
2011-12-22 03:11:22,731 PID: 30641 cluster.py:663 - DEBUG - updating existing node i-a422fec6 in self._nodes
2011-12-22 03:11:22,731 PID: 30641 cluster.py:663 - DEBUG - updating existing node i-aa22fec8 in self._nodes
2011-12-22 03:11:22,731 PID: 30641 cluster.py:663 - DEBUG - updating existing node i-a822feca in self._nodes
2011-12-22 03:11:22,732 PID: 30641 cluster.py:663 - DEBUG - updating existing node i-ae22fecc in self._nodes
2011-12-22 03:11:22,732 PID: 30641 cluster.py:663 - DEBUG - updating existing node i-ac22fece in self._nodes
2011-12-22 03:11:22,732 PID: 30641 cluster.py:663 - DEBUG - updating existing node i-b222fed0 in self._nodes
2011-12-22 03:11:22,732 PID: 30641 cluster.py:663 - DEBUG - updating existing node i-b022fed2 in self._nodes
2011-12-22 03:11:22,733 PID: 30641 cluster.py:663 - DEBUG - updating existing node i-b622fed4 in self._nodes
2011-12-22 03:11:22,733 PID: 30641 cluster.py:663 - DEBUG - updating existing node i-b422fed6 in self._nodes
2011-12-22 03:11:22,733 PID: 30641 cluster.py:663 - DEBUG - updating existing node i-ba22fed8 in self._nodes
2011-12-22 03:11:22,733 PID: 30641 cluster.py:663 - DEBUG - updating existing node i-b822feda in self._nodes
2011-12-22 03:11:22,734 PID: 30641 cluster.py:663 - DEBUG - updating existing node i-be22fedc in self._nodes
2011-12-22 03:11:22,734 PID: 30641 cluster.py:663 - DEBUG - updating existing node i-bc22fede in self._nodes
2011-12-22 03:11:22,734 PID: 30641 cluster.py:663 - DEBUG - updating existing node i-8222fee0 in self._nodes
2011-12-22 03:11:22,735 PID: 30641 cluster.py:663 - DEBUG - updating existing node i-8022fee2 in self._nodes
2011-12-22 03:11:22,736 PID: 30641 cluster.py:663 - DEBUG - updating existing node i-8622fee4 in self._nodes
2011-12-22 03:11:22,736 PID: 30641 cluster.py:663 - DEBUG - updating existing node i-8422fee6 in self._nodes
2011-12-22 03:11:22,737 PID: 30641 cluster.py:663 - DEBUG - updating existing node i-8a22fee8 in self._nodes
2011-12-22 03:11:22,738 PID: 30641 cluster.py:663 - DEBUG - updating existing node i-8822feea in self._nodes
2011-12-22 03:11:22,738 PID: 30641 cluster.py:663 - DEBUG - updating existing node i-8e22feec in self._nodes
2011-12-22 03:11:22,738 PID: 30641 cluster.py:663 - DEBUG - updating existing node i-8c22feee in self._nodes
2011-12-22 03:11:22,738 PID: 30641 cluster.py:663 - DEBUG - updating existing node i-9222fef0 in self._nodes
2011-12-22 03:11:22,738 PID: 30641 cluster.py:663 - DEBUG - updating existing node i-9022fef2 in self._nodes
2011-12-22 03:11:22,739 PID: 30641 cluster.py:663 - DEBUG - updating existing node i-9622fef4 in self._nodes
2011-12-22 03:11:22,739 PID: 30641 cluster.py:663 - DEBUG - updating existing node i-9422fef6 in self._nodes
2011-12-22 03:11:22,739 PID: 30641 cluster.py:663 - DEBUG - updating existing node i-9a22fef8 in self._nodes
2011-12-22 03:11:22,740 PID: 30641 cluster.py:663 - DEBUG - updating existing node i-9822fefa in self._nodes
2011-12-22 03:11:22,740 PID: 30641 cluster.py:663 - DEBUG - updating existing node i-9e22fefc in self._nodes
2011-12-22 03:11:22,740 PID: 30641 cluster.py:663 - DEBUG - updating existing node i-9c22fefe in self._nodes
2011-12-22 03:11:22,740 PID: 30641 cluster.py:663 - DEBUG - updating existing node i-6223ff00 in self._nodes
2011-12-22 03:11:22,740 PID: 30641 cluster.py:663 - DEBUG - updating existing node i-6023ff02 in self._nodes
2011-12-22 03:11:22,741 PID: 30641 cluster.py:663 - DEBUG - updating existing node i-6623ff04 in self._nodes
2011-12-22 03:11:22,741 PID: 30641 cluster.py:663 - DEBUG - updating existing node i-6423ff06 in self._nodes
2011-12-22 03:11:22,741 PID: 30641 cluster.py:663 - DEBUG - updating existing node i-6a23ff08 in self._nodes
2011-12-22 03:11:22,741 PID: 30641 cluster.py:663 - DEBUG - updating existing node i-6823ff0a in self._nodes
2011-12-22 03:11:22,742 PID: 30641 cluster.py:663 - DEBUG - updating existing node i-6e23ff0c in self._nodes
2011-12-22 03:11:22,742 PID: 30641 cluster.py:663 - DEBUG - updating existing node i-6c23ff0e in self._nodes
2011-12-22 03:11:22,742 PID: 30641 cluster.py:663 - DEBUG - updating existing node i-7223ff10 in self._nodes
2011-12-22 03:11:22,742 PID: 30641 cluster.py:663 - DEBUG - updating existing node i-7023ff12 in self._nodes
2011-12-22 03:11:22,743 PID: 30641 cluster.py:663 - DEBUG - updating existing node i-7623ff14 in self._nodes
2011-12-22 03:11:22,743 PID: 30641 cluster.py:663 - DEBUG - updating existing node i-7423ff16 in self._nodes
2011-12-22 03:11:22,743 PID: 30641 cluster.py:663 - DEBUG - updating existing node i-7a23ff18 in self._nodes
2011-12-22 03:11:22,743 PID: 30641 cluster.py:663 - DEBUG - updating existing node i-7823ff1a in self._nodes
2011-12-22 03:11:22,743 PID: 30641 cluster.py:663 - DEBUG - updating existing node i-7e23ff1c in self._nodes
2011-12-22 03:11:22,744 PID: 30641 cluster.py:663 - DEBUG - updating existing node i-7c23ff1e in self._nodes
2011-12-22 03:11:22,744 PID: 30641 cluster.py:663 - DEBUG - updating existing node i-4223ff20 in self._nodes
2011-12-22 03:11:22,744 PID: 30641 cluster.py:663 - DEBUG - updating existing node i-4023ff22 in self._nodes
2011-12-22 03:11:22,744 PID: 30641 cluster.py:663 - DEBUG - updating existing node i-4623ff24 in self._nodes
2011-12-22 03:11:22,745 PID: 30641 cluster.py:663 - DEBUG - updating existing node i-4423ff26 in self._nodes
2011-12-22 03:11:22,745 PID: 30641 cluster.py:663 - DEBUG - updating existing node i-4a23ff28 in self._nodes
2011-12-22 03:11:22,745 PID: 30641 cluster.py:663 - DEBUG - updating existing node i-4823ff2a in self._nodes
2011-12-22 03:11:22,745 PID: 30641 cluster.py:663 - DEBUG - updating existing node i-4e23ff2c in self._nodes
2011-12-22 03:11:22,746 PID: 30641 cluster.py:663 - DEBUG - updating existing node i-4c23ff2e in self._nodes
2011-12-22 03:11:22,746 PID: 30641 cluster.py:663 - DEBUG - updating existing node i-5223ff30 in self._nodes
2011-12-22 03:11:22,746 PID: 30641 cluster.py:663 - DEBUG - updating existing node i-5023ff32 in self._nodes
2011-12-22 03:11:22,746 PID: 30641 cluster.py:663 - DEBUG - updating existing node i-5623ff34 in self._nodes
2011-12-22 03:11:22,746 PID: 30641 cluster.py:663 - DEBUG - updating existing node i-5423ff36 in self._nodes
2011-12-22 03:11:22,747 PID: 30641 cluster.py:663 - DEBUG - updating existing node i-5a23ff38 in self._nodes
2011-12-22 03:11:22,747 PID: 30641 cluster.py:663 - DEBUG - updating existing node i-5823ff3a in self._nodes
2011-12-22 03:11:22,747 PID: 30641 cluster.py:663 - DEBUG - updating existing node i-5e23ff3c in self._nodes
2011-12-22 03:11:22,747 PID: 30641 cluster.py:663 - DEBUG - updating existing node i-5c23ff3e in self._nodes
2011-12-22 03:11:22,748 PID: 30641 cluster.py:663 - DEBUG - updating existing node i-2223ff40 in self._nodes
2011-12-22 03:11:22,748 PID: 30641 cluster.py:663 - DEBUG - updating existing node i-2023ff42 in self._nodes
2011-12-22 03:11:22,748 PID: 30641 cluster.py:663 - DEBUG - updating existing node i-2623ff44 in self._nodes
2011-12-22 03:11:22,748 PID: 30641 cluster.py:663 - DEBUG - updating existing node i-2423ff46 in self._nodes
2011-12-22 03:11:22,749 PID: 30641 cluster.py:663 - DEBUG - updating existing node i-2a23ff48 in self._nodes
2011-12-22 03:11:22,749 PID: 30641 cluster.py:663 - DEBUG - updating existing node i-2823ff4a in self._nodes
2011-12-22 03:11:22,749 PID: 30641 cluster.py:663 - DEBUG - updating existing node i-2e23ff4c in self._nodes
2011-12-22 03:11:22,749 PID: 30641 cluster.py:663 - DEBUG - updating existing node i-2c23ff4e in self._nodes
2011-12-22 03:11:22,749 PID: 30641 cluster.py:663 - DEBUG - updating existing node i-3223ff50 in self._nodes
2011-12-22 03:11:22,750 PID: 30641 cluster.py:663 - DEBUG - updating existing node i-3023ff52 in self._nodes
2011-12-22 03:11:22,750 PID: 30641 cluster.py:663 - DEBUG - updating existing node i-3623ff54 in self._nodes
2011-12-22 03:11:22,750 PID: 30641 cluster.py:663 - DEBUG - updating existing node i-3423ff56 in self._nodes
2011-12-22 03:11:22,750 PID: 30641 cluster.py:663 - DEBUG - updating existing node i-3a23ff58 in self._nodes
2011-12-22 03:11:22,751 PID: 30641 cluster.py:663 - DEBUG - updating existing node i-3823ff5a in self._nodes
2011-12-22 03:11:22,751 PID: 30641 cluster.py:663 - DEBUG - updating existing node i-3e23ff5c in self._nodes
2011-12-22 03:11:22,751 PID: 30641 cluster.py:663 - DEBUG - updating existing node i-3c23ff5e in self._nodes
2011-12-22 03:11:22,751 PID: 30641 cluster.py:663 - DEBUG - updating existing node i-0223ff60 in self._nodes
2011-12-22 03:11:22,752 PID: 30641 cluster.py:663 - DEBUG - updating existing node i-0023ff62 in self._nodes
2011-12-22 03:11:22,752 PID: 30641 cluster.py:663 - DEBUG - updating existing node i-0623ff64 in self._nodes
2011-12-22 03:11:22,752 PID: 30641 cluster.py:663 - DEBUG - updating existing node i-0423ff66 in self._nodes
2011-12-22 03:11:22,752 PID: 30641 cluster.py:663 - DEBUG - updating existing node i-0a23ff68 in self._nodes
2011-12-22 03:11:22,753 PID: 30641 cluster.py:663 - DEBUG - updating existing node i-0823ff6a in self._nodes
2011-12-22 03:11:22,753 PID: 30641 cluster.py:663 - DEBUG - updating existing node i-0e23ff6c in self._nodes
2011-12-22 03:11:22,753 PID: 30641 cluster.py:663 - DEBUG - updating existing node i-0c23ff6e in self._nodes
2011-12-22 03:11:22,753 PID: 30641 cluster.py:663 - DEBUG - updating existing node i-1223ff70 in self._nodes
2011-12-22 03:11:22,754 PID: 30641 cluster.py:663 - DEBUG - updating existing node i-1023ff72 in self._nodes
2011-12-22 03:11:22,754 PID: 30641 cluster.py:663 - DEBUG - updating existing node i-1623ff74 in self._nodes
2011-12-22 03:11:22,754 PID: 30641 cluster.py:663 - DEBUG - updating existing node i-1423ff76 in self._nodes
2011-12-22 03:11:22,754 PID: 30641 cluster.py:663 - DEBUG - updating existing node i-1a23ff78 in self._nodes
2011-12-22 03:11:22,755 PID: 30641 cluster.py:663 - DEBUG - updating existing node i-1823ff7a in self._nodes
2011-12-22 03:11:22,755 PID: 30641 cluster.py:663 - DEBUG - updating existing node i-1e23ff7c in self._nodes
2011-12-22 03:11:22,755 PID: 30641 cluster.py:663 - DEBUG - updating existing node i-1c23ff7e in self._nodes
2011-12-22 03:11:22,755 PID: 30641 cluster.py:663 - DEBUG - updating existing node i-e223ff80 in self._nodes
2011-12-22 03:11:22,756 PID: 30641 cluster.py:663 - DEBUG - updating existing node i-e023ff82 in self._nodes
2011-12-22 03:11:22,756 PID: 30641 cluster.py:663 - DEBUG - updating existing node i-e623ff84 in self._nodes
2011-12-22 03:11:22,756 PID: 30641 cluster.py:663 - DEBUG - updating existing node i-e423ff86 in self._nodes
2011-12-22 03:11:22,756 PID: 30641 cluster.py:663 - DEBUG - updating existing node i-ea23ff88 in self._nodes
2011-12-22 03:11:22,757 PID: 30641 cluster.py:663 - DEBUG - updating existing node i-e823ff8a in self._nodes
2011-12-22 03:11:22,757 PID: 30641 cluster.py:663 - DEBUG - updating existing node i-ee23ff8c in self._nodes
2011-12-22 03:11:22,757 PID: 30641 cluster.py:663 - DEBUG - updating existing node i-ec23ff8e in self._nodes
2011-12-22 03:11:22,757 PID: 30641 cluster.py:663 - DEBUG - updating existing node i-f223ff90 in self._nodes
2011-12-22 03:11:22,758 PID: 30641 cluster.py:663 - DEBUG - updating existing node i-f023ff92 in self._nodes
2011-12-22 03:11:22,758 PID: 30641 cluster.py:663 - DEBUG - updating existing node i-f623ff94 in self._nodes
2011-12-22 03:11:22,758 PID: 30641 cluster.py:663 - DEBUG - updating existing node i-f423ff96 in self._nodes
2011-12-22 03:11:22,758 PID: 30641 cluster.py:663 - DEBUG - updating existing node i-fa23ff98 in self._nodes
2011-12-22 03:11:22,758 PID: 30641 cluster.py:663 - DEBUG - updating existing node i-f823ff9a in self._nodes
2011-12-22 03:11:22,759 PID: 30641 cluster.py:663 - DEBUG - updating existing node i-fe23ff9c in self._nodes
2011-12-22 03:11:22,759 PID: 30641 cluster.py:663 - DEBUG - updating existing node i-fc23ff9e in self._nodes
2011-12-22 03:11:22,759 PID: 30641 cluster.py:663 - DEBUG - updating existing node i-c223ffa0 in self._nodes
2011-12-22 03:11:22,759 PID: 30641 cluster.py:663 - DEBUG - updating existing node i-c023ffa2 in self._nodes
2011-12-22 03:11:22,760 PID: 30641 cluster.py:663 - DEBUG - updating existing node i-c623ffa4 in self._nodes
2011-12-22 03:11:22,760 PID: 30641 cluster.py:663 - DEBUG - updating existing node i-c423ffa6 in self._nodes
2011-12-22 03:11:22,760 PID: 30641 cluster.py:663 - DEBUG - updating existing node i-ca23ffa8 in self._nodes
2011-12-22 03:11:22,760 PID: 30641 cluster.py:663 - DEBUG - updating existing node i-c823ffaa in self._nodes
2011-12-22 03:11:22,761 PID: 30641 cluster.py:663 - DEBUG - updating existing node i-ce23ffac in self._nodes
2011-12-22 03:11:22,761 PID: 30641 cluster.py:663 - DEBUG - updating existing node i-cc23ffae in self._nodes
2011-12-22 03:11:22,762 PID: 30641 cluster.py:676 - DEBUG - returning self._nodes = [<Node: master (i-7c22fe1e)>, <Node: node001 (i-4222fe20)>, <Node: node002 (i-4022fe22)>, <Node: node003 (i-4622fe24)>, <Node: node004 (i-4422fe26)>, <Node: node005 (i-4a22fe28)>, <Node: node006 (i-4822fe2a)>, <Node: node007 (i-4e22fe2c)>, <Node: node008 (i-4c22fe2e)>, <Node: node009 (i-5222fe30)>, <Node: node010 (i-5622fe34)>, <Node: node011 (i-5422fe36)>, <Node: node012 (i-5a22fe38)>, <Node: node013 (i-5822fe3a)>, <Node: node014 (i-5e22fe3c)>, <Node: node015 (i-5c22fe3e)>, <Node: node016 (i-2222fe40)>, <Node: node017 (i-2022fe42)>, <Node: node018 (i-2622fe44)>, <Node: node019 (i-2422fe46)>, <Node: node020 (i-2a22fe48)>, <Node: node021 (i-2822fe4a)>, <Node: node022 (i-2e22fe4c)>, <Node: node023 (i-2c22fe4e)>, <Node: node024 (i-3222fe50)>, <Node: node025 (i-3022fe52)>, <Node: node026 (i-3622fe54)>, <Node: node027 (i-3422fe56)>, <Node: node028 (i-3a22fe58)>, <Node: node029 (i-3822fe5a)>, <Node: node030 (i-3e22fe5c)>, <Node: node031 (i-3c22fe5e)>, <Node: node032 (i-0222fe60)>, <Node: node033 (i-0022fe62)>, <Node: node034 (i-0622fe64)>, <Node: node035 (i-0422fe66)>, <Node: node036 (i-0a22fe68)>, <Node: node037 (i-0822fe6a)>, <Node: node038 (i-0e22fe6c)>, <Node: node039 (i-0c22fe6e)>, <Node: node040 (i-1222fe70)>, <Node: node041 (i-1022fe72)>, <Node: node042 (i-1622fe74)>, <Node: node043 (i-1422fe76)>, <Node: node044 (i-1a22fe78)>, <Node: node045 (i-1822fe7a)>, <Node: node046 (i-1e22fe7c)>, <Node: node047 (i-1c22fe7e)>, <Node: node048 (i-e222fe80)>, <Node: node049 (i-e022fe82)>, <Node: node050 (i-e622fe84)>, <Node: node051 (i-e422fe86)>, <Node: node052 (i-ea22fe88)>, <Node: node053 (i-e822fe8a)>, <Node: node054 (i-ee22fe8c)>, <Node: node055 (i-ec22fe8e)>, <Node: node056 (i-f222fe90)>, <Node: node057 (i-f022fe92)>, <Node: node058 (i-f622fe94)>, <Node: node059 (i-f422fe96)>, <Node: node060 (i-fa22fe98)>, <Node: node061 (i-f822fe9a)>, <Node: node062 (i-fe22fe9c)>, <Node: node063 (i-fc22fe9e)>, <Node: node064 (i-c222fea0)>, <Node: node065 (i-c022fea2)>, <Node: node066 (i-c622fea4)>, <Node: node067 (i-c422fea6)>, <Node: node068 (i-ca22fea8)>, <Node: node069 (i-c822feaa)>, <Node: node070 (i-ce22feac)>, <Node: node071 (i-cc22feae)>, <Node: node072 (i-d222feb0)>, <Node: node073 (i-d022feb2)>, <Node: node074 (i-d622feb4)>, <Node: node075 (i-d422feb6)>, <Node: node076 (i-da22feb8)>, <Node: node077 (i-d822feba)>, <Node: node078 (i-de22febc)>, <Node: node079 (i-dc22febe)>, <Node: node080 (i-a222fec0)>, <Node: node081 (i-a022fec2)>, <Node: node082 (i-a622fec4)>, <Node: node083 (i-a422fec6)>, <Node: node084 (i-aa22fec8)>, <Node: node085 (i-a822feca)>, <Node: node086 (i-ae22fecc)>, <Node: node087 (i-ac22fece)>, <Node: node088 (i-b222fed0)>, <Node: node089 (i-b022fed2)>, <Node: node090 (i-b622fed4)>, <Node: node091 (i-b422fed6)>, <Node: node092 (i-ba22fed8)>, <Node: node093 (i-b822feda)>, <Node: node094 (i-be22fedc)>, <Node: node095 (i-bc22fede)>, <Node: node096 (i-8222fee0)>, <Node: node097 (i-8022fee2)>, <Node: node098 (i-8622fee4)>, <Node: node099 (i-8422fee6)>, <Node: node100 (i-8a22fee8)>, <Node: node101 (i-8822feea)>, <Node: node102 (i-8e22feec)>, <Node: node103 (i-8c22feee)>, <Node: node104 (i-9222fef0)>, <Node: node105 (i-9022fef2)>, <Node: node106 (i-9622fef4)>, <Node: node107 (i-9422fef6)>, <Node: node108 (i-9a22fef8)>, <Node: node109 (i-9822fefa)>, <Node: node110 (i-9e22fefc)>, <Node: node111 (i-9c22fefe)>, <Node: node112 (i-6223ff00)>, <Node: node113 (i-6023ff02)>, <Node: node114 (i-6623ff04)>, <Node: node115 (i-6423ff06)>, <Node: node116 (i-6a23ff08)>, <Node: node117 (i-6823ff0a)>, <Node: node118 (i-6e23ff0c)>, <Node: node119 (i-6c23ff0e)>, <Node: node120 (i-7223ff10)>, <Node: node121 (i-7023ff12)>, <Node: node122 (i-7623ff14)>, <Node: node123 (i-7423ff16)>, <Node: node124 (i-7a23ff18)>, <Node: node125 (i-7823ff1a)>, <Node: node126 (i-7e23ff1c)>, <Node: node127 (i-7c23ff1e)>, <Node: node128 (i-4223ff20)>, <Node: node129 (i-4023ff22)>, <Node: node130 (i-4623ff24)>, <Node: node131 (i-4423ff26)>, <Node: node132 (i-4a23ff28)>, <Node: node133 (i-4823ff2a)>, <Node: node134 (i-4e23ff2c)>, <Node: node135 (i-4c23ff2e)>, <Node: node136 (i-5223ff30)>, <Node: node137 (i-5023ff32)>, <Node: node138 (i-5623ff34)>, <Node: node139 (i-5423ff36)>, <Node: node140 (i-5a23ff38)>, <Node: node141 (i-5823ff3a)>, <Node: node142 (i-5e23ff3c)>, <Node: node143 (i-5c23ff3e)>, <Node: node144 (i-2223ff40)>, <Node: node145 (i-2023ff42)>, <Node: node146 (i-2623ff44)>, <Node: node147 (i-2423ff46)>, <Node: node148 (i-2a23ff48)>, <Node: node149 (i-2823ff4a)>, <Node: node150 (i-2e23ff4c)>, <Node: node151 (i-2c23ff4e)>, <Node: node152 (i-3223ff50)>, <Node: node153 (i-3023ff52)>, <Node: node154 (i-3623ff54)>, <Node: node155 (i-3423ff56)>, <Node: node156 (i-3a23ff58)>, <Node: node157 (i-3823ff5a)>, <Node: node158 (i-3e23ff5c)>, <Node: node159 (i-3c23ff5e)>, <Node: node160 (i-0223ff60)>, <Node: node161 (i-0023ff62)>, <Node: node162 (i-0623ff64)>, <Node: node163 (i-0423ff66)>, <Node: node164 (i-0a23ff68)>, <Node: node165 (i-0823ff6a)>, <Node: node166 (i-0e23ff6c)>, <Node: node167 (i-0c23ff6e)>, <Node: node168 (i-1223ff70)>, <Node: node169 (i-1023ff72)>, <Node: node170 (i-1623ff74)>, <Node: node171 (i-1423ff76)>, <Node: node172 (i-1a23ff78)>, <Node: node173 (i-1823ff7a)>, <Node: node174 (i-1e23ff7c)>, <Node: node175 (i-1c23ff7e)>, <Node: node176 (i-e223ff80)>, <Node: node177 (i-e023ff82)>, <Node: node178 (i-e623ff84)>, <Node: node179 (i-e423ff86)>, <Node: node180 (i-ea23ff88)>, <Node: node181 (i-e823ff8a)>, <Node: node182 (i-ee23ff8c)>, <Node: node183 (i-ec23ff8e)>, <Node: node184 (i-f223ff90)>, <Node: node185 (i-f023ff92)>, <Node: node186 (i-f623ff94)>, <Node: node187 (i-f423ff96)>, <Node: node188 (i-fa23ff98)>, <Node: node189 (i-f823ff9a)>, <Node: node190 (i-fe23ff9c)>, <Node: node191 (i-fc23ff9e)>, <Node: node192 (i-c223ffa0)>, <Node: node193 (i-c023ffa2)>, <Node: node194 (i-c623ffa4)>, <Node: node195 (i-c423ffa6)>, <Node: node196 (i-ca23ffa8)>, <Node: node197 (i-c823ffaa)>, <Node: node198 (i-ce23ffac)>, <Node: node199 (i-cc23ffae)>]
2011-12-22 03:11:30,200 PID: 30641 ssh.py:91 - DEBUG - connecting to host ec2-107-21-128-191.compute-1.amazonaws.com on port 22 as user root
2011-12-22 03:11:34,259 PID: 30641 ssh.py:91 - DEBUG - connecting to host ec2-107-21-67-51.compute-1.amazonaws.com on port 22 as user root
2011-12-22 03:12:08,073 PID: 30641 ssh.py:91 - DEBUG - connecting to host ec2-50-17-49-61.compute-1.amazonaws.com on port 22 as user root
2011-12-22 03:12:11,677 PID: 30641 ssh.py:91 - DEBUG - connecting to host ec2-174-129-113-209.compute-1.amazonaws.com on port 22 as user root
2011-12-22 03:12:31,968 PID: 30641 cluster.py:660 - DEBUG - existing nodes: {u'i-6423ff06': <Node: node115 (i-6423ff06)>, u'i-0022fe62': <Node: node033 (i-0022fe62)>, u'i-ae22fecc': <Node: node086 (i-ae22fecc)>, u'i-a822feca': <Node: node085 (i-a822feca)>, u'i-1e23ff7c': <Node: node174 (i-1e23ff7c)>, u'i-f423ff96': <Node: node187 (i-f423ff96)>, u'i-d622feb4': <Node: node074 (i-d622feb4)>, u'i-2022fe42': <Node: node017 (i-2022fe42)>, u'i-f422fe96': <Node: node059 (i-f422fe96)>, u'i-e222fe80': <Node: node048 (i-e222fe80)>, u'i-b222fed0': <Node: node088 (i-b222fed0)>, u'i-2c22fe4e': <Node: node023 (i-2c22fe4e)>, u'i-3822fe5a': <Node: node029 (i-3822fe5a)>, u'i-0c23ff6e': <Node: node167 (i-0c23ff6e)>, u'i-8c22feee': <Node: node103 (i-8c22feee)>, u'i-7c23ff1e': <Node: node127 (i-7c23ff1e)>, u'i-f623ff94': <Node: node186 (i-f623ff94)>, u'i-8822feea': <Node: node101 (i-8822feea)>, u'i-3222fe50': <Node: node024 (i-3222fe50)>, u'i-5222fe30': <Node: node009 (i-5222fe30)>, u'i-4822fe2a': <Node: node006 (i-4822fe2a)>, u'i-a622fec4': <Node: node082 (i-a622fec4)>, u'i-f823ff9a': <Node: node189 (i-f823ff9a)>, u'i-4423ff26': <Node: node131 (i-4423ff26)>, u'i-6223ff00': <Node: node112 (i-6223ff00)>, u'i-4a23ff28': <Node: node132 (i-4a23ff28)>, u'i-7c22fe1e': <Node: master (i-7c22fe1e)>, u'i-2623ff44': <Node: node146 (i-2623ff44)>, u'i-c222fea0': <Node: node064 (i-c222fea0)>, u'i-2823ff4a': <Node: node149 (i-2823ff4a)>, u'i-1c22fe7e': <Node: node047 (i-1c22fe7e)>, u'i-5e23ff3c': <Node: node142 (i-5e23ff3c)>, u'i-4e22fe2c': <Node: node007 (i-4e22fe2c)>, u'i-4c23ff2e': <Node: node135 (i-4c23ff2e)>, u'i-9222fef0': <Node: node104 (i-9222fef0)>, u'i-da22feb8': <Node: node076 (i-da22feb8)>, u'i-7e23ff1c': <Node: node126 (i-7e23ff1c)>, u'i-5e22fe3c': <Node: node014 (i-5e22fe3c)>, u'i-5a23ff38': <Node: node140 (i-5a23ff38)>, u'i-ce22feac': <Node: node070 (i-ce22feac)>, u'i-8022fee2': <Node: node097 (i-8022fee2)>, u'i-f822fe9a': <Node: node061 (i-f822fe9a)>, u'i-e223ff80': <Node: node176 (i-e223ff80)>, u'i-0c22fe6e': <Node: node039 (i-0c22fe6e)>, u'i-5223ff30': <Node: node136 (i-5223ff30)>, u'i-2622fe44': <Node: node018 (i-2622fe44)>, u'i-5423ff36': <Node: node139 (i-5423ff36)>, u'i-6823ff0a': <Node: node117 (i-6823ff0a)>, u'i-4222fe20': <Node: node001 (i-4222fe20)>, u'i-4823ff2a': <Node: node133 (i-4823ff2a)>, u'i-9422fef6': <Node: node107 (i-9422fef6)>, u'i-7423ff16': <Node: node123 (i-7423ff16)>, u'i-1622fe74': <Node: node042 (i-1622fe74)>, u'i-1c23ff7e': <Node: node175 (i-1c23ff7e)>, u'i-0423ff66': <Node: node163 (i-0423ff66)>, u'i-7823ff1a': <Node: node125 (i-7823ff1a)>, u'i-1a22fe78': <Node: node044 (i-1a22fe78)>, u'i-5023ff32': <Node: node137 (i-5023ff32)>, u'i-2423ff46': <Node: node147 (i-2423ff46)>, u'i-4022fe22': <Node: node002 (i-4022fe22)>, u'i-7023ff12': <Node: node121 (i-7023ff12)>, u'i-b622fed4': <Node: node090 (i-b622fed4)>, u'i-f222fe90': <Node: node056 (i-f222fe90)>, u'i-ee22fe8c': <Node: node054 (i-ee22fe8c)>, u'i-c022fea2': <Node: node065 (i-c022fea2)>, u'i-5c23ff3e': <Node: node143 (i-5c23ff3e)>, u'i-1a23ff78': <Node: node172 (i-1a23ff78)>, u'i-1623ff74': <Node: node170 (i-1623ff74)>, u'i-fc23ff9e': <Node: node191 (i-fc23ff9e)>, u'i-2e22fe4c': <Node: node022 (i-2e22fe4c)>, u'i-ee23ff8c': <Node: node182 (i-ee23ff8c)>, u'i-e022fe82': <Node: node049 (i-e022fe82)>, u'i-8e22feec': <Node: node102 (i-8e22feec)>, u'i-9a22fef8': <Node: node108 (i-9a22fef8)>, u'i-5a22fe38': <Node: node012 (i-5a22fe38)>, u'i-3c23ff5e': <Node: node159 (i-3c23ff5e)>, u'i-de22febc': <Node: node078 (i-de22febc)>, u'i-fa23ff98': <Node: node188 (i-fa23ff98)>, u'i-4622fe24': <Node: node003 (i-4622fe24)>, u'i-b422fed6': <Node: node091 (i-b422fed6)>, u'i-9622fef4': <Node: node106 (i-9622fef4)>, u'i-6023ff02': <Node: node113 (i-6023ff02)>, u'i-1823ff7a': <Node: node173 (i-1823ff7a)>, u'i-f022fe92': <Node: node057 (i-f022fe92)>, u'i-3423ff56': <Node: node155 (i-3423ff56)>, u'i-fc22fe9e': <Node: node063 (i-fc22fe9e)>, u'i-c623ffa4': <Node: node194 (i-c623ffa4)>, u'i-a222fec0': <Node: node080 (i-a222fec0)>, u'i-0223ff60': <Node: node160 (i-0223ff60)>, u'i-3823ff5a': <Node: node157 (i-3823ff5a)>, u'i-ce23ffac': <Node: node198 (i-ce23ffac)>, u'i-2a22fe48': <Node: node020 (i-2a22fe48)>, u'i-2a23ff48': <Node: node148 (i-2a23ff48)>, u'i-2222fe40': <Node: node016 (i-2222fe40)>, u'i-0422fe66': <Node: node035 (i-0422fe66)>, u'i-7223ff10': <Node: node120 (i-7223ff10)>, u'i-ec22fe8e': <Node: node055 (i-ec22fe8e)>, u'i-ea22fe88': <Node: node052 (i-ea22fe88)>, u'i-e422fe86': <Node: node051 (i-e422fe86)>, u'i-c223ffa0': <Node: node192 (i-c223ffa0)>, u'i-1023ff72': <Node: node169 (i-1023ff72)>, u'i-7a23ff18': <Node: node124 (i-7a23ff18)>, u'i-fe22fe9c': <Node: node062 (i-fe22fe9c)>, u'i-c423ffa6': <Node: node195 (i-c423ffa6)>, u'i-f622fe94': <Node: node058 (i-f622fe94)>, u'i-0622fe64': <Node: node034 (i-0622fe64)>, u'i-2023ff42': <Node: node145 (i-2023ff42)>, u'i-0e23ff6c': <Node: node166 (i-0e23ff6c)>, u'i-0823ff6a': <Node: node165 (i-0823ff6a)>, u'i-1022fe72': <Node: node041 (i-1022fe72)>, u'i-0623ff64': <Node: node162 (i-0623ff64)>, u'i-cc22feae': <Node: node071 (i-cc22feae)>, u'i-0a22fe68': <Node: node036 (i-0a22fe68)>, u'i-6623ff04': <Node: node114 (i-6623ff04)>, u'i-aa22fec8': <Node: node084 (i-aa22fec8)>, u'i-2e23ff4c': <Node: node150 (i-2e23ff4c)>, u'i-c422fea6': <Node: node067 (i-c422fea6)>, u'i-ea23ff88': <Node: node180 (i-ea23ff88)>, u'i-d022feb2': <Node: node073 (i-d022feb2)>, u'i-4e23ff2c': <Node: node134 (i-4e23ff2c)>, u'i-3e23ff5c': <Node: node158 (i-3e23ff5c)>, u'i-e623ff84': <Node: node178 (i-e623ff84)>, u'i-5823ff3a': <Node: node141 (i-5823ff3a)>, u'i-3e22fe5c': <Node: node030 (i-3e22fe5c)>, u'i-0822fe6a': <Node: node037 (i-0822fe6a)>, u'i-c622fea4': <Node: node066 (i-c622fea4)>, u'i-dc22febe': <Node: node079 (i-dc22febe)>, u'i-0023ff62': <Node: node161 (i-0023ff62)>, u'i-1223ff70': <Node: node168 (i-1223ff70)>, u'i-c023ffa2': <Node: node193 (i-c023ffa2)>, u'i-0e22fe6c': <Node: node038 (i-0e22fe6c)>, u'i-6e23ff0c': <Node: node118 (i-6e23ff0c)>, u'i-c823ffaa': <Node: node197 (i-c823ffaa)>, u'i-2822fe4a': <Node: node021 (i-2822fe4a)>, u'i-1e22fe7c': <Node: node046 (i-1e22fe7c)>, u'i-3a22fe58': <Node: node028 (i-3a22fe58)>, u'i-e023ff82': <Node: node177 (i-e023ff82)>, u'i-bc22fede': <Node: node095 (i-bc22fede)>, u'i-d422feb6': <Node: node075 (i-d422feb6)>, u'i-5623ff34': <Node: node138 (i-5623ff34)>, u'i-1222fe70': <Node: node040 (i-1222fe70)>, u'i-9022fef2': <Node: node105 (i-9022fef2)>, u'i-b022fed2': <Node: node089 (i-b022fed2)>, u'i-be22fedc': <Node: node094 (i-be22fedc)>, u'i-a422fec6': <Node: node083 (i-a422fec6)>, u'i-0a23ff68': <Node: node164 (i-0a23ff68)>, u'i-3022fe52': <Node: node025 (i-3022fe52)>, u'i-d222feb0': <Node: node072 (i-d222feb0)>, u'i-4223ff20': <Node: node128 (i-4223ff20)>, u'i-c822feaa': <Node: node069 (i-c822feaa)>, u'i-8622fee4': <Node: node098 (i-8622fee4)>, u'i-4c22fe2e': <Node: node008 (i-4c22fe2e)>, u'i-4623ff24': <Node: node130 (i-4623ff24)>, u'i-cc23ffae': <Node: node199 (i-cc23ffae)>, u'i-1822fe7a': <Node: node045 (i-1822fe7a)>, u'i-1422fe76': <Node: node043 (i-1422fe76)>, u'i-fe23ff9c': <Node: node190 (i-fe23ff9c)>, u'i-5822fe3a': <Node: node013 (i-5822fe3a)>, u'i-2223ff40': <Node: node144 (i-2223ff40)>, u'i-f223ff90': <Node: node184 (i-f223ff90)>, u'i-b822feda': <Node: node093 (i-b822feda)>, u'i-3422fe56': <Node: node027 (i-3422fe56)>, u'i-3223ff50': <Node: node152 (i-3223ff50)>, u'i-0222fe60': <Node: node032 (i-0222fe60)>, u'i-ec23ff8e': <Node: node183 (i-ec23ff8e)>, u'i-2422fe46': <Node: node019 (i-2422fe46)>, u'i-3623ff54': <Node: node154 (i-3623ff54)>, u'i-4422fe26': <Node: node004 (i-4422fe26)>, u'i-4a22fe28': <Node: node005 (i-4a22fe28)>, u'i-3023ff52': <Node: node153 (i-3023ff52)>, u'i-5622fe34': <Node: node010 (i-5622fe34)>, u'i-3c22fe5e': <Node: node031 (i-3c22fe5e)>, u'i-a022fec2': <Node: node081 (i-a022fec2)>, u'i-9822fefa': <Node: node109 (i-9822fefa)>, u'i-3622fe54': <Node: node026 (i-3622fe54)>, u'i-4023ff22': <Node: node129 (i-4023ff22)>, u'i-e622fe84': <Node: node050 (i-e622fe84)>, u'i-d822feba': <Node: node077 (i-d822feba)>, u'i-5c22fe3e': <Node: node015 (i-5c22fe3e)>, u'i-3a23ff58': <Node: node156 (i-3a23ff58)>, u'i-ca23ffa8': <Node: node196 (i-ca23ffa8)>, u'i-e423ff86': <Node: node179 (i-e423ff86)>, u'i-e823ff8a': <Node: node181 (i-e823ff8a)>, u'i-8422fee6': <Node: node099 (i-8422fee6)>, u'i-1423ff76': <Node: node171 (i-1423ff76)>, u'i-8222fee0': <Node: node096 (i-8222fee0)>, u'i-f023ff92': <Node: node185 (i-f023ff92)>, u'i-ac22fece': <Node: node087 (i-ac22fece)>, u'i-9e22fefc': <Node: node110 (i-9e22fefc)>, u'i-8a22fee8': <Node: node100 (i-8a22fee8)>, u'i-5422fe36': <Node: node011 (i-5422fe36)>, u'i-2c23ff4e': <Node: node151 (i-2c23ff4e)>, u'i-9c22fefe': <Node: node111 (i-9c22fefe)>, u'i-7623ff14': <Node: node122 (i-7623ff14)>, u'i-6a23ff08': <Node: node116 (i-6a23ff08)>, u'i-fa22fe98': <Node: node060 (i-fa22fe98)>, u'i-ca22fea8': <Node: node068 (i-ca22fea8)>, u'i-e822fe8a': <Node: node053 (i-e822fe8a)>, u'i-ba22fed8': <Node: node092 (i-ba22fed8)>, u'i-6c23ff0e': <Node: node119 (i-6c23ff0e)>}
2011-12-22 03:12:31,969 PID: 30641 cluster.py:663 - DEBUG - updating existing node i-7c22fe1e in self._nodes
2011-12-22 03:12:31,969 PID: 30641 cluster.py:663 - DEBUG - updating existing node i-4222fe20 in self._nodes
2011-12-22 03:12:31,969 PID: 30641 cluster.py:663 - DEBUG - updating existing node i-4022fe22 in self._nodes
2011-12-22 03:12:31,970 PID: 30641 cluster.py:663 - DEBUG - updating existing node i-4622fe24 in self._nodes
2011-12-22 03:12:31,970 PID: 30641 cluster.py:663 - DEBUG - updating existing node i-4422fe26 in self._nodes
2011-12-22 03:12:31,970 PID: 30641 cluster.py:663 - DEBUG - updating existing node i-4a22fe28 in self._nodes
2011-12-22 03:12:31,970 PID: 30641 cluster.py:663 - DEBUG - updating existing node i-4822fe2a in self._nodes
2011-12-22 03:12:31,970 PID: 30641 cluster.py:663 - DEBUG - updating existing node i-4e22fe2c in self._nodes
2011-12-22 03:12:31,971 PID: 30641 cluster.py:663 - DEBUG - updating existing node i-4c22fe2e in self._nodes
2011-12-22 03:12:31,971 PID: 30641 cluster.py:663 - DEBUG - updating existing node i-5222fe30 in self._nodes
2011-12-22 03:12:31,971 PID: 30641 cluster.py:663 - DEBUG - updating existing node i-5622fe34 in self._nodes
2011-12-22 03:12:31,971 PID: 30641 cluster.py:663 - DEBUG - updating existing node i-5422fe36 in self._nodes
2011-12-22 03:12:31,972 PID: 30641 cluster.py:663 - DEBUG - updating existing node i-5a22fe38 in self._nodes
2011-12-22 03:12:31,972 PID: 30641 cluster.py:663 - DEBUG - updating existing node i-5822fe3a in self._nodes
2011-12-22 03:12:31,972 PID: 30641 cluster.py:663 - DEBUG - updating existing node i-5e22fe3c in self._nodes
2011-12-22 03:12:31,972 PID: 30641 cluster.py:663 - DEBUG - updating existing node i-5c22fe3e in self._nodes
2011-12-22 03:12:31,972 PID: 30641 cluster.py:663 - DEBUG - updating existing node i-2222fe40 in self._nodes
2011-12-22 03:12:31,973 PID: 30641 cluster.py:663 - DEBUG - updating existing node i-2022fe42 in self._nodes
2011-12-22 03:12:31,973 PID: 30641 cluster.py:663 - DEBUG - updating existing node i-2622fe44 in self._nodes
2011-12-22 03:12:31,973 PID: 30641 cluster.py:663 - DEBUG - updating existing node i-2422fe46 in self._nodes
2011-12-22 03:12:31,973 PID: 30641 cluster.py:663 - DEBUG - updating existing node i-2a22fe48 in self._nodes
2011-12-22 03:12:31,974 PID: 30641 cluster.py:663 - DEBUG - updating existing node i-2822fe4a in self._nodes
2011-12-22 03:12:31,974 PID: 30641 cluster.py:663 - DEBUG - updating existing node i-2e22fe4c in self._nodes
2011-12-22 03:12:31,974 PID: 30641 cluster.py:663 - DEBUG - updating existing node i-2c22fe4e in self._nodes
2011-12-22 03:12:31,974 PID: 30641 cluster.py:663 - DEBUG - updating existing node i-3222fe50 in self._nodes
2011-12-22 03:12:31,975 PID: 30641 cluster.py:663 - DEBUG - updating existing node i-3022fe52 in self._nodes
2011-12-22 03:12:31,975 PID: 30641 cluster.py:663 - DEBUG - updating existing node i-3622fe54 in self._nodes
2011-12-22 03:12:31,975 PID: 30641 cluster.py:663 - DEBUG - updating existing node i-3422fe56 in self._nodes
2011-12-22 03:12:31,975 PID: 30641 cluster.py:663 - DEBUG - updating existing node i-3a22fe58 in self._nodes
2011-12-22 03:12:31,975 PID: 30641 cluster.py:663 - DEBUG - updating existing node i-3822fe5a in self._nodes
2011-12-22 03:12:31,976 PID: 30641 cluster.py:663 - DEBUG - updating existing node i-3e22fe5c in self._nodes
2011-12-22 03:12:31,976 PID: 30641 cluster.py:663 - DEBUG - updating existing node i-3c22fe5e in self._nodes
2011-12-22 03:12:31,976 PID: 30641 cluster.py:663 - DEBUG - updating existing node i-0222fe60 in self._nodes
2011-12-22 03:12:31,976 PID: 30641 cluster.py:663 - DEBUG - updating existing node i-0022fe62 in self._nodes
2011-12-22 03:12:31,977 PID: 30641 cluster.py:663 - DEBUG - updating existing node i-0622fe64 in self._nodes
2011-12-22 03:12:31,977 PID: 30641 cluster.py:663 - DEBUG - updating existing node i-0422fe66 in self._nodes
2011-12-22 03:12:31,977 PID: 30641 cluster.py:663 - DEBUG - updating existing node i-0a22fe68 in self._nodes
2011-12-22 03:12:31,977 PID: 30641 cluster.py:663 - DEBUG - updating existing node i-0822fe6a in self._nodes
2011-12-22 03:12:31,977 PID: 30641 cluster.py:663 - DEBUG - updating existing node i-0e22fe6c in self._nodes
2011-12-22 03:12:31,978 PID: 30641 cluster.py:663 - DEBUG - updating existing node i-0c22fe6e in self._nodes
2011-12-22 03:12:31,978 PID: 30641 cluster.py:663 - DEBUG - updating existing node i-1222fe70 in self._nodes
2011-12-22 03:12:31,978 PID: 30641 cluster.py:663 - DEBUG - updating existing node i-1022fe72 in self._nodes
2011-12-22 03:12:31,978 PID: 30641 cluster.py:663 - DEBUG - updating existing node i-1622fe74 in self._nodes
2011-12-22 03:12:31,979 PID: 30641 cluster.py:663 - DEBUG - updating existing node i-1422fe76 in self._nodes
2011-12-22 03:12:31,979 PID: 30641 cluster.py:663 - DEBUG - updating existing node i-1a22fe78 in self._nodes
2011-12-22 03:12:31,979 PID: 30641 cluster.py:663 - DEBUG - updating existing node i-1822fe7a in self._nodes
2011-12-22 03:12:31,979 PID: 30641 cluster.py:663 - DEBUG - updating existing node i-1e22fe7c in self._nodes
2011-12-22 03:12:31,980 PID: 30641 cluster.py:663 - DEBUG - updating existing node i-1c22fe7e in self._nodes
2011-12-22 03:12:31,980 PID: 30641 cluster.py:663 - DEBUG - updating existing node i-e222fe80 in self._nodes
2011-12-22 03:12:31,980 PID: 30641 cluster.py:663 - DEBUG - updating existing node i-e022fe82 in self._nodes
2011-12-22 03:12:31,980 PID: 30641 cluster.py:663 - DEBUG - updating existing node i-e622fe84 in self._nodes
2011-12-22 03:12:31,980 PID: 30641 cluster.py:663 - DEBUG - updating existing node i-e422fe86 in self._nodes
2011-12-22 03:12:31,981 PID: 30641 cluster.py:663 - DEBUG - updating existing node i-ea22fe88 in self._nodes
2011-12-22 03:12:31,981 PID: 30641 cluster.py:663 - DEBUG - updating existing node i-e822fe8a in self._nodes
2011-12-22 03:12:31,981 PID: 30641 cluster.py:663 - DEBUG - updating existing node i-ee22fe8c in self._nodes
2011-12-22 03:12:31,981 PID: 30641 cluster.py:663 - DEBUG - updating existing node i-ec22fe8e in self._nodes
2011-12-22 03:12:31,982 PID: 30641 cluster.py:663 - DEBUG - updating existing node i-f222fe90 in self._nodes
2011-12-22 03:12:31,982 PID: 30641 cluster.py:663 - DEBUG - updating existing node i-f022fe92 in self._nodes
2011-12-22 03:12:31,982 PID: 30641 cluster.py:663 - DEBUG - updating existing node i-f622fe94 in self._nodes
2011-12-22 03:12:31,982 PID: 30641 cluster.py:663 - DEBUG - updating existing node i-f422fe96 in self._nodes
2011-12-22 03:12:31,983 PID: 30641 cluster.py:663 - DEBUG - updating existing node i-fa22fe98 in self._nodes
2011-12-22 03:12:31,983 PID: 30641 cluster.py:663 - DEBUG - updating existing node i-f822fe9a in self._nodes
2011-12-22 03:12:31,983 PID: 30641 cluster.py:663 - DEBUG - updating existing node i-fe22fe9c in self._nodes
2011-12-22 03:12:31,983 PID: 30641 cluster.py:663 - DEBUG - updating existing node i-fc22fe9e in self._nodes
2011-12-22 03:12:31,983 PID: 30641 cluster.py:663 - DEBUG - updating existing node i-c222fea0 in self._nodes
2011-12-22 03:12:31,984 PID: 30641 cluster.py:663 - DEBUG - updating existing node i-c022fea2 in self._nodes
2011-12-22 03:12:31,984 PID: 30641 cluster.py:663 - DEBUG - updating existing node i-c622fea4 in self._nodes
2011-12-22 03:12:31,984 PID: 30641 cluster.py:663 - DEBUG - updating existing node i-c422fea6 in self._nodes
2011-12-22 03:12:31,984 PID: 30641 cluster.py:663 - DEBUG - updating existing node i-ca22fea8 in self._nodes
2011-12-22 03:12:31,985 PID: 30641 cluster.py:663 - DEBUG - updating existing node i-c822feaa in self._nodes
2011-12-22 03:12:31,985 PID: 30641 cluster.py:663 - DEBUG - updating existing node i-ce22feac in self._nodes
2011-12-22 03:12:31,985 PID: 30641 cluster.py:663 - DEBUG - updating existing node i-cc22feae in self._nodes
2011-12-22 03:12:31,985 PID: 30641 cluster.py:663 - DEBUG - updating existing node i-d222feb0 in self._nodes
2011-12-22 03:12:31,985 PID: 30641 cluster.py:663 - DEBUG - updating existing node i-d022feb2 in self._nodes
2011-12-22 03:12:31,986 PID: 30641 cluster.py:663 - DEBUG - updating existing node i-d622feb4 in self._nodes
2011-12-22 03:12:31,986 PID: 30641 cluster.py:663 - DEBUG - updating existing node i-d422feb6 in self._nodes
2011-12-22 03:12:31,986 PID: 30641 cluster.py:663 - DEBUG - updating existing node i-da22feb8 in self._nodes
2011-12-22 03:12:31,986 PID: 30641 cluster.py:663 - DEBUG - updating existing node i-d822feba in self._nodes
2011-12-22 03:12:31,987 PID: 30641 cluster.py:663 - DEBUG - updating existing node i-de22febc in self._nodes
2011-12-22 03:12:31,987 PID: 30641 cluster.py:663 - DEBUG - updating existing node i-dc22febe in self._nodes
2011-12-22 03:12:31,987 PID: 30641 cluster.py:663 - DEBUG - updating existing node i-a222fec0 in self._nodes
2011-12-22 03:12:31,987 PID: 30641 cluster.py:663 - DEBUG - updating existing node i-a022fec2 in self._nodes
2011-12-22 03:12:31,987 PID: 30641 cluster.py:663 - DEBUG - updating existing node i-a622fec4 in self._nodes
2011-12-22 03:12:31,988 PID: 30641 cluster.py:663 - DEBUG - updating existing node i-a422fec6 in self._nodes
2011-12-22 03:12:31,988 PID: 30641 cluster.py:663 - DEBUG - updating existing node i-aa22fec8 in self._nodes
2011-12-22 03:12:31,988 PID: 30641 cluster.py:663 - DEBUG - updating existing node i-a822feca in self._nodes
2011-12-22 03:12:31,988 PID: 30641 cluster.py:663 - DEBUG - updating existing node i-ae22fecc in self._nodes
2011-12-22 03:12:31,989 PID: 30641 cluster.py:663 - DEBUG - updating existing node i-ac22fece in self._nodes
2011-12-22 03:12:31,989 PID: 30641 cluster.py:663 - DEBUG - updating existing node i-b222fed0 in self._nodes
2011-12-22 03:12:31,989 PID: 30641 cluster.py:663 - DEBUG - updating existing node i-b022fed2 in self._nodes
2011-12-22 03:12:31,989 PID: 30641 cluster.py:663 - DEBUG - updating existing node i-b622fed4 in self._nodes
2011-12-22 03:12:31,990 PID: 30641 cluster.py:663 - DEBUG - updating existing node i-b422fed6 in self._nodes
2011-12-22 03:12:31,990 PID: 30641 cluster.py:663 - DEBUG - updating existing node i-ba22fed8 in self._nodes
2011-12-22 03:12:31,990 PID: 30641 cluster.py:663 - DEBUG - updating existing node i-b822feda in self._nodes
2011-12-22 03:12:31,991 PID: 30641 cluster.py:663 - DEBUG - updating existing node i-be22fedc in self._nodes
2011-12-22 03:12:31,991 PID: 30641 cluster.py:663 - DEBUG - updating existing node i-bc22fede in self._nodes
2011-12-22 03:12:31,992 PID: 30641 cluster.py:663 - DEBUG - updating existing node i-8222fee0 in self._nodes
2011-12-22 03:12:31,992 PID: 30641 cluster.py:663 - DEBUG - updating existing node i-8022fee2 in self._nodes
2011-12-22 03:12:31,992 PID: 30641 cluster.py:663 - DEBUG - updating existing node i-8622fee4 in self._nodes
2011-12-22 03:12:31,992 PID: 30641 cluster.py:663 - DEBUG - updating existing node i-8422fee6 in self._nodes
2011-12-22 03:12:31,992 PID: 30641 cluster.py:663 - DEBUG - updating existing node i-8a22fee8 in self._nodes
2011-12-22 03:12:31,993 PID: 30641 cluster.py:663 - DEBUG - updating existing node i-8822feea in self._nodes
2011-12-22 03:12:31,993 PID: 30641 cluster.py:663 - DEBUG - updating existing node i-8e22feec in self._nodes
2011-12-22 03:12:31,993 PID: 30641 cluster.py:663 - DEBUG - updating existing node i-8c22feee in self._nodes
2011-12-22 03:12:31,993 PID: 30641 cluster.py:663 - DEBUG - updating existing node i-9222fef0 in self._nodes
2011-12-22 03:12:31,994 PID: 30641 cluster.py:663 - DEBUG - updating existing node i-9022fef2 in self._nodes
2011-12-22 03:12:31,994 PID: 30641 cluster.py:663 - DEBUG - updating existing node i-9622fef4 in self._nodes
2011-12-22 03:12:31,994 PID: 30641 cluster.py:663 - DEBUG - updating existing node i-9422fef6 in self._nodes
2011-12-22 03:12:31,994 PID: 30641 cluster.py:663 - DEBUG - updating existing node i-9a22fef8 in self._nodes
2011-12-22 03:12:31,994 PID: 30641 cluster.py:663 - DEBUG - updating existing node i-9822fefa in self._nodes
2011-12-22 03:12:31,995 PID: 30641 cluster.py:663 - DEBUG - updating existing node i-9e22fefc in self._nodes
2011-12-22 03:12:31,995 PID: 30641 cluster.py:663 - DEBUG - updating existing node i-9c22fefe in self._nodes
2011-12-22 03:12:31,995 PID: 30641 cluster.py:663 - DEBUG - updating existing node i-6223ff00 in self._nodes
2011-12-22 03:12:31,995 PID: 30641 cluster.py:663 - DEBUG - updating existing node i-6023ff02 in self._nodes
2011-12-22 03:12:31,996 PID: 30641 cluster.py:663 - DEBUG - updating existing node i-6623ff04 in self._nodes
2011-12-22 03:12:31,996 PID: 30641 cluster.py:663 - DEBUG - updating existing node i-6423ff06 in self._nodes
2011-12-22 03:12:31,996 PID: 30641 cluster.py:663 - DEBUG - updating existing node i-6a23ff08 in self._nodes
2011-12-22 03:12:31,996 PID: 30641 cluster.py:663 - DEBUG - updating existing node i-6823ff0a in self._nodes
2011-12-22 03:12:31,997 PID: 30641 cluster.py:663 - DEBUG - updating existing node i-6e23ff0c in self._nodes
2011-12-22 03:12:31,997 PID: 30641 cluster.py:663 - DEBUG - updating existing node i-6c23ff0e in self._nodes
2011-12-22 03:12:31,997 PID: 30641 cluster.py:663 - DEBUG - updating existing node i-7223ff10 in self._nodes
2011-12-22 03:12:31,997 PID: 30641 cluster.py:663 - DEBUG - updating existing node i-7023ff12 in self._nodes
2011-12-22 03:12:31,997 PID: 30641 cluster.py:663 - DEBUG - updating existing node i-7623ff14 in self._nodes
2011-12-22 03:12:31,998 PID: 30641 cluster.py:663 - DEBUG - updating existing node i-7423ff16 in self._nodes
2011-12-22 03:12:31,998 PID: 30641 cluster.py:663 - DEBUG - updating existing node i-7a23ff18 in self._nodes
2011-12-22 03:12:31,998 PID: 30641 cluster.py:663 - DEBUG - updating existing node i-7823ff1a in self._nodes
2011-12-22 03:12:31,999 PID: 30641 cluster.py:663 - DEBUG - updating existing node i-7e23ff1c in self._nodes
2011-12-22 03:12:31,999 PID: 30641 cluster.py:663 - DEBUG - updating existing node i-7c23ff1e in self._nodes
2011-12-22 03:12:31,999 PID: 30641 cluster.py:663 - DEBUG - updating existing node i-4223ff20 in self._nodes
2011-12-22 03:12:32,000 PID: 30641 cluster.py:663 - DEBUG - updating existing node i-4023ff22 in self._nodes
2011-12-22 03:12:32,000 PID: 30641 cluster.py:663 - DEBUG - updating existing node i-4623ff24 in self._nodes
2011-12-22 03:12:32,000 PID: 30641 cluster.py:663 - DEBUG - updating existing node i-4423ff26 in self._nodes
2011-12-22 03:12:32,000 PID: 30641 cluster.py:663 - DEBUG - updating existing node i-4a23ff28 in self._nodes
2011-12-22 03:12:32,001 PID: 30641 cluster.py:663 - DEBUG - updating existing node i-4823ff2a in self._nodes
2011-12-22 03:12:32,001 PID: 30641 cluster.py:663 - DEBUG - updating existing node i-4e23ff2c in self._nodes
2011-12-22 03:12:32,001 PID: 30641 cluster.py:663 - DEBUG - updating existing node i-4c23ff2e in self._nodes
2011-12-22 03:12:32,001 PID: 30641 cluster.py:663 - DEBUG - updating existing node i-5223ff30 in self._nodes
2011-12-22 03:12:32,001 PID: 30641 cluster.py:663 - DEBUG - updating existing node i-5023ff32 in self._nodes
2011-12-22 03:12:32,002 PID: 30641 cluster.py:663 - DEBUG - updating existing node i-5623ff34 in self._nodes
2011-12-22 03:12:32,002 PID: 30641 cluster.py:663 - DEBUG - updating existing node i-5423ff36 in self._nodes
2011-12-22 03:12:32,002 PID: 30641 cluster.py:663 - DEBUG - updating existing node i-5a23ff38 in self._nodes
2011-12-22 03:12:32,002 PID: 30641 cluster.py:663 - DEBUG - updating existing node i-5823ff3a in self._nodes
2011-12-22 03:12:32,003 PID: 30641 cluster.py:663 - DEBUG - updating existing node i-5e23ff3c in self._nodes
2011-12-22 03:12:32,003 PID: 30641 cluster.py:663 - DEBUG - updating existing node i-5c23ff3e in self._nodes
2011-12-22 03:12:32,003 PID: 30641 cluster.py:663 - DEBUG - updating existing node i-2223ff40 in self._nodes
2011-12-22 03:12:32,003 PID: 30641 cluster.py:663 - DEBUG - updating existing node i-2023ff42 in self._nodes
2011-12-22 03:12:32,003 PID: 30641 cluster.py:663 - DEBUG - updating existing node i-2623ff44 in self._nodes
2011-12-22 03:12:32,004 PID: 30641 cluster.py:663 - DEBUG - updating existing node i-2423ff46 in self._nodes
2011-12-22 03:12:32,004 PID: 30641 cluster.py:663 - DEBUG - updating existing node i-2a23ff48 in self._nodes
2011-12-22 03:12:32,004 PID: 30641 cluster.py:663 - DEBUG - updating existing node i-2823ff4a in self._nodes
2011-12-22 03:12:32,004 PID: 30641 cluster.py:663 - DEBUG - updating existing node i-2e23ff4c in self._nodes
2011-12-22 03:12:32,005 PID: 30641 cluster.py:663 - DEBUG - updating existing node i-2c23ff4e in self._nodes
2011-12-22 03:12:32,005 PID: 30641 cluster.py:663 - DEBUG - updating existing node i-3223ff50 in self._nodes
2011-12-22 03:12:32,005 PID: 30641 cluster.py:663 - DEBUG - updating existing node i-3023ff52 in self._nodes
2011-12-22 03:12:32,005 PID: 30641 cluster.py:663 - DEBUG - updating existing node i-3623ff54 in self._nodes
2011-12-22 03:12:32,006 PID: 30641 cluster.py:663 - DEBUG - updating existing node i-3423ff56 in self._nodes
2011-12-22 03:12:32,006 PID: 30641 cluster.py:663 - DEBUG - updating existing node i-3a23ff58 in self._nodes
2011-12-22 03:12:32,006 PID: 30641 cluster.py:663 - DEBUG - updating existing node i-3823ff5a in self._nodes
2011-12-22 03:12:32,006 PID: 30641 cluster.py:663 - DEBUG - updating existing node i-3e23ff5c in self._nodes
2011-12-22 03:12:32,006 PID: 30641 cluster.py:663 - DEBUG - updating existing node i-3c23ff5e in self._nodes
2011-12-22 03:12:32,007 PID: 30641 cluster.py:663 - DEBUG - updating existing node i-0223ff60 in self._nodes
2011-12-22 03:12:32,007 PID: 30641 cluster.py:663 - DEBUG - updating existing node i-0023ff62 in self._nodes
2011-12-22 03:12:32,007 PID: 30641 cluster.py:663 - DEBUG - updating existing node i-0623ff64 in self._nodes
2011-12-22 03:12:32,007 PID: 30641 cluster.py:663 - DEBUG - updating existing node i-0423ff66 in self._nodes
2011-12-22 03:12:32,008 PID: 30641 cluster.py:663 - DEBUG - updating existing node i-0a23ff68 in self._nodes
2011-12-22 03:12:32,008 PID: 30641 cluster.py:663 - DEBUG - updating existing node i-0823ff6a in self._nodes
2011-12-22 03:12:32,008 PID: 30641 cluster.py:663 - DEBUG - updating existing node i-0e23ff6c in self._nodes
2011-12-22 03:12:32,008 PID: 30641 cluster.py:663 - DEBUG - updating existing node i-0c23ff6e in self._nodes
2011-12-22 03:12:32,008 PID: 30641 cluster.py:663 - DEBUG - updating existing node i-1223ff70 in self._nodes
2011-12-22 03:12:32,009 PID: 30641 cluster.py:663 - DEBUG - updating existing node i-1023ff72 in self._nodes
2011-12-22 03:12:32,009 PID: 30641 cluster.py:663 - DEBUG - updating existing node i-1623ff74 in self._nodes
2011-12-22 03:12:32,009 PID: 30641 cluster.py:663 - DEBUG - updating existing node i-1423ff76 in self._nodes
2011-12-22 03:12:32,009 PID: 30641 cluster.py:663 - DEBUG - updating existing node i-1a23ff78 in self._nodes
2011-12-22 03:12:32,010 PID: 30641 cluster.py:663 - DEBUG - updating existing node i-1823ff7a in self._nodes
2011-12-22 03:12:32,010 PID: 30641 cluster.py:663 - DEBUG - updating existing node i-1e23ff7c in self._nodes
2011-12-22 03:12:32,010 PID: 30641 cluster.py:663 - DEBUG - updating existing node i-1c23ff7e in self._nodes
2011-12-22 03:12:32,010 PID: 30641 cluster.py:663 - DEBUG - updating existing node i-e223ff80 in self._nodes
2011-12-22 03:12:32,010 PID: 30641 cluster.py:663 - DEBUG - updating existing node i-e023ff82 in self._nodes
2011-12-22 03:12:32,011 PID: 30641 cluster.py:663 - DEBUG - updating existing node i-e623ff84 in self._nodes
2011-12-22 03:12:32,011 PID: 30641 cluster.py:663 - DEBUG - updating existing node i-e423ff86 in self._nodes
2011-12-22 03:12:32,011 PID: 30641 cluster.py:663 - DEBUG - updating existing node i-ea23ff88 in self._nodes
2011-12-22 03:12:32,011 PID: 30641 cluster.py:663 - DEBUG - updating existing node i-e823ff8a in self._nodes
2011-12-22 03:12:32,012 PID: 30641 cluster.py:663 - DEBUG - updating existing node i-ee23ff8c in self._nodes
2011-12-22 03:12:32,012 PID: 30641 cluster.py:663 - DEBUG - updating existing node i-ec23ff8e in self._nodes
2011-12-22 03:12:32,012 PID: 30641 cluster.py:663 - DEBUG - updating existing node i-f223ff90 in self._nodes
2011-12-22 03:12:32,012 PID: 30641 cluster.py:663 - DEBUG - updating existing node i-f023ff92 in self._nodes
2011-12-22 03:12:32,013 PID: 30641 cluster.py:663 - DEBUG - updating existing node i-f623ff94 in self._nodes
2011-12-22 03:12:32,013 PID: 30641 cluster.py:663 - DEBUG - updating existing node i-f423ff96 in self._nodes
2011-12-22 03:12:32,013 PID: 30641 cluster.py:663 - DEBUG - updating existing node i-fa23ff98 in self._nodes
2011-12-22 03:12:32,013 PID: 30641 cluster.py:663 - DEBUG - updating existing node i-f823ff9a in self._nodes
2011-12-22 03:12:32,013 PID: 30641 cluster.py:663 - DEBUG - updating existing node i-fe23ff9c in self._nodes
2011-12-22 03:12:32,014 PID: 30641 cluster.py:663 - DEBUG - updating existing node i-fc23ff9e in self._nodes
2011-12-22 03:12:32,014 PID: 30641 cluster.py:663 - DEBUG - updating existing node i-c223ffa0 in self._nodes
2011-12-22 03:12:32,014 PID: 30641 cluster.py:663 - DEBUG - updating existing node i-c023ffa2 in self._nodes
2011-12-22 03:12:32,014 PID: 30641 cluster.py:663 - DEBUG - updating existing node i-c623ffa4 in self._nodes
2011-12-22 03:12:32,015 PID: 30641 cluster.py:663 - DEBUG - updating existing node i-c423ffa6 in self._nodes
2011-12-22 03:12:32,015 PID: 30641 cluster.py:663 - DEBUG - updating existing node i-ca23ffa8 in self._nodes
2011-12-22 03:12:32,015 PID: 30641 cluster.py:663 - DEBUG - updating existing node i-c823ffaa in self._nodes
2011-12-22 03:12:32,015 PID: 30641 cluster.py:663 - DEBUG - updating existing node i-ce23ffac in self._nodes
2011-12-22 03:12:32,017 PID: 30641 cluster.py:663 - DEBUG - updating existing node i-cc23ffae in self._nodes
2011-12-22 03:12:32,080 PID: 30641 cluster.py:676 - DEBUG - returning self._nodes = [<Node: master (i-7c22fe1e)>, <Node: node001 (i-4222fe20)>, <Node: node002 (i-4022fe22)>, <Node: node003 (i-4622fe24)>, <Node: node004 (i-4422fe26)>, <Node: node005 (i-4a22fe28)>, <Node: node006 (i-4822fe2a)>, <Node: node007 (i-4e22fe2c)>, <Node: node008 (i-4c22fe2e)>, <Node: node009 (i-5222fe30)>, <Node: node010 (i-5622fe34)>, <Node: node011 (i-5422fe36)>, <Node: node012 (i-5a22fe38)>, <Node: node013 (i-5822fe3a)>, <Node: node014 (i-5e22fe3c)>, <Node: node015 (i-5c22fe3e)>, <Node: node016 (i-2222fe40)>, <Node: node017 (i-2022fe42)>, <Node: node018 (i-2622fe44)>, <Node: node019 (i-2422fe46)>, <Node: node020 (i-2a22fe48)>, <Node: node021 (i-2822fe4a)>, <Node: node022 (i-2e22fe4c)>, <Node: node023 (i-2c22fe4e)>, <Node: node024 (i-3222fe50)>, <Node: node025 (i-3022fe52)>, <Node: node026 (i-3622fe54)>, <Node: node027 (i-3422fe56)>, <Node: node028 (i-3a22fe58)>, <Node: node029 (i-3822fe5a)>, <Node: node030 (i-3e22fe5c)>, <Node: node031 (i-3c22fe5e)>, <Node: node032 (i-0222fe60)>, <Node: node033 (i-0022fe62)>, <Node: node034 (i-0622fe64)>, <Node: node035 (i-0422fe66)>, <Node: node036 (i-0a22fe68)>, <Node: node037 (i-0822fe6a)>, <Node: node038 (i-0e22fe6c)>, <Node: node039 (i-0c22fe6e)>, <Node: node040 (i-1222fe70)>, <Node: node041 (i-1022fe72)>, <Node: node042 (i-1622fe74)>, <Node: node043 (i-1422fe76)>, <Node: node044 (i-1a22fe78)>, <Node: node045 (i-1822fe7a)>, <Node: node046 (i-1e22fe7c)>, <Node: node047 (i-1c22fe7e)>, <Node: node048 (i-e222fe80)>, <Node: node049 (i-e022fe82)>, <Node: node050 (i-e622fe84)>, <Node: node051 (i-e422fe86)>, <Node: node052 (i-ea22fe88)>, <Node: node053 (i-e822fe8a)>, <Node: node054 (i-ee22fe8c)>, <Node: node055 (i-ec22fe8e)>, <Node: node056 (i-f222fe90)>, <Node: node057 (i-f022fe92)>, <Node: node058 (i-f622fe94)>, <Node: node059 (i-f422fe96)>, <Node: node060 (i-fa22fe98)>, <Node: node061 (i-f822fe9a)>, <Node: node062 (i-fe22fe9c)>, <Node: node063 (i-fc22fe9e)>, <Node: node064 (i-c222fea0)>, <Node: node065 (i-c022fea2)>, <Node: node066 (i-c622fea4)>, <Node: node067 (i-c422fea6)>, <Node: node068 (i-ca22fea8)>, <Node: node069 (i-c822feaa)>, <Node: node070 (i-ce22feac)>, <Node: node071 (i-cc22feae)>, <Node: node072 (i-d222feb0)>, <Node: node073 (i-d022feb2)>, <Node: node074 (i-d622feb4)>, <Node: node075 (i-d422feb6)>, <Node: node076 (i-da22feb8)>, <Node: node077 (i-d822feba)>, <Node: node078 (i-de22febc)>, <Node: node079 (i-dc22febe)>, <Node: node080 (i-a222fec0)>, <Node: node081 (i-a022fec2)>, <Node: node082 (i-a622fec4)>, <Node: node083 (i-a422fec6)>, <Node: node084 (i-aa22fec8)>, <Node: node085 (i-a822feca)>, <Node: node086 (i-ae22fecc)>, <Node: node087 (i-ac22fece)>, <Node: node088 (i-b222fed0)>, <Node: node089 (i-b022fed2)>, <Node: node090 (i-b622fed4)>, <Node: node091 (i-b422fed6)>, <Node: node092 (i-ba22fed8)>, <Node: node093 (i-b822feda)>, <Node: node094 (i-be22fedc)>, <Node: node095 (i-bc22fede)>, <Node: node096 (i-8222fee0)>, <Node: node097 (i-8022fee2)>, <Node: node098 (i-8622fee4)>, <Node: node099 (i-8422fee6)>, <Node: node100 (i-8a22fee8)>, <Node: node101 (i-8822feea)>, <Node: node102 (i-8e22feec)>, <Node: node103 (i-8c22feee)>, <Node: node104 (i-9222fef0)>, <Node: node105 (i-9022fef2)>, <Node: node106 (i-9622fef4)>, <Node: node107 (i-9422fef6)>, <Node: node108 (i-9a22fef8)>, <Node: node109 (i-9822fefa)>, <Node: node110 (i-9e22fefc)>, <Node: node111 (i-9c22fefe)>, <Node: node112 (i-6223ff00)>, <Node: node113 (i-6023ff02)>, <Node: node114 (i-6623ff04)>, <Node: node115 (i-6423ff06)>, <Node: node116 (i-6a23ff08)>, <Node: node117 (i-6823ff0a)>, <Node: node118 (i-6e23ff0c)>, <Node: node119 (i-6c23ff0e)>, <Node: node120 (i-7223ff10)>, <Node: node121 (i-7023ff12)>, <Node: node122 (i-7623ff14)>, <Node: node123 (i-7423ff16)>, <Node: node124 (i-7a23ff18)>, <Node: node125 (i-7823ff1a)>, <Node: node126 (i-7e23ff1c)>, <Node: node127 (i-7c23ff1e)>, <Node: node128 (i-4223ff20)>, <Node: node129 (i-4023ff22)>, <Node: node130 (i-4623ff24)>, <Node: node131 (i-4423ff26)>, <Node: node132 (i-4a23ff28)>, <Node: node133 (i-4823ff2a)>, <Node: node134 (i-4e23ff2c)>, <Node: node135 (i-4c23ff2e)>, <Node: node136 (i-5223ff30)>, <Node: node137 (i-5023ff32)>, <Node: node138 (i-5623ff34)>, <Node: node139 (i-5423ff36)>, <Node: node140 (i-5a23ff38)>, <Node: node141 (i-5823ff3a)>, <Node: node142 (i-5e23ff3c)>, <Node: node143 (i-5c23ff3e)>, <Node: node144 (i-2223ff40)>, <Node: node145 (i-2023ff42)>, <Node: node146 (i-2623ff44)>, <Node: node147 (i-2423ff46)>, <Node: node148 (i-2a23ff48)>, <Node: node149 (i-2823ff4a)>, <Node: node150 (i-2e23ff4c)>, <Node: node151 (i-2c23ff4e)>, <Node: node152 (i-3223ff50)>, <Node: node153 (i-3023ff52)>, <Node: node154 (i-3623ff54)>, <Node: node155 (i-3423ff56)>, <Node: node156 (i-3a23ff58)>, <Node: node157 (i-3823ff5a)>, <Node: node158 (i-3e23ff5c)>, <Node: node159 (i-3c23ff5e)>, <Node: node160 (i-0223ff60)>, <Node: node161 (i-0023ff62)>, <Node: node162 (i-0623ff64)>, <Node: node163 (i-0423ff66)>, <Node: node164 (i-0a23ff68)>, <Node: node165 (i-0823ff6a)>, <Node: node166 (i-0e23ff6c)>, <Node: node167 (i-0c23ff6e)>, <Node: node168 (i-1223ff70)>, <Node: node169 (i-1023ff72)>, <Node: node170 (i-1623ff74)>, <Node: node171 (i-1423ff76)>, <Node: node172 (i-1a23ff78)>, <Node: node173 (i-1823ff7a)>, <Node: node174 (i-1e23ff7c)>, <Node: node175 (i-1c23ff7e)>, <Node: node176 (i-e223ff80)>, <Node: node177 (i-e023ff82)>, <Node: node178 (i-e623ff84)>, <Node: node179 (i-e423ff86)>, <Node: node180 (i-ea23ff88)>, <Node: node181 (i-e823ff8a)>, <Node: node182 (i-ee23ff8c)>, <Node: node183 (i-ec23ff8e)>, <Node: node184 (i-f223ff90)>, <Node: node185 (i-f023ff92)>, <Node: node186 (i-f623ff94)>, <Node: node187 (i-f423ff96)>, <Node: node188 (i-fa23ff98)>, <Node: node189 (i-f823ff9a)>, <Node: node190 (i-fe23ff9c)>, <Node: node191 (i-fc23ff9e)>, <Node: node192 (i-c223ffa0)>, <Node: node193 (i-c023ffa2)>, <Node: node194 (i-c623ffa4)>, <Node: node195 (i-c423ffa6)>, <Node: node196 (i-ca23ffa8)>, <Node: node197 (i-c823ffaa)>, <Node: node198 (i-ce23ffac)>, <Node: node199 (i-cc23ffae)>]
2011-12-22 03:12:39,965 PID: 30641 ssh.py:91 - DEBUG - connecting to host ec2-107-21-128-191.compute-1.amazonaws.com on port 22 as user root
2011-12-22 03:12:44,244 PID: 30641 ssh.py:91 - DEBUG - connecting to host ec2-107-21-67-51.compute-1.amazonaws.com on port 22 as user root
2011-12-22 03:13:18,219 PID: 30641 ssh.py:91 - DEBUG - connecting to host ec2-50-17-49-61.compute-1.amazonaws.com on port 22 as user root
2011-12-22 03:13:21,858 PID: 30641 ssh.py:91 - DEBUG - connecting to host ec2-174-129-113-209.compute-1.amazonaws.com on port 22 as user root
2011-12-22 03:13:41,875 PID: 30641 cluster.py:660 - DEBUG - existing nodes: {u'i-6423ff06': <Node: node115 (i-6423ff06)>, u'i-0022fe62': <Node: node033 (i-0022fe62)>, u'i-ae22fecc': <Node: node086 (i-ae22fecc)>, u'i-a822feca': <Node: node085 (i-a822feca)>, u'i-1e23ff7c': <Node: node174 (i-1e23ff7c)>, u'i-f423ff96': <Node: node187 (i-f423ff96)>, u'i-d622feb4': <Node: node074 (i-d622feb4)>, u'i-2022fe42': <Node: node017 (i-2022fe42)>, u'i-f422fe96': <Node: node059 (i-f422fe96)>, u'i-e222fe80': <Node: node048 (i-e222fe80)>, u'i-b222fed0': <Node: node088 (i-b222fed0)>, u'i-2c22fe4e': <Node: node023 (i-2c22fe4e)>, u'i-3822fe5a': <Node: node029 (i-3822fe5a)>, u'i-0c23ff6e': <Node: node167 (i-0c23ff6e)>, u'i-8c22feee': <Node: node103 (i-8c22feee)>, u'i-7c23ff1e': <Node: node127 (i-7c23ff1e)>, u'i-f623ff94': <Node: node186 (i-f623ff94)>, u'i-8822feea': <Node: node101 (i-8822feea)>, u'i-3222fe50': <Node: node024 (i-3222fe50)>, u'i-5222fe30': <Node: node009 (i-5222fe30)>, u'i-4822fe2a': <Node: node006 (i-4822fe2a)>, u'i-a622fec4': <Node: node082 (i-a622fec4)>, u'i-f823ff9a': <Node: node189 (i-f823ff9a)>, u'i-4423ff26': <Node: node131 (i-4423ff26)>, u'i-6223ff00': <Node: node112 (i-6223ff00)>, u'i-4a23ff28': <Node: node132 (i-4a23ff28)>, u'i-7c22fe1e': <Node: master (i-7c22fe1e)>, u'i-2623ff44': <Node: node146 (i-2623ff44)>, u'i-c222fea0': <Node: node064 (i-c222fea0)>, u'i-2823ff4a': <Node: node149 (i-2823ff4a)>, u'i-1c22fe7e': <Node: node047 (i-1c22fe7e)>, u'i-5e23ff3c': <Node: node142 (i-5e23ff3c)>, u'i-4e22fe2c': <Node: node007 (i-4e22fe2c)>, u'i-4c23ff2e': <Node: node135 (i-4c23ff2e)>, u'i-9222fef0': <Node: node104 (i-9222fef0)>, u'i-da22feb8': <Node: node076 (i-da22feb8)>, u'i-7e23ff1c': <Node: node126 (i-7e23ff1c)>, u'i-5e22fe3c': <Node: node014 (i-5e22fe3c)>, u'i-5a23ff38': <Node: node140 (i-5a23ff38)>, u'i-ce22feac': <Node: node070 (i-ce22feac)>, u'i-8022fee2': <Node: node097 (i-8022fee2)>, u'i-f822fe9a': <Node: node061 (i-f822fe9a)>, u'i-e223ff80': <Node: node176 (i-e223ff80)>, u'i-0c22fe6e': <Node: node039 (i-0c22fe6e)>, u'i-5223ff30': <Node: node136 (i-5223ff30)>, u'i-2622fe44': <Node: node018 (i-2622fe44)>, u'i-5423ff36': <Node: node139 (i-5423ff36)>, u'i-6823ff0a': <Node: node117 (i-6823ff0a)>, u'i-4222fe20': <Node: node001 (i-4222fe20)>, u'i-4823ff2a': <Node: node133 (i-4823ff2a)>, u'i-9422fef6': <Node: node107 (i-9422fef6)>, u'i-7423ff16': <Node: node123 (i-7423ff16)>, u'i-1622fe74': <Node: node042 (i-1622fe74)>, u'i-1c23ff7e': <Node: node175 (i-1c23ff7e)>, u'i-0423ff66': <Node: node163 (i-0423ff66)>, u'i-7823ff1a': <Node: node125 (i-7823ff1a)>, u'i-1a22fe78': <Node: node044 (i-1a22fe78)>, u'i-5023ff32': <Node: node137 (i-5023ff32)>, u'i-2423ff46': <Node: node147 (i-2423ff46)>, u'i-4022fe22': <Node: node002 (i-4022fe22)>, u'i-7023ff12': <Node: node121 (i-7023ff12)>, u'i-b622fed4': <Node: node090 (i-b622fed4)>, u'i-f222fe90': <Node: node056 (i-f222fe90)>, u'i-ee22fe8c': <Node: node054 (i-ee22fe8c)>, u'i-c022fea2': <Node: node065 (i-c022fea2)>, u'i-5c23ff3e': <Node: node143 (i-5c23ff3e)>, u'i-1a23ff78': <Node: node172 (i-1a23ff78)>, u'i-1623ff74': <Node: node170 (i-1623ff74)>, u'i-fc23ff9e': <Node: node191 (i-fc23ff9e)>, u'i-2e22fe4c': <Node: node022 (i-2e22fe4c)>, u'i-ee23ff8c': <Node: node182 (i-ee23ff8c)>, u'i-e022fe82': <Node: node049 (i-e022fe82)>, u'i-8e22feec': <Node: node102 (i-8e22feec)>, u'i-9a22fef8': <Node: node108 (i-9a22fef8)>, u'i-5a22fe38': <Node: node012 (i-5a22fe38)>, u'i-3c23ff5e': <Node: node159 (i-3c23ff5e)>, u'i-de22febc': <Node: node078 (i-de22febc)>, u'i-fa23ff98': <Node: node188 (i-fa23ff98)>, u'i-4622fe24': <Node: node003 (i-4622fe24)>, u'i-b422fed6': <Node: node091 (i-b422fed6)>, u'i-9622fef4': <Node: node106 (i-9622fef4)>, u'i-6023ff02': <Node: node113 (i-6023ff02)>, u'i-1823ff7a': <Node: node173 (i-1823ff7a)>, u'i-f022fe92': <Node: node057 (i-f022fe92)>, u'i-3423ff56': <Node: node155 (i-3423ff56)>, u'i-fc22fe9e': <Node: node063 (i-fc22fe9e)>, u'i-c623ffa4': <Node: node194 (i-c623ffa4)>, u'i-a222fec0': <Node: node080 (i-a222fec0)>, u'i-0223ff60': <Node: node160 (i-0223ff60)>, u'i-3823ff5a': <Node: node157 (i-3823ff5a)>, u'i-ce23ffac': <Node: node198 (i-ce23ffac)>, u'i-2a22fe48': <Node: node020 (i-2a22fe48)>, u'i-2a23ff48': <Node: node148 (i-2a23ff48)>, u'i-2222fe40': <Node: node016 (i-2222fe40)>, u'i-0422fe66': <Node: node035 (i-0422fe66)>, u'i-7223ff10': <Node: node120 (i-7223ff10)>, u'i-ec22fe8e': <Node: node055 (i-ec22fe8e)>, u'i-ea22fe88': <Node: node052 (i-ea22fe88)>, u'i-e422fe86': <Node: node051 (i-e422fe86)>, u'i-c223ffa0': <Node: node192 (i-c223ffa0)>, u'i-1023ff72': <Node: node169 (i-1023ff72)>, u'i-7a23ff18': <Node: node124 (i-7a23ff18)>, u'i-fe22fe9c': <Node: node062 (i-fe22fe9c)>, u'i-c423ffa6': <Node: node195 (i-c423ffa6)>, u'i-f622fe94': <Node: node058 (i-f622fe94)>, u'i-0622fe64': <Node: node034 (i-0622fe64)>, u'i-2023ff42': <Node: node145 (i-2023ff42)>, u'i-0e23ff6c': <Node: node166 (i-0e23ff6c)>, u'i-0823ff6a': <Node: node165 (i-0823ff6a)>, u'i-1022fe72': <Node: node041 (i-1022fe72)>, u'i-0623ff64': <Node: node162 (i-0623ff64)>, u'i-cc22feae': <Node: node071 (i-cc22feae)>, u'i-0a22fe68': <Node: node036 (i-0a22fe68)>, u'i-6623ff04': <Node: node114 (i-6623ff04)>, u'i-aa22fec8': <Node: node084 (i-aa22fec8)>, u'i-2e23ff4c': <Node: node150 (i-2e23ff4c)>, u'i-c422fea6': <Node: node067 (i-c422fea6)>, u'i-ea23ff88': <Node: node180 (i-ea23ff88)>, u'i-d022feb2': <Node: node073 (i-d022feb2)>, u'i-4e23ff2c': <Node: node134 (i-4e23ff2c)>, u'i-3e23ff5c': <Node: node158 (i-3e23ff5c)>, u'i-e623ff84': <Node: node178 (i-e623ff84)>, u'i-5823ff3a': <Node: node141 (i-5823ff3a)>, u'i-3e22fe5c': <Node: node030 (i-3e22fe5c)>, u'i-0822fe6a': <Node: node037 (i-0822fe6a)>, u'i-c622fea4': <Node: node066 (i-c622fea4)>, u'i-dc22febe': <Node: node079 (i-dc22febe)>, u'i-0023ff62': <Node: node161 (i-0023ff62)>, u'i-1223ff70': <Node: node168 (i-1223ff70)>, u'i-c023ffa2': <Node: node193 (i-c023ffa2)>, u'i-0e22fe6c': <Node: node038 (i-0e22fe6c)>, u'i-6e23ff0c': <Node: node118 (i-6e23ff0c)>, u'i-c823ffaa': <Node: node197 (i-c823ffaa)>, u'i-2822fe4a': <Node: node021 (i-2822fe4a)>, u'i-1e22fe7c': <Node: node046 (i-1e22fe7c)>, u'i-3a22fe58': <Node: node028 (i-3a22fe58)>, u'i-e023ff82': <Node: node177 (i-e023ff82)>, u'i-bc22fede': <Node: node095 (i-bc22fede)>, u'i-d422feb6': <Node: node075 (i-d422feb6)>, u'i-5623ff34': <Node: node138 (i-5623ff34)>, u'i-1222fe70': <Node: node040 (i-1222fe70)>, u'i-9022fef2': <Node: node105 (i-9022fef2)>, u'i-b022fed2': <Node: node089 (i-b022fed2)>, u'i-be22fedc': <Node: node094 (i-be22fedc)>, u'i-a422fec6': <Node: node083 (i-a422fec6)>, u'i-0a23ff68': <Node: node164 (i-0a23ff68)>, u'i-3022fe52': <Node: node025 (i-3022fe52)>, u'i-d222feb0': <Node: node072 (i-d222feb0)>, u'i-4223ff20': <Node: node128 (i-4223ff20)>, u'i-c822feaa': <Node: node069 (i-c822feaa)>, u'i-8622fee4': <Node: node098 (i-8622fee4)>, u'i-4c22fe2e': <Node: node008 (i-4c22fe2e)>, u'i-4623ff24': <Node: node130 (i-4623ff24)>, u'i-cc23ffae': <Node: node199 (i-cc23ffae)>, u'i-1822fe7a': <Node: node045 (i-1822fe7a)>, u'i-1422fe76': <Node: node043 (i-1422fe76)>, u'i-fe23ff9c': <Node: node190 (i-fe23ff9c)>, u'i-5822fe3a': <Node: node013 (i-5822fe3a)>, u'i-2223ff40': <Node: node144 (i-2223ff40)>, u'i-f223ff90': <Node: node184 (i-f223ff90)>, u'i-b822feda': <Node: node093 (i-b822feda)>, u'i-3422fe56': <Node: node027 (i-3422fe56)>, u'i-3223ff50': <Node: node152 (i-3223ff50)>, u'i-0222fe60': <Node: node032 (i-0222fe60)>, u'i-ec23ff8e': <Node: node183 (i-ec23ff8e)>, u'i-2422fe46': <Node: node019 (i-2422fe46)>, u'i-3623ff54': <Node: node154 (i-3623ff54)>, u'i-4422fe26': <Node: node004 (i-4422fe26)>, u'i-4a22fe28': <Node: node005 (i-4a22fe28)>, u'i-3023ff52': <Node: node153 (i-3023ff52)>, u'i-5622fe34': <Node: node010 (i-5622fe34)>, u'i-3c22fe5e': <Node: node031 (i-3c22fe5e)>, u'i-a022fec2': <Node: node081 (i-a022fec2)>, u'i-9822fefa': <Node: node109 (i-9822fefa)>, u'i-3622fe54': <Node: node026 (i-3622fe54)>, u'i-4023ff22': <Node: node129 (i-4023ff22)>, u'i-e622fe84': <Node: node050 (i-e622fe84)>, u'i-d822feba': <Node: node077 (i-d822feba)>, u'i-5c22fe3e': <Node: node015 (i-5c22fe3e)>, u'i-3a23ff58': <Node: node156 (i-3a23ff58)>, u'i-ca23ffa8': <Node: node196 (i-ca23ffa8)>, u'i-e423ff86': <Node: node179 (i-e423ff86)>, u'i-e823ff8a': <Node: node181 (i-e823ff8a)>, u'i-8422fee6': <Node: node099 (i-8422fee6)>, u'i-1423ff76': <Node: node171 (i-1423ff76)>, u'i-8222fee0': <Node: node096 (i-8222fee0)>, u'i-f023ff92': <Node: node185 (i-f023ff92)>, u'i-ac22fece': <Node: node087 (i-ac22fece)>, u'i-9e22fefc': <Node: node110 (i-9e22fefc)>, u'i-8a22fee8': <Node: node100 (i-8a22fee8)>, u'i-5422fe36': <Node: node011 (i-5422fe36)>, u'i-2c23ff4e': <Node: node151 (i-2c23ff4e)>, u'i-9c22fefe': <Node: node111 (i-9c22fefe)>, u'i-7623ff14': <Node: node122 (i-7623ff14)>, u'i-6a23ff08': <Node: node116 (i-6a23ff08)>, u'i-fa22fe98': <Node: node060 (i-fa22fe98)>, u'i-ca22fea8': <Node: node068 (i-ca22fea8)>, u'i-e822fe8a': <Node: node053 (i-e822fe8a)>, u'i-ba22fed8': <Node: node092 (i-ba22fed8)>, u'i-6c23ff0e': <Node: node119 (i-6c23ff0e)>}
2011-12-22 03:13:41,875 PID: 30641 cluster.py:663 - DEBUG - updating existing node i-7c22fe1e in self._nodes
2011-12-22 03:13:41,876 PID: 30641 cluster.py:663 - DEBUG - updating existing node i-4222fe20 in self._nodes
2011-12-22 03:13:41,876 PID: 30641 cluster.py:663 - DEBUG - updating existing node i-4022fe22 in self._nodes
2011-12-22 03:13:41,876 PID: 30641 cluster.py:663 - DEBUG - updating existing node i-4622fe24 in self._nodes
2011-12-22 03:13:41,876 PID: 30641 cluster.py:663 - DEBUG - updating existing node i-4422fe26 in self._nodes
2011-12-22 03:13:41,877 PID: 30641 cluster.py:663 - DEBUG - updating existing node i-4a22fe28 in self._nodes
2011-12-22 03:13:41,877 PID: 30641 cluster.py:663 - DEBUG - updating existing node i-4822fe2a in self._nodes
2011-12-22 03:13:41,877 PID: 30641 cluster.py:663 - DEBUG - updating existing node i-4e22fe2c in self._nodes
2011-12-22 03:13:41,877 PID: 30641 cluster.py:663 - DEBUG - updating existing node i-4c22fe2e in self._nodes
2011-12-22 03:13:41,878 PID: 30641 cluster.py:663 - DEBUG - updating existing node i-5222fe30 in self._nodes
2011-12-22 03:13:41,878 PID: 30641 cluster.py:663 - DEBUG - updating existing node i-5622fe34 in self._nodes
2011-12-22 03:13:41,878 PID: 30641 cluster.py:663 - DEBUG - updating existing node i-5422fe36 in self._nodes
2011-12-22 03:13:41,878 PID: 30641 cluster.py:663 - DEBUG - updating existing node i-5a22fe38 in self._nodes
2011-12-22 03:13:41,878 PID: 30641 cluster.py:663 - DEBUG - updating existing node i-5822fe3a in self._nodes
2011-12-22 03:13:41,879 PID: 30641 cluster.py:663 - DEBUG - updating existing node i-5e22fe3c in self._nodes
2011-12-22 03:13:41,879 PID: 30641 cluster.py:663 - DEBUG - updating existing node i-5c22fe3e in self._nodes
2011-12-22 03:13:41,879 PID: 30641 cluster.py:663 - DEBUG - updating existing node i-2222fe40 in self._nodes
2011-12-22 03:13:41,879 PID: 30641 cluster.py:663 - DEBUG - updating existing node i-2022fe42 in self._nodes
2011-12-22 03:13:41,880 PID: 30641 cluster.py:663 - DEBUG - updating existing node i-2622fe44 in self._nodes
2011-12-22 03:13:41,880 PID: 30641 cluster.py:663 - DEBUG - updating existing node i-2422fe46 in self._nodes
2011-12-22 03:13:41,880 PID: 30641 cluster.py:663 - DEBUG - updating existing node i-2a22fe48 in self._nodes
2011-12-22 03:13:41,880 PID: 30641 cluster.py:663 - DEBUG - updating existing node i-2822fe4a in self._nodes
2011-12-22 03:13:41,881 PID: 30641 cluster.py:663 - DEBUG - updating existing node i-2e22fe4c in self._nodes
2011-12-22 03:13:41,881 PID: 30641 cluster.py:663 - DEBUG - updating existing node i-2c22fe4e in self._nodes
2011-12-22 03:13:41,881 PID: 30641 cluster.py:663 - DEBUG - updating existing node i-3222fe50 in self._nodes
2011-12-22 03:13:41,881 PID: 30641 cluster.py:663 - DEBUG - updating existing node i-3022fe52 in self._nodes
2011-12-22 03:13:41,881 PID: 30641 cluster.py:663 - DEBUG - updating existing node i-3622fe54 in self._nodes
2011-12-22 03:13:41,882 PID: 30641 cluster.py:663 - DEBUG - updating existing node i-3422fe56 in self._nodes
2011-12-22 03:13:41,882 PID: 30641 cluster.py:663 - DEBUG - updating existing node i-3a22fe58 in self._nodes
2011-12-22 03:13:41,882 PID: 30641 cluster.py:663 - DEBUG - updating existing node i-3822fe5a in self._nodes
2011-12-22 03:13:41,882 PID: 30641 cluster.py:663 - DEBUG - updating existing node i-3e22fe5c in self._nodes
2011-12-22 03:13:41,883 PID: 30641 cluster.py:663 - DEBUG - updating existing node i-3c22fe5e in self._nodes
2011-12-22 03:13:41,883 PID: 30641 cluster.py:663 - DEBUG - updating existing node i-0222fe60 in self._nodes
2011-12-22 03:13:41,883 PID: 30641 cluster.py:663 - DEBUG - updating existing node i-0022fe62 in self._nodes
2011-12-22 03:13:41,883 PID: 30641 cluster.py:663 - DEBUG - updating existing node i-0622fe64 in self._nodes
2011-12-22 03:13:41,884 PID: 30641 cluster.py:663 - DEBUG - updating existing node i-0422fe66 in self._nodes
2011-12-22 03:13:41,884 PID: 30641 cluster.py:663 - DEBUG - updating existing node i-0a22fe68 in self._nodes
2011-12-22 03:13:41,884 PID: 30641 cluster.py:663 - DEBUG - updating existing node i-0822fe6a in self._nodes
2011-12-22 03:13:41,884 PID: 30641 cluster.py:663 - DEBUG - updating existing node i-0e22fe6c in self._nodes
2011-12-22 03:13:41,884 PID: 30641 cluster.py:663 - DEBUG - updating existing node i-0c22fe6e in self._nodes
2011-12-22 03:13:41,885 PID: 30641 cluster.py:663 - DEBUG - updating existing node i-1222fe70 in self._nodes
2011-12-22 03:13:41,885 PID: 30641 cluster.py:663 - DEBUG - updating existing node i-1022fe72 in self._nodes
2011-12-22 03:13:41,885 PID: 30641 cluster.py:663 - DEBUG - updating existing node i-1622fe74 in self._nodes
2011-12-22 03:13:41,885 PID: 30641 cluster.py:663 - DEBUG - updating existing node i-1422fe76 in self._nodes
2011-12-22 03:13:41,886 PID: 30641 cluster.py:663 - DEBUG - updating existing node i-1a22fe78 in self._nodes
2011-12-22 03:13:41,886 PID: 30641 cluster.py:663 - DEBUG - updating existing node i-1822fe7a in self._nodes
2011-12-22 03:13:41,886 PID: 30641 cluster.py:663 - DEBUG - updating existing node i-1e22fe7c in self._nodes
2011-12-22 03:13:41,886 PID: 30641 cluster.py:663 - DEBUG - updating existing node i-1c22fe7e in self._nodes
2011-12-22 03:13:41,887 PID: 30641 cluster.py:663 - DEBUG - updating existing node i-e222fe80 in self._nodes
2011-12-22 03:13:41,887 PID: 30641 cluster.py:663 - DEBUG - updating existing node i-e022fe82 in self._nodes
2011-12-22 03:13:41,887 PID: 30641 cluster.py:663 - DEBUG - updating existing node i-e622fe84 in self._nodes
2011-12-22 03:13:41,887 PID: 30641 cluster.py:663 - DEBUG - updating existing node i-e422fe86 in self._nodes
2011-12-22 03:13:41,888 PID: 30641 cluster.py:663 - DEBUG - updating existing node i-ea22fe88 in self._nodes
2011-12-22 03:13:41,888 PID: 30641 cluster.py:663 - DEBUG - updating existing node i-e822fe8a in self._nodes
2011-12-22 03:13:41,888 PID: 30641 cluster.py:663 - DEBUG - updating existing node i-ee22fe8c in self._nodes
2011-12-22 03:13:41,888 PID: 30641 cluster.py:663 - DEBUG - updating existing node i-ec22fe8e in self._nodes
2011-12-22 03:13:41,889 PID: 30641 cluster.py:663 - DEBUG - updating existing node i-f222fe90 in self._nodes
2011-12-22 03:13:41,889 PID: 30641 cluster.py:663 - DEBUG - updating existing node i-f022fe92 in self._nodes
2011-12-22 03:13:41,889 PID: 30641 cluster.py:663 - DEBUG - updating existing node i-f622fe94 in self._nodes
2011-12-22 03:13:41,889 PID: 30641 cluster.py:663 - DEBUG - updating existing node i-f422fe96 in self._nodes
2011-12-22 03:13:41,889 PID: 30641 cluster.py:663 - DEBUG - updating existing node i-fa22fe98 in self._nodes
2011-12-22 03:13:41,890 PID: 30641 cluster.py:663 - DEBUG - updating existing node i-f822fe9a in self._nodes
2011-12-22 03:13:41,890 PID: 30641 cluster.py:663 - DEBUG - updating existing node i-fe22fe9c in self._nodes
2011-12-22 03:13:41,890 PID: 30641 cluster.py:663 - DEBUG - updating existing node i-fc22fe9e in self._nodes
2011-12-22 03:13:41,891 PID: 30641 cluster.py:663 - DEBUG - updating existing node i-c222fea0 in self._nodes
2011-12-22 03:13:41,891 PID: 30641 cluster.py:663 - DEBUG - updating existing node i-c022fea2 in self._nodes
2011-12-22 03:13:41,891 PID: 30641 cluster.py:663 - DEBUG - updating existing node i-c622fea4 in self._nodes
2011-12-22 03:13:41,891 PID: 30641 cluster.py:663 - DEBUG - updating existing node i-c422fea6 in self._nodes
2011-12-22 03:13:41,892 PID: 30641 cluster.py:663 - DEBUG - updating existing node i-ca22fea8 in self._nodes
2011-12-22 03:13:41,892 PID: 30641 cluster.py:663 - DEBUG - updating existing node i-c822feaa in self._nodes
2011-12-22 03:13:41,892 PID: 30641 cluster.py:663 - DEBUG - updating existing node i-ce22feac in self._nodes
2011-12-22 03:13:41,892 PID: 30641 cluster.py:663 - DEBUG - updating existing node i-cc22feae in self._nodes
2011-12-22 03:13:41,893 PID: 30641 cluster.py:663 - DEBUG - updating existing node i-d222feb0 in self._nodes
2011-12-22 03:13:41,893 PID: 30641 cluster.py:663 - DEBUG - updating existing node i-d022feb2 in self._nodes
2011-12-22 03:13:41,893 PID: 30641 cluster.py:663 - DEBUG - updating existing node i-d622feb4 in self._nodes
2011-12-22 03:13:41,893 PID: 30641 cluster.py:663 - DEBUG - updating existing node i-d422feb6 in self._nodes
2011-12-22 03:13:41,894 PID: 30641 cluster.py:663 - DEBUG - updating existing node i-da22feb8 in self._nodes
2011-12-22 03:13:41,894 PID: 30641 cluster.py:663 - DEBUG - updating existing node i-d822feba in self._nodes
2011-12-22 03:13:41,894 PID: 30641 cluster.py:663 - DEBUG - updating existing node i-de22febc in self._nodes
2011-12-22 03:13:41,894 PID: 30641 cluster.py:663 - DEBUG - updating existing node i-dc22febe in self._nodes
2011-12-22 03:13:41,894 PID: 30641 cluster.py:663 - DEBUG - updating existing node i-a222fec0 in self._nodes
2011-12-22 03:13:41,895 PID: 30641 cluster.py:663 - DEBUG - updating existing node i-a022fec2 in self._nodes
2011-12-22 03:13:41,895 PID: 30641 cluster.py:663 - DEBUG - updating existing node i-a622fec4 in self._nodes
2011-12-22 03:13:41,895 PID: 30641 cluster.py:663 - DEBUG - updating existing node i-a422fec6 in self._nodes
2011-12-22 03:13:41,895 PID: 30641 cluster.py:663 - DEBUG - updating existing node i-aa22fec8 in self._nodes
2011-12-22 03:13:41,896 PID: 30641 cluster.py:663 - DEBUG - updating existing node i-a822feca in self._nodes
2011-12-22 03:13:41,896 PID: 30641 cluster.py:663 - DEBUG - updating existing node i-ae22fecc in self._nodes
2011-12-22 03:13:41,896 PID: 30641 cluster.py:663 - DEBUG - updating existing node i-ac22fece in self._nodes
2011-12-22 03:13:41,896 PID: 30641 cluster.py:663 - DEBUG - updating existing node i-b222fed0 in self._nodes
2011-12-22 03:13:41,897 PID: 30641 cluster.py:663 - DEBUG - updating existing node i-b022fed2 in self._nodes
2011-12-22 03:13:41,897 PID: 30641 cluster.py:663 - DEBUG - updating existing node i-b622fed4 in self._nodes
2011-12-22 03:13:41,897 PID: 30641 cluster.py:663 - DEBUG - updating existing node i-b422fed6 in self._nodes
2011-12-22 03:13:41,897 PID: 30641 cluster.py:663 - DEBUG - updating existing node i-ba22fed8 in self._nodes
2011-12-22 03:13:41,898 PID: 30641 cluster.py:663 - DEBUG - updating existing node i-b822feda in self._nodes
2011-12-22 03:13:41,898 PID: 30641 cluster.py:663 - DEBUG - updating existing node i-be22fedc in self._nodes
2011-12-22 03:13:41,898 PID: 30641 cluster.py:663 - DEBUG - updating existing node i-bc22fede in self._nodes
2011-12-22 03:13:41,898 PID: 30641 cluster.py:663 - DEBUG - updating existing node i-8222fee0 in self._nodes
2011-12-22 03:13:41,899 PID: 30641 cluster.py:663 - DEBUG - updating existing node i-8022fee2 in self._nodes
2011-12-22 03:13:41,899 PID: 30641 cluster.py:663 - DEBUG - updating existing node i-8622fee4 in self._nodes
2011-12-22 03:13:41,899 PID: 30641 cluster.py:663 - DEBUG - updating existing node i-8422fee6 in self._nodes
2011-12-22 03:13:41,899 PID: 30641 cluster.py:663 - DEBUG - updating existing node i-8a22fee8 in self._nodes
2011-12-22 03:13:41,899 PID: 30641 cluster.py:663 - DEBUG - updating existing node i-8822feea in self._nodes
2011-12-22 03:13:41,900 PID: 30641 cluster.py:663 - DEBUG - updating existing node i-8e22feec in self._nodes
2011-12-22 03:13:41,900 PID: 30641 cluster.py:663 - DEBUG - updating existing node i-8c22feee in self._nodes
2011-12-22 03:13:41,900 PID: 30641 cluster.py:663 - DEBUG - updating existing node i-9222fef0 in self._nodes
2011-12-22 03:13:41,900 PID: 30641 cluster.py:663 - DEBUG - updating existing node i-9022fef2 in self._nodes
2011-12-22 03:13:41,901 PID: 30641 cluster.py:663 - DEBUG - updating existing node i-9622fef4 in self._nodes
2011-12-22 03:13:41,902 PID: 30641 cluster.py:663 - DEBUG - updating existing node i-9422fef6 in self._nodes
2011-12-22 03:13:41,904 PID: 30641 cluster.py:663 - DEBUG - updating existing node i-9a22fef8 in self._nodes
2011-12-22 03:13:41,904 PID: 30641 cluster.py:663 - DEBUG - updating existing node i-9822fefa in self._nodes
2011-12-22 03:13:41,904 PID: 30641 cluster.py:663 - DEBUG - updating existing node i-9e22fefc in self._nodes
2011-12-22 03:13:41,904 PID: 30641 cluster.py:663 - DEBUG - updating existing node i-9c22fefe in self._nodes
2011-12-22 03:13:41,905 PID: 30641 cluster.py:663 - DEBUG - updating existing node i-6223ff00 in self._nodes
2011-12-22 03:13:41,905 PID: 30641 cluster.py:663 - DEBUG - updating existing node i-6023ff02 in self._nodes
2011-12-22 03:13:41,905 PID: 30641 cluster.py:663 - DEBUG - updating existing node i-6623ff04 in self._nodes
2011-12-22 03:13:41,905 PID: 30641 cluster.py:663 - DEBUG - updating existing node i-6423ff06 in self._nodes
2011-12-22 03:13:41,906 PID: 30641 cluster.py:663 - DEBUG - updating existing node i-6a23ff08 in self._nodes
2011-12-22 03:13:41,906 PID: 30641 cluster.py:663 - DEBUG - updating existing node i-6823ff0a in self._nodes
2011-12-22 03:13:41,906 PID: 30641 cluster.py:663 - DEBUG - updating existing node i-6e23ff0c in self._nodes
2011-12-22 03:13:41,906 PID: 30641 cluster.py:663 - DEBUG - updating existing node i-6c23ff0e in self._nodes
2011-12-22 03:13:41,907 PID: 30641 cluster.py:663 - DEBUG - updating existing node i-7223ff10 in self._nodes
2011-12-22 03:13:41,907 PID: 30641 cluster.py:663 - DEBUG - updating existing node i-7023ff12 in self._nodes
2011-12-22 03:13:41,907 PID: 30641 cluster.py:663 - DEBUG - updating existing node i-7623ff14 in self._nodes
2011-12-22 03:13:41,907 PID: 30641 cluster.py:663 - DEBUG - updating existing node i-7423ff16 in self._nodes
2011-12-22 03:13:41,908 PID: 30641 cluster.py:663 - DEBUG - updating existing node i-7a23ff18 in self._nodes
2011-12-22 03:13:41,908 PID: 30641 cluster.py:663 - DEBUG - updating existing node i-7823ff1a in self._nodes
2011-12-22 03:13:41,908 PID: 30641 cluster.py:663 - DEBUG - updating existing node i-7e23ff1c in self._nodes
2011-12-22 03:13:41,908 PID: 30641 cluster.py:663 - DEBUG - updating existing node i-7c23ff1e in self._nodes
2011-12-22 03:13:41,909 PID: 30641 cluster.py:663 - DEBUG - updating existing node i-4223ff20 in self._nodes
2011-12-22 03:13:41,909 PID: 30641 cluster.py:663 - DEBUG - updating existing node i-4023ff22 in self._nodes
2011-12-22 03:13:41,909 PID: 30641 cluster.py:663 - DEBUG - updating existing node i-4623ff24 in self._nodes
2011-12-22 03:13:41,909 PID: 30641 cluster.py:663 - DEBUG - updating existing node i-4423ff26 in self._nodes
2011-12-22 03:13:41,910 PID: 30641 cluster.py:663 - DEBUG - updating existing node i-4a23ff28 in self._nodes
2011-12-22 03:13:41,910 PID: 30641 cluster.py:663 - DEBUG - updating existing node i-4823ff2a in self._nodes
2011-12-22 03:13:41,910 PID: 30641 cluster.py:663 - DEBUG - updating existing node i-4e23ff2c in self._nodes
2011-12-22 03:13:41,910 PID: 30641 cluster.py:663 - DEBUG - updating existing node i-4c23ff2e in self._nodes
2011-12-22 03:13:41,910 PID: 30641 cluster.py:663 - DEBUG - updating existing node i-5223ff30 in self._nodes
2011-12-22 03:13:41,911 PID: 30641 cluster.py:663 - DEBUG - updating existing node i-5023ff32 in self._nodes
2011-12-22 03:13:41,911 PID: 30641 cluster.py:663 - DEBUG - updating existing node i-5623ff34 in self._nodes
2011-12-22 03:13:41,911 PID: 30641 cluster.py:663 - DEBUG - updating existing node i-5423ff36 in self._nodes
2011-12-22 03:13:41,911 PID: 30641 cluster.py:663 - DEBUG - updating existing node i-5a23ff38 in self._nodes
2011-12-22 03:13:41,912 PID: 30641 cluster.py:663 - DEBUG - updating existing node i-5823ff3a in self._nodes
2011-12-22 03:13:41,912 PID: 30641 cluster.py:663 - DEBUG - updating existing node i-5e23ff3c in self._nodes
2011-12-22 03:13:41,912 PID: 30641 cluster.py:663 - DEBUG - updating existing node i-5c23ff3e in self._nodes
2011-12-22 03:13:41,912 PID: 30641 cluster.py:663 - DEBUG - updating existing node i-2223ff40 in self._nodes
2011-12-22 03:13:41,913 PID: 30641 cluster.py:663 - DEBUG - updating existing node i-2023ff42 in self._nodes
2011-12-22 03:13:41,913 PID: 30641 cluster.py:663 - DEBUG - updating existing node i-2623ff44 in self._nodes
2011-12-22 03:13:41,913 PID: 30641 cluster.py:663 - DEBUG - updating existing node i-2423ff46 in self._nodes
2011-12-22 03:13:41,913 PID: 30641 cluster.py:663 - DEBUG - updating existing node i-2a23ff48 in self._nodes
2011-12-22 03:13:41,913 PID: 30641 cluster.py:663 - DEBUG - updating existing node i-2823ff4a in self._nodes
2011-12-22 03:13:41,914 PID: 30641 cluster.py:663 - DEBUG - updating existing node i-2e23ff4c in self._nodes
2011-12-22 03:13:41,914 PID: 30641 cluster.py:663 - DEBUG - updating existing node i-2c23ff4e in self._nodes
2011-12-22 03:13:41,915 PID: 30641 cluster.py:663 - DEBUG - updating existing node i-3223ff50 in self._nodes
2011-12-22 03:13:41,915 PID: 30641 cluster.py:663 - DEBUG - updating existing node i-3023ff52 in self._nodes
2011-12-22 03:13:41,915 PID: 30641 cluster.py:663 - DEBUG - updating existing node i-3623ff54 in self._nodes
2011-12-22 03:13:41,915 PID: 30641 cluster.py:663 - DEBUG - updating existing node i-3423ff56 in self._nodes
2011-12-22 03:13:41,916 PID: 30641 cluster.py:663 - DEBUG - updating existing node i-3a23ff58 in self._nodes
2011-12-22 03:13:41,916 PID: 30641 cluster.py:663 - DEBUG - updating existing node i-3823ff5a in self._nodes
2011-12-22 03:13:41,916 PID: 30641 cluster.py:663 - DEBUG - updating existing node i-3e23ff5c in self._nodes
2011-12-22 03:13:41,916 PID: 30641 cluster.py:663 - DEBUG - updating existing node i-3c23ff5e in self._nodes
2011-12-22 03:13:41,916 PID: 30641 cluster.py:663 - DEBUG - updating existing node i-0223ff60 in self._nodes
2011-12-22 03:13:41,917 PID: 30641 cluster.py:663 - DEBUG - updating existing node i-0023ff62 in self._nodes
2011-12-22 03:13:41,917 PID: 30641 cluster.py:663 - DEBUG - updating existing node i-0623ff64 in self._nodes
2011-12-22 03:13:41,917 PID: 30641 cluster.py:663 - DEBUG - updating existing node i-0423ff66 in self._nodes
2011-12-22 03:13:41,917 PID: 30641 cluster.py:663 - DEBUG - updating existing node i-0a23ff68 in self._nodes
2011-12-22 03:13:41,918 PID: 30641 cluster.py:663 - DEBUG - updating existing node i-0823ff6a in self._nodes
2011-12-22 03:13:41,918 PID: 30641 cluster.py:663 - DEBUG - updating existing node i-0e23ff6c in self._nodes
2011-12-22 03:13:41,918 PID: 30641 cluster.py:663 - DEBUG - updating existing node i-0c23ff6e in self._nodes
2011-12-22 03:13:41,918 PID: 30641 cluster.py:663 - DEBUG - updating existing node i-1223ff70 in self._nodes
2011-12-22 03:13:41,919 PID: 30641 cluster.py:663 - DEBUG - updating existing node i-1023ff72 in self._nodes
2011-12-22 03:13:41,919 PID: 30641 cluster.py:663 - DEBUG - updating existing node i-1623ff74 in self._nodes
2011-12-22 03:13:41,920 PID: 30641 cluster.py:663 - DEBUG - updating existing node i-1423ff76 in self._nodes
2011-12-22 03:13:41,920 PID: 30641 cluster.py:663 - DEBUG - updating existing node i-1a23ff78 in self._nodes
2011-12-22 03:13:41,920 PID: 30641 cluster.py:663 - DEBUG - updating existing node i-1823ff7a in self._nodes
2011-12-22 03:13:41,920 PID: 30641 cluster.py:663 - DEBUG - updating existing node i-1e23ff7c in self._nodes
2011-12-22 03:13:41,921 PID: 30641 cluster.py:663 - DEBUG - updating existing node i-1c23ff7e in self._nodes
2011-12-22 03:13:41,921 PID: 30641 cluster.py:663 - DEBUG - updating existing node i-e223ff80 in self._nodes
2011-12-22 03:13:41,921 PID: 30641 cluster.py:663 - DEBUG - updating existing node i-e023ff82 in self._nodes
2011-12-22 03:13:41,922 PID: 30641 cluster.py:663 - DEBUG - updating existing node i-e623ff84 in self._nodes
2011-12-22 03:13:41,922 PID: 30641 cluster.py:663 - DEBUG - updating existing node i-e423ff86 in self._nodes
2011-12-22 03:13:41,922 PID: 30641 cluster.py:663 - DEBUG - updating existing node i-ea23ff88 in self._nodes
2011-12-22 03:13:41,923 PID: 30641 cluster.py:663 - DEBUG - updating existing node i-e823ff8a in self._nodes
2011-12-22 03:13:41,923 PID: 30641 cluster.py:663 - DEBUG - updating existing node i-ee23ff8c in self._nodes
2011-12-22 03:13:41,923 PID: 30641 cluster.py:663 - DEBUG - updating existing node i-ec23ff8e in self._nodes
2011-12-22 03:13:41,923 PID: 30641 cluster.py:663 - DEBUG - updating existing node i-f223ff90 in self._nodes
2011-12-22 03:13:41,924 PID: 30641 cluster.py:663 - DEBUG - updating existing node i-f023ff92 in self._nodes
2011-12-22 03:13:41,924 PID: 30641 cluster.py:663 - DEBUG - updating existing node i-f623ff94 in self._nodes
2011-12-22 03:13:41,924 PID: 30641 cluster.py:663 - DEBUG - updating existing node i-f423ff96 in self._nodes
2011-12-22 03:13:41,925 PID: 30641 cluster.py:663 - DEBUG - updating existing node i-fa23ff98 in self._nodes
2011-12-22 03:13:41,925 PID: 30641 cluster.py:663 - DEBUG - updating existing node i-f823ff9a in self._nodes
2011-12-22 03:13:41,925 PID: 30641 cluster.py:663 - DEBUG - updating existing node i-fe23ff9c in self._nodes
2011-12-22 03:13:41,925 PID: 30641 cluster.py:663 - DEBUG - updating existing node i-fc23ff9e in self._nodes
2011-12-22 03:13:41,926 PID: 30641 cluster.py:663 - DEBUG - updating existing node i-c223ffa0 in self._nodes
2011-12-22 03:13:41,926 PID: 30641 cluster.py:663 - DEBUG - updating existing node i-c023ffa2 in self._nodes
2011-12-22 03:13:41,926 PID: 30641 cluster.py:663 - DEBUG - updating existing node i-c623ffa4 in self._nodes
2011-12-22 03:13:41,926 PID: 30641 cluster.py:663 - DEBUG - updating existing node i-c423ffa6 in self._nodes
2011-12-22 03:13:41,927 PID: 30641 cluster.py:663 - DEBUG - updating existing node i-ca23ffa8 in self._nodes
2011-12-22 03:13:41,927 PID: 30641 cluster.py:663 - DEBUG - updating existing node i-c823ffaa in self._nodes
2011-12-22 03:13:41,927 PID: 30641 cluster.py:663 - DEBUG - updating existing node i-ce23ffac in self._nodes
2011-12-22 03:13:41,927 PID: 30641 cluster.py:663 - DEBUG - updating existing node i-cc23ffae in self._nodes
2011-12-22 03:13:41,929 PID: 30641 cluster.py:676 - DEBUG - returning self._nodes = [<Node: master (i-7c22fe1e)>, <Node: node001 (i-4222fe20)>, <Node: node002 (i-4022fe22)>, <Node: node003 (i-4622fe24)>, <Node: node004 (i-4422fe26)>, <Node: node005 (i-4a22fe28)>, <Node: node006 (i-4822fe2a)>, <Node: node007 (i-4e22fe2c)>, <Node: node008 (i-4c22fe2e)>, <Node: node009 (i-5222fe30)>, <Node: node010 (i-5622fe34)>, <Node: node011 (i-5422fe36)>, <Node: node012 (i-5a22fe38)>, <Node: node013 (i-5822fe3a)>, <Node: node014 (i-5e22fe3c)>, <Node: node015 (i-5c22fe3e)>, <Node: node016 (i-2222fe40)>, <Node: node017 (i-2022fe42)>, <Node: node018 (i-2622fe44)>, <Node: node019 (i-2422fe46)>, <Node: node020 (i-2a22fe48)>, <Node: node021 (i-2822fe4a)>, <Node: node022 (i-2e22fe4c)>, <Node: node023 (i-2c22fe4e)>, <Node: node024 (i-3222fe50)>, <Node: node025 (i-3022fe52)>, <Node: node026 (i-3622fe54)>, <Node: node027 (i-3422fe56)>, <Node: node028 (i-3a22fe58)>, <Node: node029 (i-3822fe5a)>, <Node: node030 (i-3e22fe5c)>, <Node: node031 (i-3c22fe5e)>, <Node: node032 (i-0222fe60)>, <Node: node033 (i-0022fe62)>, <Node: node034 (i-0622fe64)>, <Node: node035 (i-0422fe66)>, <Node: node036 (i-0a22fe68)>, <Node: node037 (i-0822fe6a)>, <Node: node038 (i-0e22fe6c)>, <Node: node039 (i-0c22fe6e)>, <Node: node040 (i-1222fe70)>, <Node: node041 (i-1022fe72)>, <Node: node042 (i-1622fe74)>, <Node: node043 (i-1422fe76)>, <Node: node044 (i-1a22fe78)>, <Node: node045 (i-1822fe7a)>, <Node: node046 (i-1e22fe7c)>, <Node: node047 (i-1c22fe7e)>, <Node: node048 (i-e222fe80)>, <Node: node049 (i-e022fe82)>, <Node: node050 (i-e622fe84)>, <Node: node051 (i-e422fe86)>, <Node: node052 (i-ea22fe88)>, <Node: node053 (i-e822fe8a)>, <Node: node054 (i-ee22fe8c)>, <Node: node055 (i-ec22fe8e)>, <Node: node056 (i-f222fe90)>, <Node: node057 (i-f022fe92)>, <Node: node058 (i-f622fe94)>, <Node: node059 (i-f422fe96)>, <Node: node060 (i-fa22fe98)>, <Node: node061 (i-f822fe9a)>, <Node: node062 (i-fe22fe9c)>, <Node: node063 (i-fc22fe9e)>, <Node: node064 (i-c222fea0)>, <Node: node065 (i-c022fea2)>, <Node: node066 (i-c622fea4)>, <Node: node067 (i-c422fea6)>, <Node: node068 (i-ca22fea8)>, <Node: node069 (i-c822feaa)>, <Node: node070 (i-ce22feac)>, <Node: node071 (i-cc22feae)>, <Node: node072 (i-d222feb0)>, <Node: node073 (i-d022feb2)>, <Node: node074 (i-d622feb4)>, <Node: node075 (i-d422feb6)>, <Node: node076 (i-da22feb8)>, <Node: node077 (i-d822feba)>, <Node: node078 (i-de22febc)>, <Node: node079 (i-dc22febe)>, <Node: node080 (i-a222fec0)>, <Node: node081 (i-a022fec2)>, <Node: node082 (i-a622fec4)>, <Node: node083 (i-a422fec6)>, <Node: node084 (i-aa22fec8)>, <Node: node085 (i-a822feca)>, <Node: node086 (i-ae22fecc)>, <Node: node087 (i-ac22fece)>, <Node: node088 (i-b222fed0)>, <Node: node089 (i-b022fed2)>, <Node: node090 (i-b622fed4)>, <Node: node091 (i-b422fed6)>, <Node: node092 (i-ba22fed8)>, <Node: node093 (i-b822feda)>, <Node: node094 (i-be22fedc)>, <Node: node095 (i-bc22fede)>, <Node: node096 (i-8222fee0)>, <Node: node097 (i-8022fee2)>, <Node: node098 (i-8622fee4)>, <Node: node099 (i-8422fee6)>, <Node: node100 (i-8a22fee8)>, <Node: node101 (i-8822feea)>, <Node: node102 (i-8e22feec)>, <Node: node103 (i-8c22feee)>, <Node: node104 (i-9222fef0)>, <Node: node105 (i-9022fef2)>, <Node: node106 (i-9622fef4)>, <Node: node107 (i-9422fef6)>, <Node: node108 (i-9a22fef8)>, <Node: node109 (i-9822fefa)>, <Node: node110 (i-9e22fefc)>, <Node: node111 (i-9c22fefe)>, <Node: node112 (i-6223ff00)>, <Node: node113 (i-6023ff02)>, <Node: node114 (i-6623ff04)>, <Node: node115 (i-6423ff06)>, <Node: node116 (i-6a23ff08)>, <Node: node117 (i-6823ff0a)>, <Node: node118 (i-6e23ff0c)>, <Node: node119 (i-6c23ff0e)>, <Node: node120 (i-7223ff10)>, <Node: node121 (i-7023ff12)>, <Node: node122 (i-7623ff14)>, <Node: node123 (i-7423ff16)>, <Node: node124 (i-7a23ff18)>, <Node: node125 (i-7823ff1a)>, <Node: node126 (i-7e23ff1c)>, <Node: node127 (i-7c23ff1e)>, <Node: node128 (i-4223ff20)>, <Node: node129 (i-4023ff22)>, <Node: node130 (i-4623ff24)>, <Node: node131 (i-4423ff26)>, <Node: node132 (i-4a23ff28)>, <Node: node133 (i-4823ff2a)>, <Node: node134 (i-4e23ff2c)>, <Node: node135 (i-4c23ff2e)>, <Node: node136 (i-5223ff30)>, <Node: node137 (i-5023ff32)>, <Node: node138 (i-5623ff34)>, <Node: node139 (i-5423ff36)>, <Node: node140 (i-5a23ff38)>, <Node: node141 (i-5823ff3a)>, <Node: node142 (i-5e23ff3c)>, <Node: node143 (i-5c23ff3e)>, <Node: node144 (i-2223ff40)>, <Node: node145 (i-2023ff42)>, <Node: node146 (i-2623ff44)>, <Node: node147 (i-2423ff46)>, <Node: node148 (i-2a23ff48)>, <Node: node149 (i-2823ff4a)>, <Node: node150 (i-2e23ff4c)>, <Node: node151 (i-2c23ff4e)>, <Node: node152 (i-3223ff50)>, <Node: node153 (i-3023ff52)>, <Node: node154 (i-3623ff54)>, <Node: node155 (i-3423ff56)>, <Node: node156 (i-3a23ff58)>, <Node: node157 (i-3823ff5a)>, <Node: node158 (i-3e23ff5c)>, <Node: node159 (i-3c23ff5e)>, <Node: node160 (i-0223ff60)>, <Node: node161 (i-0023ff62)>, <Node: node162 (i-0623ff64)>, <Node: node163 (i-0423ff66)>, <Node: node164 (i-0a23ff68)>, <Node: node165 (i-0823ff6a)>, <Node: node166 (i-0e23ff6c)>, <Node: node167 (i-0c23ff6e)>, <Node: node168 (i-1223ff70)>, <Node: node169 (i-1023ff72)>, <Node: node170 (i-1623ff74)>, <Node: node171 (i-1423ff76)>, <Node: node172 (i-1a23ff78)>, <Node: node173 (i-1823ff7a)>, <Node: node174 (i-1e23ff7c)>, <Node: node175 (i-1c23ff7e)>, <Node: node176 (i-e223ff80)>, <Node: node177 (i-e023ff82)>, <Node: node178 (i-e623ff84)>, <Node: node179 (i-e423ff86)>, <Node: node180 (i-ea23ff88)>, <Node: node181 (i-e823ff8a)>, <Node: node182 (i-ee23ff8c)>, <Node: node183 (i-ec23ff8e)>, <Node: node184 (i-f223ff90)>, <Node: node185 (i-f023ff92)>, <Node: node186 (i-f623ff94)>, <Node: node187 (i-f423ff96)>, <Node: node188 (i-fa23ff98)>, <Node: node189 (i-f823ff9a)>, <Node: node190 (i-fe23ff9c)>, <Node: node191 (i-fc23ff9e)>, <Node: node192 (i-c223ffa0)>, <Node: node193 (i-c023ffa2)>, <Node: node194 (i-c623ffa4)>, <Node: node195 (i-c423ffa6)>, <Node: node196 (i-ca23ffa8)>, <Node: node197 (i-c823ffaa)>, <Node: node198 (i-ce23ffac)>, <Node: node199 (i-cc23ffae)>]
2011-12-22 03:13:49,614 PID: 30641 ssh.py:91 - DEBUG - connecting to host ec2-107-21-128-191.compute-1.amazonaws.com on port 22 as user root
2011-12-22 03:13:53,698 PID: 30641 ssh.py:91 - DEBUG - connecting to host ec2-107-21-67-51.compute-1.amazonaws.com on port 22 as user root
2011-12-22 03:14:27,456 PID: 30641 ssh.py:91 - DEBUG - connecting to host ec2-50-17-49-61.compute-1.amazonaws.com on port 22 as user root
2011-12-22 03:14:31,045 PID: 30641 ssh.py:91 - DEBUG - connecting to host ec2-174-129-113-209.compute-1.amazonaws.com on port 22 as user root
2011-12-22 03:14:51,012 PID: 30641 cluster.py:660 - DEBUG - existing nodes: {u'i-6423ff06': <Node: node115 (i-6423ff06)>, u'i-0022fe62': <Node: node033 (i-0022fe62)>, u'i-ae22fecc': <Node: node086 (i-ae22fecc)>, u'i-a822feca': <Node: node085 (i-a822feca)>, u'i-1e23ff7c': <Node: node174 (i-1e23ff7c)>, u'i-f423ff96': <Node: node187 (i-f423ff96)>, u'i-d622feb4': <Node: node074 (i-d622feb4)>, u'i-2022fe42': <Node: node017 (i-2022fe42)>, u'i-f422fe96': <Node: node059 (i-f422fe96)>, u'i-e222fe80': <Node: node048 (i-e222fe80)>, u'i-b222fed0': <Node: node088 (i-b222fed0)>, u'i-2c22fe4e': <Node: node023 (i-2c22fe4e)>, u'i-3822fe5a': <Node: node029 (i-3822fe5a)>, u'i-0c23ff6e': <Node: node167 (i-0c23ff6e)>, u'i-8c22feee': <Node: node103 (i-8c22feee)>, u'i-7c23ff1e': <Node: node127 (i-7c23ff1e)>, u'i-f623ff94': <Node: node186 (i-f623ff94)>, u'i-8822feea': <Node: node101 (i-8822feea)>, u'i-3222fe50': <Node: node024 (i-3222fe50)>, u'i-5222fe30': <Node: node009 (i-5222fe30)>, u'i-4822fe2a': <Node: node006 (i-4822fe2a)>, u'i-a622fec4': <Node: node082 (i-a622fec4)>, u'i-f823ff9a': <Node: node189 (i-f823ff9a)>, u'i-4423ff26': <Node: node131 (i-4423ff26)>, u'i-6223ff00': <Node: node112 (i-6223ff00)>, u'i-4a23ff28': <Node: node132 (i-4a23ff28)>, u'i-7c22fe1e': <Node: master (i-7c22fe1e)>, u'i-2623ff44': <Node: node146 (i-2623ff44)>, u'i-c222fea0': <Node: node064 (i-c222fea0)>, u'i-2823ff4a': <Node: node149 (i-2823ff4a)>, u'i-1c22fe7e': <Node: node047 (i-1c22fe7e)>, u'i-5e23ff3c': <Node: node142 (i-5e23ff3c)>, u'i-4e22fe2c': <Node: node007 (i-4e22fe2c)>, u'i-4c23ff2e': <Node: node135 (i-4c23ff2e)>, u'i-9222fef0': <Node: node104 (i-9222fef0)>, u'i-da22feb8': <Node: node076 (i-da22feb8)>, u'i-7e23ff1c': <Node: node126 (i-7e23ff1c)>, u'i-5e22fe3c': <Node: node014 (i-5e22fe3c)>, u'i-5a23ff38': <Node: node140 (i-5a23ff38)>, u'i-ce22feac': <Node: node070 (i-ce22feac)>, u'i-8022fee2': <Node: node097 (i-8022fee2)>, u'i-f822fe9a': <Node: node061 (i-f822fe9a)>, u'i-e223ff80': <Node: node176 (i-e223ff80)>, u'i-0c22fe6e': <Node: node039 (i-0c22fe6e)>, u'i-5223ff30': <Node: node136 (i-5223ff30)>, u'i-2622fe44': <Node: node018 (i-2622fe44)>, u'i-5423ff36': <Node: node139 (i-5423ff36)>, u'i-6823ff0a': <Node: node117 (i-6823ff0a)>, u'i-4222fe20': <Node: node001 (i-4222fe20)>, u'i-4823ff2a': <Node: node133 (i-4823ff2a)>, u'i-9422fef6': <Node: node107 (i-9422fef6)>, u'i-7423ff16': <Node: node123 (i-7423ff16)>, u'i-1622fe74': <Node: node042 (i-1622fe74)>, u'i-1c23ff7e': <Node: node175 (i-1c23ff7e)>, u'i-0423ff66': <Node: node163 (i-0423ff66)>, u'i-7823ff1a': <Node: node125 (i-7823ff1a)>, u'i-1a22fe78': <Node: node044 (i-1a22fe78)>, u'i-5023ff32': <Node: node137 (i-5023ff32)>, u'i-2423ff46': <Node: node147 (i-2423ff46)>, u'i-4022fe22': <Node: node002 (i-4022fe22)>, u'i-7023ff12': <Node: node121 (i-7023ff12)>, u'i-b622fed4': <Node: node090 (i-b622fed4)>, u'i-f222fe90': <Node: node056 (i-f222fe90)>, u'i-ee22fe8c': <Node: node054 (i-ee22fe8c)>, u'i-c022fea2': <Node: node065 (i-c022fea2)>, u'i-5c23ff3e': <Node: node143 (i-5c23ff3e)>, u'i-1a23ff78': <Node: node172 (i-1a23ff78)>, u'i-1623ff74': <Node: node170 (i-1623ff74)>, u'i-fc23ff9e': <Node: node191 (i-fc23ff9e)>, u'i-2e22fe4c': <Node: node022 (i-2e22fe4c)>, u'i-ee23ff8c': <Node: node182 (i-ee23ff8c)>, u'i-e022fe82': <Node: node049 (i-e022fe82)>, u'i-8e22feec': <Node: node102 (i-8e22feec)>, u'i-9a22fef8': <Node: node108 (i-9a22fef8)>, u'i-5a22fe38': <Node: node012 (i-5a22fe38)>, u'i-3c23ff5e': <Node: node159 (i-3c23ff5e)>, u'i-de22febc': <Node: node078 (i-de22febc)>, u'i-fa23ff98': <Node: node188 (i-fa23ff98)>, u'i-4622fe24': <Node: node003 (i-4622fe24)>, u'i-b422fed6': <Node: node091 (i-b422fed6)>, u'i-9622fef4': <Node: node106 (i-9622fef4)>, u'i-6023ff02': <Node: node113 (i-6023ff02)>, u'i-1823ff7a': <Node: node173 (i-1823ff7a)>, u'i-f022fe92': <Node: node057 (i-f022fe92)>, u'i-3423ff56': <Node: node155 (i-3423ff56)>, u'i-fc22fe9e': <Node: node063 (i-fc22fe9e)>, u'i-c623ffa4': <Node: node194 (i-c623ffa4)>, u'i-a222fec0': <Node: node080 (i-a222fec0)>, u'i-0223ff60': <Node: node160 (i-0223ff60)>, u'i-3823ff5a': <Node: node157 (i-3823ff5a)>, u'i-ce23ffac': <Node: node198 (i-ce23ffac)>, u'i-2a22fe48': <Node: node020 (i-2a22fe48)>, u'i-2a23ff48': <Node: node148 (i-2a23ff48)>, u'i-2222fe40': <Node: node016 (i-2222fe40)>, u'i-0422fe66': <Node: node035 (i-0422fe66)>, u'i-7223ff10': <Node: node120 (i-7223ff10)>, u'i-ec22fe8e': <Node: node055 (i-ec22fe8e)>, u'i-ea22fe88': <Node: node052 (i-ea22fe88)>, u'i-e422fe86': <Node: node051 (i-e422fe86)>, u'i-c223ffa0': <Node: node192 (i-c223ffa0)>, u'i-1023ff72': <Node: node169 (i-1023ff72)>, u'i-7a23ff18': <Node: node124 (i-7a23ff18)>, u'i-fe22fe9c': <Node: node062 (i-fe22fe9c)>, u'i-c423ffa6': <Node: node195 (i-c423ffa6)>, u'i-f622fe94': <Node: node058 (i-f622fe94)>, u'i-0622fe64': <Node: node034 (i-0622fe64)>, u'i-2023ff42': <Node: node145 (i-2023ff42)>, u'i-0e23ff6c': <Node: node166 (i-0e23ff6c)>, u'i-0823ff6a': <Node: node165 (i-0823ff6a)>, u'i-1022fe72': <Node: node041 (i-1022fe72)>, u'i-0623ff64': <Node: node162 (i-0623ff64)>, u'i-cc22feae': <Node: node071 (i-cc22feae)>, u'i-0a22fe68': <Node: node036 (i-0a22fe68)>, u'i-6623ff04': <Node: node114 (i-6623ff04)>, u'i-aa22fec8': <Node: node084 (i-aa22fec8)>, u'i-2e23ff4c': <Node: node150 (i-2e23ff4c)>, u'i-c422fea6': <Node: node067 (i-c422fea6)>, u'i-ea23ff88': <Node: node180 (i-ea23ff88)>, u'i-d022feb2': <Node: node073 (i-d022feb2)>, u'i-4e23ff2c': <Node: node134 (i-4e23ff2c)>, u'i-3e23ff5c': <Node: node158 (i-3e23ff5c)>, u'i-e623ff84': <Node: node178 (i-e623ff84)>, u'i-5823ff3a': <Node: node141 (i-5823ff3a)>, u'i-3e22fe5c': <Node: node030 (i-3e22fe5c)>, u'i-0822fe6a': <Node: node037 (i-0822fe6a)>, u'i-c622fea4': <Node: node066 (i-c622fea4)>, u'i-dc22febe': <Node: node079 (i-dc22febe)>, u'i-0023ff62': <Node: node161 (i-0023ff62)>, u'i-1223ff70': <Node: node168 (i-1223ff70)>, u'i-c023ffa2': <Node: node193 (i-c023ffa2)>, u'i-0e22fe6c': <Node: node038 (i-0e22fe6c)>, u'i-6e23ff0c': <Node: node118 (i-6e23ff0c)>, u'i-c823ffaa': <Node: node197 (i-c823ffaa)>, u'i-2822fe4a': <Node: node021 (i-2822fe4a)>, u'i-1e22fe7c': <Node: node046 (i-1e22fe7c)>, u'i-3a22fe58': <Node: node028 (i-3a22fe58)>, u'i-e023ff82': <Node: node177 (i-e023ff82)>, u'i-bc22fede': <Node: node095 (i-bc22fede)>, u'i-d422feb6': <Node: node075 (i-d422feb6)>, u'i-5623ff34': <Node: node138 (i-5623ff34)>, u'i-1222fe70': <Node: node040 (i-1222fe70)>, u'i-9022fef2': <Node: node105 (i-9022fef2)>, u'i-b022fed2': <Node: node089 (i-b022fed2)>, u'i-be22fedc': <Node: node094 (i-be22fedc)>, u'i-a422fec6': <Node: node083 (i-a422fec6)>, u'i-0a23ff68': <Node: node164 (i-0a23ff68)>, u'i-3022fe52': <Node: node025 (i-3022fe52)>, u'i-d222feb0': <Node: node072 (i-d222feb0)>, u'i-4223ff20': <Node: node128 (i-4223ff20)>, u'i-c822feaa': <Node: node069 (i-c822feaa)>, u'i-8622fee4': <Node: node098 (i-8622fee4)>, u'i-4c22fe2e': <Node: node008 (i-4c22fe2e)>, u'i-4623ff24': <Node: node130 (i-4623ff24)>, u'i-cc23ffae': <Node: node199 (i-cc23ffae)>, u'i-1822fe7a': <Node: node045 (i-1822fe7a)>, u'i-1422fe76': <Node: node043 (i-1422fe76)>, u'i-fe23ff9c': <Node: node190 (i-fe23ff9c)>, u'i-5822fe3a': <Node: node013 (i-5822fe3a)>, u'i-2223ff40': <Node: node144 (i-2223ff40)>, u'i-f223ff90': <Node: node184 (i-f223ff90)>, u'i-b822feda': <Node: node093 (i-b822feda)>, u'i-3422fe56': <Node: node027 (i-3422fe56)>, u'i-3223ff50': <Node: node152 (i-3223ff50)>, u'i-0222fe60': <Node: node032 (i-0222fe60)>, u'i-ec23ff8e': <Node: node183 (i-ec23ff8e)>, u'i-2422fe46': <Node: node019 (i-2422fe46)>, u'i-3623ff54': <Node: node154 (i-3623ff54)>, u'i-4422fe26': <Node: node004 (i-4422fe26)>, u'i-4a22fe28': <Node: node005 (i-4a22fe28)>, u'i-3023ff52': <Node: node153 (i-3023ff52)>, u'i-5622fe34': <Node: node010 (i-5622fe34)>, u'i-3c22fe5e': <Node: node031 (i-3c22fe5e)>, u'i-a022fec2': <Node: node081 (i-a022fec2)>, u'i-9822fefa': <Node: node109 (i-9822fefa)>, u'i-3622fe54': <Node: node026 (i-3622fe54)>, u'i-4023ff22': <Node: node129 (i-4023ff22)>, u'i-e622fe84': <Node: node050 (i-e622fe84)>, u'i-d822feba': <Node: node077 (i-d822feba)>, u'i-5c22fe3e': <Node: node015 (i-5c22fe3e)>, u'i-3a23ff58': <Node: node156 (i-3a23ff58)>, u'i-ca23ffa8': <Node: node196 (i-ca23ffa8)>, u'i-e423ff86': <Node: node179 (i-e423ff86)>, u'i-e823ff8a': <Node: node181 (i-e823ff8a)>, u'i-8422fee6': <Node: node099 (i-8422fee6)>, u'i-1423ff76': <Node: node171 (i-1423ff76)>, u'i-8222fee0': <Node: node096 (i-8222fee0)>, u'i-f023ff92': <Node: node185 (i-f023ff92)>, u'i-ac22fece': <Node: node087 (i-ac22fece)>, u'i-9e22fefc': <Node: node110 (i-9e22fefc)>, u'i-8a22fee8': <Node: node100 (i-8a22fee8)>, u'i-5422fe36': <Node: node011 (i-5422fe36)>, u'i-2c23ff4e': <Node: node151 (i-2c23ff4e)>, u'i-9c22fefe': <Node: node111 (i-9c22fefe)>, u'i-7623ff14': <Node: node122 (i-7623ff14)>, u'i-6a23ff08': <Node: node116 (i-6a23ff08)>, u'i-fa22fe98': <Node: node060 (i-fa22fe98)>, u'i-ca22fea8': <Node: node068 (i-ca22fea8)>, u'i-e822fe8a': <Node: node053 (i-e822fe8a)>, u'i-ba22fed8': <Node: node092 (i-ba22fed8)>, u'i-6c23ff0e': <Node: node119 (i-6c23ff0e)>}
2011-12-22 03:14:51,012 PID: 30641 cluster.py:663 - DEBUG - updating existing node i-7c22fe1e in self._nodes
2011-12-22 03:14:51,013 PID: 30641 cluster.py:663 - DEBUG - updating existing node i-4222fe20 in self._nodes
2011-12-22 03:14:51,013 PID: 30641 cluster.py:663 - DEBUG - updating existing node i-4022fe22 in self._nodes
2011-12-22 03:14:51,013 PID: 30641 cluster.py:663 - DEBUG - updating existing node i-4622fe24 in self._nodes
2011-12-22 03:14:51,013 PID: 30641 cluster.py:663 - DEBUG - updating existing node i-4422fe26 in self._nodes
2011-12-22 03:14:51,014 PID: 30641 cluster.py:663 - DEBUG - updating existing node i-4a22fe28 in self._nodes
2011-12-22 03:14:51,014 PID: 30641 cluster.py:663 - DEBUG - updating existing node i-4822fe2a in self._nodes
2011-12-22 03:14:51,014 PID: 30641 cluster.py:663 - DEBUG - updating existing node i-4e22fe2c in self._nodes
2011-12-22 03:14:51,014 PID: 30641 cluster.py:663 - DEBUG - updating existing node i-4c22fe2e in self._nodes
2011-12-22 03:14:51,014 PID: 30641 cluster.py:663 - DEBUG - updating existing node i-5222fe30 in self._nodes
2011-12-22 03:14:51,015 PID: 30641 cluster.py:663 - DEBUG - updating existing node i-5622fe34 in self._nodes
2011-12-22 03:14:51,015 PID: 30641 cluster.py:663 - DEBUG - updating existing node i-5422fe36 in self._nodes
2011-12-22 03:14:51,015 PID: 30641 cluster.py:663 - DEBUG - updating existing node i-5a22fe38 in self._nodes
2011-12-22 03:14:51,015 PID: 30641 cluster.py:663 - DEBUG - updating existing node i-5822fe3a in self._nodes
2011-12-22 03:14:51,016 PID: 30641 cluster.py:663 - DEBUG - updating existing node i-5e22fe3c in self._nodes
2011-12-22 03:14:51,016 PID: 30641 cluster.py:663 - DEBUG - updating existing node i-5c22fe3e in self._nodes
2011-12-22 03:14:51,016 PID: 30641 cluster.py:663 - DEBUG - updating existing node i-2222fe40 in self._nodes
2011-12-22 03:14:51,016 PID: 30641 cluster.py:663 - DEBUG - updating existing node i-2022fe42 in self._nodes
2011-12-22 03:14:51,017 PID: 30641 cluster.py:663 - DEBUG - updating existing node i-2622fe44 in self._nodes
2011-12-22 03:14:51,017 PID: 30641 cluster.py:663 - DEBUG - updating existing node i-2422fe46 in self._nodes
2011-12-22 03:14:51,017 PID: 30641 cluster.py:663 - DEBUG - updating existing node i-2a22fe48 in self._nodes
2011-12-22 03:14:51,017 PID: 30641 cluster.py:663 - DEBUG - updating existing node i-2822fe4a in self._nodes
2011-12-22 03:14:51,018 PID: 30641 cluster.py:663 - DEBUG - updating existing node i-2e22fe4c in self._nodes
2011-12-22 03:14:51,018 PID: 30641 cluster.py:663 - DEBUG - updating existing node i-2c22fe4e in self._nodes
2011-12-22 03:14:51,018 PID: 30641 cluster.py:663 - DEBUG - updating existing node i-3222fe50 in self._nodes
2011-12-22 03:14:51,018 PID: 30641 cluster.py:663 - DEBUG - updating existing node i-3022fe52 in self._nodes
2011-12-22 03:14:51,019 PID: 30641 cluster.py:663 - DEBUG - updating existing node i-3622fe54 in self._nodes
2011-12-22 03:14:51,019 PID: 30641 cluster.py:663 - DEBUG - updating existing node i-3422fe56 in self._nodes
2011-12-22 03:14:51,019 PID: 30641 cluster.py:663 - DEBUG - updating existing node i-3a22fe58 in self._nodes
2011-12-22 03:14:51,019 PID: 30641 cluster.py:663 - DEBUG - updating existing node i-3822fe5a in self._nodes
2011-12-22 03:14:51,019 PID: 30641 cluster.py:663 - DEBUG - updating existing node i-3e22fe5c in self._nodes
2011-12-22 03:14:51,020 PID: 30641 cluster.py:663 - DEBUG - updating existing node i-3c22fe5e in self._nodes
2011-12-22 03:14:51,020 PID: 30641 cluster.py:663 - DEBUG - updating existing node i-0222fe60 in self._nodes
2011-12-22 03:14:51,020 PID: 30641 cluster.py:663 - DEBUG - updating existing node i-0022fe62 in self._nodes
2011-12-22 03:14:51,020 PID: 30641 cluster.py:663 - DEBUG - updating existing node i-0622fe64 in self._nodes
2011-12-22 03:14:51,021 PID: 30641 cluster.py:663 - DEBUG - updating existing node i-0422fe66 in self._nodes
2011-12-22 03:14:51,021 PID: 30641 cluster.py:663 - DEBUG - updating existing node i-0a22fe68 in self._nodes
2011-12-22 03:14:51,021 PID: 30641 cluster.py:663 - DEBUG - updating existing node i-0822fe6a in self._nodes
2011-12-22 03:14:51,021 PID: 30641 cluster.py:663 - DEBUG - updating existing node i-0e22fe6c in self._nodes
2011-12-22 03:14:51,021 PID: 30641 cluster.py:663 - DEBUG - updating existing node i-0c22fe6e in self._nodes
2011-12-22 03:14:51,022 PID: 30641 cluster.py:663 - DEBUG - updating existing node i-1222fe70 in self._nodes
2011-12-22 03:14:51,022 PID: 30641 cluster.py:663 - DEBUG - updating existing node i-1022fe72 in self._nodes
2011-12-22 03:14:51,022 PID: 30641 cluster.py:663 - DEBUG - updating existing node i-1622fe74 in self._nodes
2011-12-22 03:14:51,022 PID: 30641 cluster.py:663 - DEBUG - updating existing node i-1422fe76 in self._nodes
2011-12-22 03:14:51,023 PID: 30641 cluster.py:663 - DEBUG - updating existing node i-1a22fe78 in self._nodes
2011-12-22 03:14:51,023 PID: 30641 cluster.py:663 - DEBUG - updating existing node i-1822fe7a in self._nodes
2011-12-22 03:14:51,023 PID: 30641 cluster.py:663 - DEBUG - updating existing node i-1e22fe7c in self._nodes
2011-12-22 03:14:51,023 PID: 30641 cluster.py:663 - DEBUG - updating existing node i-1c22fe7e in self._nodes
2011-12-22 03:14:51,024 PID: 30641 cluster.py:663 - DEBUG - updating existing node i-e222fe80 in self._nodes
2011-12-22 03:14:51,024 PID: 30641 cluster.py:663 - DEBUG - updating existing node i-e022fe82 in self._nodes
2011-12-22 03:14:51,024 PID: 30641 cluster.py:663 - DEBUG - updating existing node i-e622fe84 in self._nodes
2011-12-22 03:14:51,024 PID: 30641 cluster.py:663 - DEBUG - updating existing node i-e422fe86 in self._nodes
2011-12-22 03:14:51,024 PID: 30641 cluster.py:663 - DEBUG - updating existing node i-ea22fe88 in self._nodes
2011-12-22 03:14:51,025 PID: 30641 cluster.py:663 - DEBUG - updating existing node i-e822fe8a in self._nodes
2011-12-22 03:14:51,025 PID: 30641 cluster.py:663 - DEBUG - updating existing node i-ee22fe8c in self._nodes
2011-12-22 03:14:51,025 PID: 30641 cluster.py:663 - DEBUG - updating existing node i-ec22fe8e in self._nodes
2011-12-22 03:14:51,025 PID: 30641 cluster.py:663 - DEBUG - updating existing node i-f222fe90 in self._nodes
2011-12-22 03:14:51,026 PID: 30641 cluster.py:663 - DEBUG - updating existing node i-f022fe92 in self._nodes
2011-12-22 03:14:51,026 PID: 30641 cluster.py:663 - DEBUG - updating existing node i-f622fe94 in self._nodes
2011-12-22 03:14:51,026 PID: 30641 cluster.py:663 - DEBUG - updating existing node i-f422fe96 in self._nodes
2011-12-22 03:14:51,026 PID: 30641 cluster.py:663 - DEBUG - updating existing node i-fa22fe98 in self._nodes
2011-12-22 03:14:51,026 PID: 30641 cluster.py:663 - DEBUG - updating existing node i-f822fe9a in self._nodes
2011-12-22 03:14:51,027 PID: 30641 cluster.py:663 - DEBUG - updating existing node i-fe22fe9c in self._nodes
2011-12-22 03:14:51,027 PID: 30641 cluster.py:663 - DEBUG - updating existing node i-fc22fe9e in self._nodes
2011-12-22 03:14:51,027 PID: 30641 cluster.py:663 - DEBUG - updating existing node i-c222fea0 in self._nodes
2011-12-22 03:14:51,027 PID: 30641 cluster.py:663 - DEBUG - updating existing node i-c022fea2 in self._nodes
2011-12-22 03:14:51,028 PID: 30641 cluster.py:663 - DEBUG - updating existing node i-c622fea4 in self._nodes
2011-12-22 03:14:51,028 PID: 30641 cluster.py:663 - DEBUG - updating existing node i-c422fea6 in self._nodes
2011-12-22 03:14:51,028 PID: 30641 cluster.py:663 - DEBUG - updating existing node i-ca22fea8 in self._nodes
2011-12-22 03:14:51,028 PID: 30641 cluster.py:663 - DEBUG - updating existing node i-c822feaa in self._nodes
2011-12-22 03:14:51,029 PID: 30641 cluster.py:663 - DEBUG - updating existing node i-ce22feac in self._nodes
2011-12-22 03:14:51,032 PID: 30641 cluster.py:663 - DEBUG - updating existing node i-cc22feae in self._nodes
2011-12-22 03:14:51,032 PID: 30641 cluster.py:663 - DEBUG - updating existing node i-d222feb0 in self._nodes
2011-12-22 03:14:51,033 PID: 30641 cluster.py:663 - DEBUG - updating existing node i-d022feb2 in self._nodes
2011-12-22 03:14:51,033 PID: 30641 cluster.py:663 - DEBUG - updating existing node i-d622feb4 in self._nodes
2011-12-22 03:14:51,033 PID: 30641 cluster.py:663 - DEBUG - updating existing node i-d422feb6 in self._nodes
2011-12-22 03:14:51,033 PID: 30641 cluster.py:663 - DEBUG - updating existing node i-da22feb8 in self._nodes
2011-12-22 03:14:51,033 PID: 30641 cluster.py:663 - DEBUG - updating existing node i-d822feba in self._nodes
2011-12-22 03:14:51,034 PID: 30641 cluster.py:663 - DEBUG - updating existing node i-de22febc in self._nodes
2011-12-22 03:14:51,034 PID: 30641 cluster.py:663 - DEBUG - updating existing node i-dc22febe in self._nodes
2011-12-22 03:14:51,034 PID: 30641 cluster.py:663 - DEBUG - updating existing node i-a222fec0 in self._nodes
2011-12-22 03:14:51,034 PID: 30641 cluster.py:663 - DEBUG - updating existing node i-a022fec2 in self._nodes
2011-12-22 03:14:51,035 PID: 30641 cluster.py:663 - DEBUG - updating existing node i-a622fec4 in self._nodes
2011-12-22 03:14:51,035 PID: 30641 cluster.py:663 - DEBUG - updating existing node i-a422fec6 in self._nodes
2011-12-22 03:14:51,035 PID: 30641 cluster.py:663 - DEBUG - updating existing node i-aa22fec8 in self._nodes
2011-12-22 03:14:51,035 PID: 30641 cluster.py:663 - DEBUG - updating existing node i-a822feca in self._nodes
2011-12-22 03:14:51,036 PID: 30641 cluster.py:663 - DEBUG - updating existing node i-ae22fecc in self._nodes
2011-12-22 03:14:51,036 PID: 30641 cluster.py:663 - DEBUG - updating existing node i-ac22fece in self._nodes
2011-12-22 03:14:51,036 PID: 30641 cluster.py:663 - DEBUG - updating existing node i-b222fed0 in self._nodes
2011-12-22 03:14:51,036 PID: 30641 cluster.py:663 - DEBUG - updating existing node i-b022fed2 in self._nodes
2011-12-22 03:14:51,037 PID: 30641 cluster.py:663 - DEBUG - updating existing node i-b622fed4 in self._nodes
2011-12-22 03:14:51,037 PID: 30641 cluster.py:663 - DEBUG - updating existing node i-b422fed6 in self._nodes
2011-12-22 03:14:51,037 PID: 30641 cluster.py:663 - DEBUG - updating existing node i-ba22fed8 in self._nodes
2011-12-22 03:14:51,037 PID: 30641 cluster.py:663 - DEBUG - updating existing node i-b822feda in self._nodes
2011-12-22 03:14:51,037 PID: 30641 cluster.py:663 - DEBUG - updating existing node i-be22fedc in self._nodes
2011-12-22 03:14:51,038 PID: 30641 cluster.py:663 - DEBUG - updating existing node i-bc22fede in self._nodes
2011-12-22 03:14:51,038 PID: 30641 cluster.py:663 - DEBUG - updating existing node i-8222fee0 in self._nodes
2011-12-22 03:14:51,038 PID: 30641 cluster.py:663 - DEBUG - updating existing node i-8022fee2 in self._nodes
2011-12-22 03:14:51,038 PID: 30641 cluster.py:663 - DEBUG - updating existing node i-8622fee4 in self._nodes
2011-12-22 03:14:51,039 PID: 30641 cluster.py:663 - DEBUG - updating existing node i-8422fee6 in self._nodes
2011-12-22 03:14:51,039 PID: 30641 cluster.py:663 - DEBUG - updating existing node i-8a22fee8 in self._nodes
2011-12-22 03:14:51,039 PID: 30641 cluster.py:663 - DEBUG - updating existing node i-8822feea in self._nodes
2011-12-22 03:14:51,039 PID: 30641 cluster.py:663 - DEBUG - updating existing node i-8e22feec in self._nodes
2011-12-22 03:14:51,039 PID: 30641 cluster.py:663 - DEBUG - updating existing node i-8c22feee in self._nodes
2011-12-22 03:14:51,040 PID: 30641 cluster.py:663 - DEBUG - updating existing node i-9222fef0 in self._nodes
2011-12-22 03:14:51,040 PID: 30641 cluster.py:663 - DEBUG - updating existing node i-9022fef2 in self._nodes
2011-12-22 03:14:51,040 PID: 30641 cluster.py:663 - DEBUG - updating existing node i-9622fef4 in self._nodes
2011-12-22 03:14:51,040 PID: 30641 cluster.py:663 - DEBUG - updating existing node i-9422fef6 in self._nodes
2011-12-22 03:14:51,041 PID: 30641 cluster.py:663 - DEBUG - updating existing node i-9a22fef8 in self._nodes
2011-12-22 03:14:51,041 PID: 30641 cluster.py:663 - DEBUG - updating existing node i-9822fefa in self._nodes
2011-12-22 03:14:51,041 PID: 30641 cluster.py:663 - DEBUG - updating existing node i-9e22fefc in self._nodes
2011-12-22 03:14:51,041 PID: 30641 cluster.py:663 - DEBUG - updating existing node i-9c22fefe in self._nodes
2011-12-22 03:14:51,042 PID: 30641 cluster.py:663 - DEBUG - updating existing node i-6223ff00 in self._nodes
2011-12-22 03:14:51,042 PID: 30641 cluster.py:663 - DEBUG - updating existing node i-6023ff02 in self._nodes
2011-12-22 03:14:51,042 PID: 30641 cluster.py:663 - DEBUG - updating existing node i-6623ff04 in self._nodes
2011-12-22 03:14:51,042 PID: 30641 cluster.py:663 - DEBUG - updating existing node i-6423ff06 in self._nodes
2011-12-22 03:14:51,042 PID: 30641 cluster.py:663 - DEBUG - updating existing node i-6a23ff08 in self._nodes
2011-12-22 03:14:51,043 PID: 30641 cluster.py:663 - DEBUG - updating existing node i-6823ff0a in self._nodes
2011-12-22 03:14:51,043 PID: 30641 cluster.py:663 - DEBUG - updating existing node i-6e23ff0c in self._nodes
2011-12-22 03:14:51,043 PID: 30641 cluster.py:663 - DEBUG - updating existing node i-6c23ff0e in self._nodes
2011-12-22 03:14:51,044 PID: 30641 cluster.py:663 - DEBUG - updating existing node i-7223ff10 in self._nodes
2011-12-22 03:14:51,044 PID: 30641 cluster.py:663 - DEBUG - updating existing node i-7023ff12 in self._nodes
2011-12-22 03:14:51,044 PID: 30641 cluster.py:663 - DEBUG - updating existing node i-7623ff14 in self._nodes
2011-12-22 03:14:51,044 PID: 30641 cluster.py:663 - DEBUG - updating existing node i-7423ff16 in self._nodes
2011-12-22 03:14:51,045 PID: 30641 cluster.py:663 - DEBUG - updating existing node i-7a23ff18 in self._nodes
2011-12-22 03:14:51,045 PID: 30641 cluster.py:663 - DEBUG - updating existing node i-7823ff1a in self._nodes
2011-12-22 03:14:51,105 PID: 30641 cluster.py:663 - DEBUG - updating existing node i-7e23ff1c in self._nodes
2011-12-22 03:14:51,106 PID: 30641 cluster.py:663 - DEBUG - updating existing node i-7c23ff1e in self._nodes
2011-12-22 03:14:51,106 PID: 30641 cluster.py:663 - DEBUG - updating existing node i-4223ff20 in self._nodes
2011-12-22 03:14:51,106 PID: 30641 cluster.py:663 - DEBUG - updating existing node i-4023ff22 in self._nodes
2011-12-22 03:14:51,106 PID: 30641 cluster.py:663 - DEBUG - updating existing node i-4623ff24 in self._nodes
2011-12-22 03:14:51,107 PID: 30641 cluster.py:663 - DEBUG - updating existing node i-4423ff26 in self._nodes
2011-12-22 03:14:51,107 PID: 30641 cluster.py:663 - DEBUG - updating existing node i-4a23ff28 in self._nodes
2011-12-22 03:14:51,107 PID: 30641 cluster.py:663 - DEBUG - updating existing node i-4823ff2a in self._nodes
2011-12-22 03:14:51,107 PID: 30641 cluster.py:663 - DEBUG - updating existing node i-4e23ff2c in self._nodes
2011-12-22 03:14:51,107 PID: 30641 cluster.py:663 - DEBUG - updating existing node i-4c23ff2e in self._nodes
2011-12-22 03:14:51,108 PID: 30641 cluster.py:663 - DEBUG - updating existing node i-5223ff30 in self._nodes
2011-12-22 03:14:51,108 PID: 30641 cluster.py:663 - DEBUG - updating existing node i-5023ff32 in self._nodes
2011-12-22 03:14:51,108 PID: 30641 cluster.py:663 - DEBUG - updating existing node i-5623ff34 in self._nodes
2011-12-22 03:14:51,108 PID: 30641 cluster.py:663 - DEBUG - updating existing node i-5423ff36 in self._nodes
2011-12-22 03:14:51,109 PID: 30641 cluster.py:663 - DEBUG - updating existing node i-5a23ff38 in self._nodes
2011-12-22 03:14:51,109 PID: 30641 cluster.py:663 - DEBUG - updating existing node i-5823ff3a in self._nodes
2011-12-22 03:14:51,109 PID: 30641 cluster.py:663 - DEBUG - updating existing node i-5e23ff3c in self._nodes
2011-12-22 03:14:51,109 PID: 30641 cluster.py:663 - DEBUG - updating existing node i-5c23ff3e in self._nodes
2011-12-22 03:14:51,110 PID: 30641 cluster.py:663 - DEBUG - updating existing node i-2223ff40 in self._nodes
2011-12-22 03:14:51,110 PID: 30641 cluster.py:663 - DEBUG - updating existing node i-2023ff42 in self._nodes
2011-12-22 03:14:51,110 PID: 30641 cluster.py:663 - DEBUG - updating existing node i-2623ff44 in self._nodes
2011-12-22 03:14:51,110 PID: 30641 cluster.py:663 - DEBUG - updating existing node i-2423ff46 in self._nodes
2011-12-22 03:14:51,110 PID: 30641 cluster.py:663 - DEBUG - updating existing node i-2a23ff48 in self._nodes
2011-12-22 03:14:51,111 PID: 30641 cluster.py:663 - DEBUG - updating existing node i-2823ff4a in self._nodes
2011-12-22 03:14:51,111 PID: 30641 cluster.py:663 - DEBUG - updating existing node i-2e23ff4c in self._nodes
2011-12-22 03:14:51,111 PID: 30641 cluster.py:663 - DEBUG - updating existing node i-2c23ff4e in self._nodes
2011-12-22 03:14:51,111 PID: 30641 cluster.py:663 - DEBUG - updating existing node i-3223ff50 in self._nodes
2011-12-22 03:14:51,112 PID: 30641 cluster.py:663 - DEBUG - updating existing node i-3023ff52 in self._nodes
2011-12-22 03:14:51,112 PID: 30641 cluster.py:663 - DEBUG - updating existing node i-3623ff54 in self._nodes
2011-12-22 03:14:51,112 PID: 30641 cluster.py:663 - DEBUG - updating existing node i-3423ff56 in self._nodes
2011-12-22 03:14:51,112 PID: 30641 cluster.py:663 - DEBUG - updating existing node i-3a23ff58 in self._nodes
2011-12-22 03:14:51,112 PID: 30641 cluster.py:663 - DEBUG - updating existing node i-3823ff5a in self._nodes
2011-12-22 03:14:51,113 PID: 30641 cluster.py:663 - DEBUG - updating existing node i-3e23ff5c in self._nodes
2011-12-22 03:14:51,113 PID: 30641 cluster.py:663 - DEBUG - updating existing node i-3c23ff5e in self._nodes
2011-12-22 03:14:51,113 PID: 30641 cluster.py:663 - DEBUG - updating existing node i-0223ff60 in self._nodes
2011-12-22 03:14:51,113 PID: 30641 cluster.py:663 - DEBUG - updating existing node i-0023ff62 in self._nodes
2011-12-22 03:14:51,114 PID: 30641 cluster.py:663 - DEBUG - updating existing node i-0623ff64 in self._nodes
2011-12-22 03:14:51,114 PID: 30641 cluster.py:663 - DEBUG - updating existing node i-0423ff66 in self._nodes
2011-12-22 03:14:51,114 PID: 30641 cluster.py:663 - DEBUG - updating existing node i-0a23ff68 in self._nodes
2011-12-22 03:14:51,114 PID: 30641 cluster.py:663 - DEBUG - updating existing node i-0823ff6a in self._nodes
2011-12-22 03:14:51,115 PID: 30641 cluster.py:663 - DEBUG - updating existing node i-0e23ff6c in self._nodes
2011-12-22 03:14:51,115 PID: 30641 cluster.py:663 - DEBUG - updating existing node i-0c23ff6e in self._nodes
2011-12-22 03:14:51,115 PID: 30641 cluster.py:663 - DEBUG - updating existing node i-1223ff70 in self._nodes
2011-12-22 03:14:51,115 PID: 30641 cluster.py:663 - DEBUG - updating existing node i-1023ff72 in self._nodes
2011-12-22 03:14:51,115 PID: 30641 cluster.py:663 - DEBUG - updating existing node i-1623ff74 in self._nodes
2011-12-22 03:14:51,116 PID: 30641 cluster.py:663 - DEBUG - updating existing node i-1423ff76 in self._nodes
2011-12-22 03:14:51,116 PID: 30641 cluster.py:663 - DEBUG - updating existing node i-1a23ff78 in self._nodes
2011-12-22 03:14:51,116 PID: 30641 cluster.py:663 - DEBUG - updating existing node i-1823ff7a in self._nodes
2011-12-22 03:14:51,116 PID: 30641 cluster.py:663 - DEBUG - updating existing node i-1e23ff7c in self._nodes
2011-12-22 03:14:51,117 PID: 30641 cluster.py:663 - DEBUG - updating existing node i-1c23ff7e in self._nodes
2011-12-22 03:14:51,117 PID: 30641 cluster.py:663 - DEBUG - updating existing node i-e223ff80 in self._nodes
2011-12-22 03:14:51,117 PID: 30641 cluster.py:663 - DEBUG - updating existing node i-e023ff82 in self._nodes
2011-12-22 03:14:51,117 PID: 30641 cluster.py:663 - DEBUG - updating existing node i-e623ff84 in self._nodes
2011-12-22 03:14:51,118 PID: 30641 cluster.py:663 - DEBUG - updating existing node i-e423ff86 in self._nodes
2011-12-22 03:14:51,118 PID: 30641 cluster.py:663 - DEBUG - updating existing node i-ea23ff88 in self._nodes
2011-12-22 03:14:51,118 PID: 30641 cluster.py:663 - DEBUG - updating existing node i-e823ff8a in self._nodes
2011-12-22 03:14:51,118 PID: 30641 cluster.py:663 - DEBUG - updating existing node i-ee23ff8c in self._nodes
2011-12-22 03:14:51,118 PID: 30641 cluster.py:663 - DEBUG - updating existing node i-ec23ff8e in self._nodes
2011-12-22 03:14:51,119 PID: 30641 cluster.py:663 - DEBUG - updating existing node i-f223ff90 in self._nodes
2011-12-22 03:14:51,119 PID: 30641 cluster.py:663 - DEBUG - updating existing node i-f023ff92 in self._nodes
2011-12-22 03:14:51,119 PID: 30641 cluster.py:663 - DEBUG - updating existing node i-f623ff94 in self._nodes
2011-12-22 03:14:51,119 PID: 30641 cluster.py:663 - DEBUG - updating existing node i-f423ff96 in self._nodes
2011-12-22 03:14:51,120 PID: 30641 cluster.py:663 - DEBUG - updating existing node i-fa23ff98 in self._nodes
2011-12-22 03:14:51,120 PID: 30641 cluster.py:663 - DEBUG - updating existing node i-f823ff9a in self._nodes
2011-12-22 03:14:51,120 PID: 30641 cluster.py:663 - DEBUG - updating existing node i-fe23ff9c in self._nodes
2011-12-22 03:14:51,120 PID: 30641 cluster.py:663 - DEBUG - updating existing node i-fc23ff9e in self._nodes
2011-12-22 03:14:51,120 PID: 30641 cluster.py:663 - DEBUG - updating existing node i-c223ffa0 in self._nodes
2011-12-22 03:14:51,121 PID: 30641 cluster.py:663 - DEBUG - updating existing node i-c023ffa2 in self._nodes
2011-12-22 03:14:51,121 PID: 30641 cluster.py:663 - DEBUG - updating existing node i-c623ffa4 in self._nodes
2011-12-22 03:14:51,121 PID: 30641 cluster.py:663 - DEBUG - updating existing node i-c423ffa6 in self._nodes
2011-12-22 03:14:51,121 PID: 30641 cluster.py:663 - DEBUG - updating existing node i-ca23ffa8 in self._nodes
2011-12-22 03:14:51,122 PID: 30641 cluster.py:663 - DEBUG - updating existing node i-c823ffaa in self._nodes
2011-12-22 03:14:51,122 PID: 30641 cluster.py:663 - DEBUG - updating existing node i-ce23ffac in self._nodes
2011-12-22 03:14:51,122 PID: 30641 cluster.py:663 - DEBUG - updating existing node i-cc23ffae in self._nodes
2011-12-22 03:14:51,123 PID: 30641 cluster.py:676 - DEBUG - returning self._nodes = [<Node: master (i-7c22fe1e)>, <Node: node001 (i-4222fe20)>, <Node: node002 (i-4022fe22)>, <Node: node003 (i-4622fe24)>, <Node: node004 (i-4422fe26)>, <Node: node005 (i-4a22fe28)>, <Node: node006 (i-4822fe2a)>, <Node: node007 (i-4e22fe2c)>, <Node: node008 (i-4c22fe2e)>, <Node: node009 (i-5222fe30)>, <Node: node010 (i-5622fe34)>, <Node: node011 (i-5422fe36)>, <Node: node012 (i-5a22fe38)>, <Node: node013 (i-5822fe3a)>, <Node: node014 (i-5e22fe3c)>, <Node: node015 (i-5c22fe3e)>, <Node: node016 (i-2222fe40)>, <Node: node017 (i-2022fe42)>, <Node: node018 (i-2622fe44)>, <Node: node019 (i-2422fe46)>, <Node: node020 (i-2a22fe48)>, <Node: node021 (i-2822fe4a)>, <Node: node022 (i-2e22fe4c)>, <Node: node023 (i-2c22fe4e)>, <Node: node024 (i-3222fe50)>, <Node: node025 (i-3022fe52)>, <Node: node026 (i-3622fe54)>, <Node: node027 (i-3422fe56)>, <Node: node028 (i-3a22fe58)>, <Node: node029 (i-3822fe5a)>, <Node: node030 (i-3e22fe5c)>, <Node: node031 (i-3c22fe5e)>, <Node: node032 (i-0222fe60)>, <Node: node033 (i-0022fe62)>, <Node: node034 (i-0622fe64)>, <Node: node035 (i-0422fe66)>, <Node: node036 (i-0a22fe68)>, <Node: node037 (i-0822fe6a)>, <Node: node038 (i-0e22fe6c)>, <Node: node039 (i-0c22fe6e)>, <Node: node040 (i-1222fe70)>, <Node: node041 (i-1022fe72)>, <Node: node042 (i-1622fe74)>, <Node: node043 (i-1422fe76)>, <Node: node044 (i-1a22fe78)>, <Node: node045 (i-1822fe7a)>, <Node: node046 (i-1e22fe7c)>, <Node: node047 (i-1c22fe7e)>, <Node: node048 (i-e222fe80)>, <Node: node049 (i-e022fe82)>, <Node: node050 (i-e622fe84)>, <Node: node051 (i-e422fe86)>, <Node: node052 (i-ea22fe88)>, <Node: node053 (i-e822fe8a)>, <Node: node054 (i-ee22fe8c)>, <Node: node055 (i-ec22fe8e)>, <Node: node056 (i-f222fe90)>, <Node: node057 (i-f022fe92)>, <Node: node058 (i-f622fe94)>, <Node: node059 (i-f422fe96)>, <Node: node060 (i-fa22fe98)>, <Node: node061 (i-f822fe9a)>, <Node: node062 (i-fe22fe9c)>, <Node: node063 (i-fc22fe9e)>, <Node: node064 (i-c222fea0)>, <Node: node065 (i-c022fea2)>, <Node: node066 (i-c622fea4)>, <Node: node067 (i-c422fea6)>, <Node: node068 (i-ca22fea8)>, <Node: node069 (i-c822feaa)>, <Node: node070 (i-ce22feac)>, <Node: node071 (i-cc22feae)>, <Node: node072 (i-d222feb0)>, <Node: node073 (i-d022feb2)>, <Node: node074 (i-d622feb4)>, <Node: node075 (i-d422feb6)>, <Node: node076 (i-da22feb8)>, <Node: node077 (i-d822feba)>, <Node: node078 (i-de22febc)>, <Node: node079 (i-dc22febe)>, <Node: node080 (i-a222fec0)>, <Node: node081 (i-a022fec2)>, <Node: node082 (i-a622fec4)>, <Node: node083 (i-a422fec6)>, <Node: node084 (i-aa22fec8)>, <Node: node085 (i-a822feca)>, <Node: node086 (i-ae22fecc)>, <Node: node087 (i-ac22fece)>, <Node: node088 (i-b222fed0)>, <Node: node089 (i-b022fed2)>, <Node: node090 (i-b622fed4)>, <Node: node091 (i-b422fed6)>, <Node: node092 (i-ba22fed8)>, <Node: node093 (i-b822feda)>, <Node: node094 (i-be22fedc)>, <Node: node095 (i-bc22fede)>, <Node: node096 (i-8222fee0)>, <Node: node097 (i-8022fee2)>, <Node: node098 (i-8622fee4)>, <Node: node099 (i-8422fee6)>, <Node: node100 (i-8a22fee8)>, <Node: node101 (i-8822feea)>, <Node: node102 (i-8e22feec)>, <Node: node103 (i-8c22feee)>, <Node: node104 (i-9222fef0)>, <Node: node105 (i-9022fef2)>, <Node: node106 (i-9622fef4)>, <Node: node107 (i-9422fef6)>, <Node: node108 (i-9a22fef8)>, <Node: node109 (i-9822fefa)>, <Node: node110 (i-9e22fefc)>, <Node: node111 (i-9c22fefe)>, <Node: node112 (i-6223ff00)>, <Node: node113 (i-6023ff02)>, <Node: node114 (i-6623ff04)>, <Node: node115 (i-6423ff06)>, <Node: node116 (i-6a23ff08)>, <Node: node117 (i-6823ff0a)>, <Node: node118 (i-6e23ff0c)>, <Node: node119 (i-6c23ff0e)>, <Node: node120 (i-7223ff10)>, <Node: node121 (i-7023ff12)>, <Node: node122 (i-7623ff14)>, <Node: node123 (i-7423ff16)>, <Node: node124 (i-7a23ff18)>, <Node: node125 (i-7823ff1a)>, <Node: node126 (i-7e23ff1c)>, <Node: node127 (i-7c23ff1e)>, <Node: node128 (i-4223ff20)>, <Node: node129 (i-4023ff22)>, <Node: node130 (i-4623ff24)>, <Node: node131 (i-4423ff26)>, <Node: node132 (i-4a23ff28)>, <Node: node133 (i-4823ff2a)>, <Node: node134 (i-4e23ff2c)>, <Node: node135 (i-4c23ff2e)>, <Node: node136 (i-5223ff30)>, <Node: node137 (i-5023ff32)>, <Node: node138 (i-5623ff34)>, <Node: node139 (i-5423ff36)>, <Node: node140 (i-5a23ff38)>, <Node: node141 (i-5823ff3a)>, <Node: node142 (i-5e23ff3c)>, <Node: node143 (i-5c23ff3e)>, <Node: node144 (i-2223ff40)>, <Node: node145 (i-2023ff42)>, <Node: node146 (i-2623ff44)>, <Node: node147 (i-2423ff46)>, <Node: node148 (i-2a23ff48)>, <Node: node149 (i-2823ff4a)>, <Node: node150 (i-2e23ff4c)>, <Node: node151 (i-2c23ff4e)>, <Node: node152 (i-3223ff50)>, <Node: node153 (i-3023ff52)>, <Node: node154 (i-3623ff54)>, <Node: node155 (i-3423ff56)>, <Node: node156 (i-3a23ff58)>, <Node: node157 (i-3823ff5a)>, <Node: node158 (i-3e23ff5c)>, <Node: node159 (i-3c23ff5e)>, <Node: node160 (i-0223ff60)>, <Node: node161 (i-0023ff62)>, <Node: node162 (i-0623ff64)>, <Node: node163 (i-0423ff66)>, <Node: node164 (i-0a23ff68)>, <Node: node165 (i-0823ff6a)>, <Node: node166 (i-0e23ff6c)>, <Node: node167 (i-0c23ff6e)>, <Node: node168 (i-1223ff70)>, <Node: node169 (i-1023ff72)>, <Node: node170 (i-1623ff74)>, <Node: node171 (i-1423ff76)>, <Node: node172 (i-1a23ff78)>, <Node: node173 (i-1823ff7a)>, <Node: node174 (i-1e23ff7c)>, <Node: node175 (i-1c23ff7e)>, <Node: node176 (i-e223ff80)>, <Node: node177 (i-e023ff82)>, <Node: node178 (i-e623ff84)>, <Node: node179 (i-e423ff86)>, <Node: node180 (i-ea23ff88)>, <Node: node181 (i-e823ff8a)>, <Node: node182 (i-ee23ff8c)>, <Node: node183 (i-ec23ff8e)>, <Node: node184 (i-f223ff90)>, <Node: node185 (i-f023ff92)>, <Node: node186 (i-f623ff94)>, <Node: node187 (i-f423ff96)>, <Node: node188 (i-fa23ff98)>, <Node: node189 (i-f823ff9a)>, <Node: node190 (i-fe23ff9c)>, <Node: node191 (i-fc23ff9e)>, <Node: node192 (i-c223ffa0)>, <Node: node193 (i-c023ffa2)>, <Node: node194 (i-c623ffa4)>, <Node: node195 (i-c423ffa6)>, <Node: node196 (i-ca23ffa8)>, <Node: node197 (i-c823ffaa)>, <Node: node198 (i-ce23ffac)>, <Node: node199 (i-cc23ffae)>]
2011-12-22 03:14:58,901 PID: 30641 ssh.py:91 - DEBUG - connecting to host ec2-107-21-128-191.compute-1.amazonaws.com on port 22 as user root
2011-12-22 03:15:03,591 PID: 30641 ssh.py:91 - DEBUG - connecting to host ec2-107-21-67-51.compute-1.amazonaws.com on port 22 as user root
2011-12-22 03:15:37,479 PID: 30641 ssh.py:91 - DEBUG - connecting to host ec2-50-17-49-61.compute-1.amazonaws.com on port 22 as user root
2011-12-22 03:15:41,084 PID: 30641 ssh.py:91 - DEBUG - connecting to host ec2-174-129-113-209.compute-1.amazonaws.com on port 22 as user root
2011-12-22 03:16:01,352 PID: 30641 cluster.py:660 - DEBUG - existing nodes: {u'i-6423ff06': <Node: node115 (i-6423ff06)>, u'i-0022fe62': <Node: node033 (i-0022fe62)>, u'i-ae22fecc': <Node: node086 (i-ae22fecc)>, u'i-a822feca': <Node: node085 (i-a822feca)>, u'i-1e23ff7c': <Node: node174 (i-1e23ff7c)>, u'i-f423ff96': <Node: node187 (i-f423ff96)>, u'i-d622feb4': <Node: node074 (i-d622feb4)>, u'i-2022fe42': <Node: node017 (i-2022fe42)>, u'i-f422fe96': <Node: node059 (i-f422fe96)>, u'i-e222fe80': <Node: node048 (i-e222fe80)>, u'i-b222fed0': <Node: node088 (i-b222fed0)>, u'i-2c22fe4e': <Node: node023 (i-2c22fe4e)>, u'i-3822fe5a': <Node: node029 (i-3822fe5a)>, u'i-0c23ff6e': <Node: node167 (i-0c23ff6e)>, u'i-8c22feee': <Node: node103 (i-8c22feee)>, u'i-7c23ff1e': <Node: node127 (i-7c23ff1e)>, u'i-f623ff94': <Node: node186 (i-f623ff94)>, u'i-8822feea': <Node: node101 (i-8822feea)>, u'i-3222fe50': <Node: node024 (i-3222fe50)>, u'i-5222fe30': <Node: node009 (i-5222fe30)>, u'i-4822fe2a': <Node: node006 (i-4822fe2a)>, u'i-a622fec4': <Node: node082 (i-a622fec4)>, u'i-f823ff9a': <Node: node189 (i-f823ff9a)>, u'i-4423ff26': <Node: node131 (i-4423ff26)>, u'i-6223ff00': <Node: node112 (i-6223ff00)>, u'i-4a23ff28': <Node: node132 (i-4a23ff28)>, u'i-7c22fe1e': <Node: master (i-7c22fe1e)>, u'i-2623ff44': <Node: node146 (i-2623ff44)>, u'i-c222fea0': <Node: node064 (i-c222fea0)>, u'i-2823ff4a': <Node: node149 (i-2823ff4a)>, u'i-1c22fe7e': <Node: node047 (i-1c22fe7e)>, u'i-5e23ff3c': <Node: node142 (i-5e23ff3c)>, u'i-4e22fe2c': <Node: node007 (i-4e22fe2c)>, u'i-4c23ff2e': <Node: node135 (i-4c23ff2e)>, u'i-9222fef0': <Node: node104 (i-9222fef0)>, u'i-da22feb8': <Node: node076 (i-da22feb8)>, u'i-7e23ff1c': <Node: node126 (i-7e23ff1c)>, u'i-5e22fe3c': <Node: node014 (i-5e22fe3c)>, u'i-5a23ff38': <Node: node140 (i-5a23ff38)>, u'i-ce22feac': <Node: node070 (i-ce22feac)>, u'i-8022fee2': <Node: node097 (i-8022fee2)>, u'i-f822fe9a': <Node: node061 (i-f822fe9a)>, u'i-e223ff80': <Node: node176 (i-e223ff80)>, u'i-0c22fe6e': <Node: node039 (i-0c22fe6e)>, u'i-5223ff30': <Node: node136 (i-5223ff30)>, u'i-2622fe44': <Node: node018 (i-2622fe44)>, u'i-5423ff36': <Node: node139 (i-5423ff36)>, u'i-6823ff0a': <Node: node117 (i-6823ff0a)>, u'i-4222fe20': <Node: node001 (i-4222fe20)>, u'i-4823ff2a': <Node: node133 (i-4823ff2a)>, u'i-9422fef6': <Node: node107 (i-9422fef6)>, u'i-7423ff16': <Node: node123 (i-7423ff16)>, u'i-1622fe74': <Node: node042 (i-1622fe74)>, u'i-1c23ff7e': <Node: node175 (i-1c23ff7e)>, u'i-0423ff66': <Node: node163 (i-0423ff66)>, u'i-7823ff1a': <Node: node125 (i-7823ff1a)>, u'i-1a22fe78': <Node: node044 (i-1a22fe78)>, u'i-5023ff32': <Node: node137 (i-5023ff32)>, u'i-2423ff46': <Node: node147 (i-2423ff46)>, u'i-4022fe22': <Node: node002 (i-4022fe22)>, u'i-7023ff12': <Node: node121 (i-7023ff12)>, u'i-b622fed4': <Node: node090 (i-b622fed4)>, u'i-f222fe90': <Node: node056 (i-f222fe90)>, u'i-ee22fe8c': <Node: node054 (i-ee22fe8c)>, u'i-c022fea2': <Node: node065 (i-c022fea2)>, u'i-5c23ff3e': <Node: node143 (i-5c23ff3e)>, u'i-1a23ff78': <Node: node172 (i-1a23ff78)>, u'i-1623ff74': <Node: node170 (i-1623ff74)>, u'i-fc23ff9e': <Node: node191 (i-fc23ff9e)>, u'i-2e22fe4c': <Node: node022 (i-2e22fe4c)>, u'i-ee23ff8c': <Node: node182 (i-ee23ff8c)>, u'i-e022fe82': <Node: node049 (i-e022fe82)>, u'i-8e22feec': <Node: node102 (i-8e22feec)>, u'i-9a22fef8': <Node: node108 (i-9a22fef8)>, u'i-5a22fe38': <Node: node012 (i-5a22fe38)>, u'i-3c23ff5e': <Node: node159 (i-3c23ff5e)>, u'i-de22febc': <Node: node078 (i-de22febc)>, u'i-fa23ff98': <Node: node188 (i-fa23ff98)>, u'i-4622fe24': <Node: node003 (i-4622fe24)>, u'i-b422fed6': <Node: node091 (i-b422fed6)>, u'i-9622fef4': <Node: node106 (i-9622fef4)>, u'i-6023ff02': <Node: node113 (i-6023ff02)>, u'i-1823ff7a': <Node: node173 (i-1823ff7a)>, u'i-f022fe92': <Node: node057 (i-f022fe92)>, u'i-3423ff56': <Node: node155 (i-3423ff56)>, u'i-fc22fe9e': <Node: node063 (i-fc22fe9e)>, u'i-c623ffa4': <Node: node194 (i-c623ffa4)>, u'i-a222fec0': <Node: node080 (i-a222fec0)>, u'i-0223ff60': <Node: node160 (i-0223ff60)>, u'i-3823ff5a': <Node: node157 (i-3823ff5a)>, u'i-ce23ffac': <Node: node198 (i-ce23ffac)>, u'i-2a22fe48': <Node: node020 (i-2a22fe48)>, u'i-2a23ff48': <Node: node148 (i-2a23ff48)>, u'i-2222fe40': <Node: node016 (i-2222fe40)>, u'i-0422fe66': <Node: node035 (i-0422fe66)>, u'i-7223ff10': <Node: node120 (i-7223ff10)>, u'i-ec22fe8e': <Node: node055 (i-ec22fe8e)>, u'i-ea22fe88': <Node: node052 (i-ea22fe88)>, u'i-e422fe86': <Node: node051 (i-e422fe86)>, u'i-c223ffa0': <Node: node192 (i-c223ffa0)>, u'i-1023ff72': <Node: node169 (i-1023ff72)>, u'i-7a23ff18': <Node: node124 (i-7a23ff18)>, u'i-fe22fe9c': <Node: node062 (i-fe22fe9c)>, u'i-c423ffa6': <Node: node195 (i-c423ffa6)>, u'i-f622fe94': <Node: node058 (i-f622fe94)>, u'i-0622fe64': <Node: node034 (i-0622fe64)>, u'i-2023ff42': <Node: node145 (i-2023ff42)>, u'i-0e23ff6c': <Node: node166 (i-0e23ff6c)>, u'i-0823ff6a': <Node: node165 (i-0823ff6a)>, u'i-1022fe72': <Node: node041 (i-1022fe72)>, u'i-0623ff64': <Node: node162 (i-0623ff64)>, u'i-cc22feae': <Node: node071 (i-cc22feae)>, u'i-0a22fe68': <Node: node036 (i-0a22fe68)>, u'i-6623ff04': <Node: node114 (i-6623ff04)>, u'i-aa22fec8': <Node: node084 (i-aa22fec8)>, u'i-2e23ff4c': <Node: node150 (i-2e23ff4c)>, u'i-c422fea6': <Node: node067 (i-c422fea6)>, u'i-ea23ff88': <Node: node180 (i-ea23ff88)>, u'i-d022feb2': <Node: node073 (i-d022feb2)>, u'i-4e23ff2c': <Node: node134 (i-4e23ff2c)>, u'i-3e23ff5c': <Node: node158 (i-3e23ff5c)>, u'i-e623ff84': <Node: node178 (i-e623ff84)>, u'i-5823ff3a': <Node: node141 (i-5823ff3a)>, u'i-3e22fe5c': <Node: node030 (i-3e22fe5c)>, u'i-0822fe6a': <Node: node037 (i-0822fe6a)>, u'i-c622fea4': <Node: node066 (i-c622fea4)>, u'i-dc22febe': <Node: node079 (i-dc22febe)>, u'i-0023ff62': <Node: node161 (i-0023ff62)>, u'i-1223ff70': <Node: node168 (i-1223ff70)>, u'i-c023ffa2': <Node: node193 (i-c023ffa2)>, u'i-0e22fe6c': <Node: node038 (i-0e22fe6c)>, u'i-6e23ff0c': <Node: node118 (i-6e23ff0c)>, u'i-c823ffaa': <Node: node197 (i-c823ffaa)>, u'i-2822fe4a': <Node: node021 (i-2822fe4a)>, u'i-1e22fe7c': <Node: node046 (i-1e22fe7c)>, u'i-3a22fe58': <Node: node028 (i-3a22fe58)>, u'i-e023ff82': <Node: node177 (i-e023ff82)>, u'i-bc22fede': <Node: node095 (i-bc22fede)>, u'i-d422feb6': <Node: node075 (i-d422feb6)>, u'i-5623ff34': <Node: node138 (i-5623ff34)>, u'i-1222fe70': <Node: node040 (i-1222fe70)>, u'i-9022fef2': <Node: node105 (i-9022fef2)>, u'i-b022fed2': <Node: node089 (i-b022fed2)>, u'i-be22fedc': <Node: node094 (i-be22fedc)>, u'i-a422fec6': <Node: node083 (i-a422fec6)>, u'i-0a23ff68': <Node: node164 (i-0a23ff68)>, u'i-3022fe52': <Node: node025 (i-3022fe52)>, u'i-d222feb0': <Node: node072 (i-d222feb0)>, u'i-4223ff20': <Node: node128 (i-4223ff20)>, u'i-c822feaa': <Node: node069 (i-c822feaa)>, u'i-8622fee4': <Node: node098 (i-8622fee4)>, u'i-4c22fe2e': <Node: node008 (i-4c22fe2e)>, u'i-4623ff24': <Node: node130 (i-4623ff24)>, u'i-cc23ffae': <Node: node199 (i-cc23ffae)>, u'i-1822fe7a': <Node: node045 (i-1822fe7a)>, u'i-1422fe76': <Node: node043 (i-1422fe76)>, u'i-fe23ff9c': <Node: node190 (i-fe23ff9c)>, u'i-5822fe3a': <Node: node013 (i-5822fe3a)>, u'i-2223ff40': <Node: node144 (i-2223ff40)>, u'i-f223ff90': <Node: node184 (i-f223ff90)>, u'i-b822feda': <Node: node093 (i-b822feda)>, u'i-3422fe56': <Node: node027 (i-3422fe56)>, u'i-3223ff50': <Node: node152 (i-3223ff50)>, u'i-0222fe60': <Node: node032 (i-0222fe60)>, u'i-ec23ff8e': <Node: node183 (i-ec23ff8e)>, u'i-2422fe46': <Node: node019 (i-2422fe46)>, u'i-3623ff54': <Node: node154 (i-3623ff54)>, u'i-4422fe26': <Node: node004 (i-4422fe26)>, u'i-4a22fe28': <Node: node005 (i-4a22fe28)>, u'i-3023ff52': <Node: node153 (i-3023ff52)>, u'i-5622fe34': <Node: node010 (i-5622fe34)>, u'i-3c22fe5e': <Node: node031 (i-3c22fe5e)>, u'i-a022fec2': <Node: node081 (i-a022fec2)>, u'i-9822fefa': <Node: node109 (i-9822fefa)>, u'i-3622fe54': <Node: node026 (i-3622fe54)>, u'i-4023ff22': <Node: node129 (i-4023ff22)>, u'i-e622fe84': <Node: node050 (i-e622fe84)>, u'i-d822feba': <Node: node077 (i-d822feba)>, u'i-5c22fe3e': <Node: node015 (i-5c22fe3e)>, u'i-3a23ff58': <Node: node156 (i-3a23ff58)>, u'i-ca23ffa8': <Node: node196 (i-ca23ffa8)>, u'i-e423ff86': <Node: node179 (i-e423ff86)>, u'i-e823ff8a': <Node: node181 (i-e823ff8a)>, u'i-8422fee6': <Node: node099 (i-8422fee6)>, u'i-1423ff76': <Node: node171 (i-1423ff76)>, u'i-8222fee0': <Node: node096 (i-8222fee0)>, u'i-f023ff92': <Node: node185 (i-f023ff92)>, u'i-ac22fece': <Node: node087 (i-ac22fece)>, u'i-9e22fefc': <Node: node110 (i-9e22fefc)>, u'i-8a22fee8': <Node: node100 (i-8a22fee8)>, u'i-5422fe36': <Node: node011 (i-5422fe36)>, u'i-2c23ff4e': <Node: node151 (i-2c23ff4e)>, u'i-9c22fefe': <Node: node111 (i-9c22fefe)>, u'i-7623ff14': <Node: node122 (i-7623ff14)>, u'i-6a23ff08': <Node: node116 (i-6a23ff08)>, u'i-fa22fe98': <Node: node060 (i-fa22fe98)>, u'i-ca22fea8': <Node: node068 (i-ca22fea8)>, u'i-e822fe8a': <Node: node053 (i-e822fe8a)>, u'i-ba22fed8': <Node: node092 (i-ba22fed8)>, u'i-6c23ff0e': <Node: node119 (i-6c23ff0e)>}
2011-12-22 03:16:01,352 PID: 30641 cluster.py:663 - DEBUG - updating existing node i-7c22fe1e in self._nodes
2011-12-22 03:16:01,353 PID: 30641 cluster.py:663 - DEBUG - updating existing node i-4222fe20 in self._nodes
2011-12-22 03:16:01,417 PID: 30641 cluster.py:663 - DEBUG - updating existing node i-4022fe22 in self._nodes
2011-12-22 03:16:01,417 PID: 30641 cluster.py:663 - DEBUG - updating existing node i-4622fe24 in self._nodes
2011-12-22 03:16:01,417 PID: 30641 cluster.py:663 - DEBUG - updating existing node i-4422fe26 in self._nodes
2011-12-22 03:16:01,418 PID: 30641 cluster.py:663 - DEBUG - updating existing node i-4a22fe28 in self._nodes
2011-12-22 03:16:01,418 PID: 30641 cluster.py:663 - DEBUG - updating existing node i-4822fe2a in self._nodes
2011-12-22 03:16:01,418 PID: 30641 cluster.py:663 - DEBUG - updating existing node i-4e22fe2c in self._nodes
2011-12-22 03:16:01,418 PID: 30641 cluster.py:663 - DEBUG - updating existing node i-4c22fe2e in self._nodes
2011-12-22 03:16:01,419 PID: 30641 cluster.py:663 - DEBUG - updating existing node i-5222fe30 in self._nodes
2011-12-22 03:16:01,419 PID: 30641 cluster.py:663 - DEBUG - updating existing node i-5622fe34 in self._nodes
2011-12-22 03:16:01,419 PID: 30641 cluster.py:663 - DEBUG - updating existing node i-5422fe36 in self._nodes
2011-12-22 03:16:01,419 PID: 30641 cluster.py:663 - DEBUG - updating existing node i-5a22fe38 in self._nodes
2011-12-22 03:16:01,419 PID: 30641 cluster.py:663 - DEBUG - updating existing node i-5822fe3a in self._nodes
2011-12-22 03:16:01,420 PID: 30641 cluster.py:663 - DEBUG - updating existing node i-5e22fe3c in self._nodes
2011-12-22 03:16:01,420 PID: 30641 cluster.py:663 - DEBUG - updating existing node i-5c22fe3e in self._nodes
2011-12-22 03:16:01,420 PID: 30641 cluster.py:663 - DEBUG - updating existing node i-2222fe40 in self._nodes
2011-12-22 03:16:01,420 PID: 30641 cluster.py:663 - DEBUG - updating existing node i-2022fe42 in self._nodes
2011-12-22 03:16:01,421 PID: 30641 cluster.py:663 - DEBUG - updating existing node i-2622fe44 in self._nodes
2011-12-22 03:16:01,421 PID: 30641 cluster.py:663 - DEBUG - updating existing node i-2422fe46 in self._nodes
2011-12-22 03:16:01,421 PID: 30641 cluster.py:663 - DEBUG - updating existing node i-2a22fe48 in self._nodes
2011-12-22 03:16:01,421 PID: 30641 cluster.py:663 - DEBUG - updating existing node i-2822fe4a in self._nodes
2011-12-22 03:16:01,422 PID: 30641 cluster.py:663 - DEBUG - updating existing node i-2e22fe4c in self._nodes
2011-12-22 03:16:01,422 PID: 30641 cluster.py:663 - DEBUG - updating existing node i-2c22fe4e in self._nodes
2011-12-22 03:16:01,422 PID: 30641 cluster.py:663 - DEBUG - updating existing node i-3222fe50 in self._nodes
2011-12-22 03:16:01,422 PID: 30641 cluster.py:663 - DEBUG - updating existing node i-3022fe52 in self._nodes
2011-12-22 03:16:01,423 PID: 30641 cluster.py:663 - DEBUG - updating existing node i-3622fe54 in self._nodes
2011-12-22 03:16:01,423 PID: 30641 cluster.py:663 - DEBUG - updating existing node i-3422fe56 in self._nodes
2011-12-22 03:16:01,423 PID: 30641 cluster.py:663 - DEBUG - updating existing node i-3a22fe58 in self._nodes
2011-12-22 03:16:01,423 PID: 30641 cluster.py:663 - DEBUG - updating existing node i-3822fe5a in self._nodes
2011-12-22 03:16:01,423 PID: 30641 cluster.py:663 - DEBUG - updating existing node i-3e22fe5c in self._nodes
2011-12-22 03:16:01,424 PID: 30641 cluster.py:663 - DEBUG - updating existing node i-3c22fe5e in self._nodes
2011-12-22 03:16:01,424 PID: 30641 cluster.py:663 - DEBUG - updating existing node i-0222fe60 in self._nodes
2011-12-22 03:16:01,424 PID: 30641 cluster.py:663 - DEBUG - updating existing node i-0022fe62 in self._nodes
2011-12-22 03:16:01,424 PID: 30641 cluster.py:663 - DEBUG - updating existing node i-0622fe64 in self._nodes
2011-12-22 03:16:01,425 PID: 30641 cluster.py:663 - DEBUG - updating existing node i-0422fe66 in self._nodes
2011-12-22 03:16:01,425 PID: 30641 cluster.py:663 - DEBUG - updating existing node i-0a22fe68 in self._nodes
2011-12-22 03:16:01,425 PID: 30641 cluster.py:663 - DEBUG - updating existing node i-0822fe6a in self._nodes
2011-12-22 03:16:01,425 PID: 30641 cluster.py:663 - DEBUG - updating existing node i-0e22fe6c in self._nodes
2011-12-22 03:16:01,426 PID: 30641 cluster.py:663 - DEBUG - updating existing node i-0c22fe6e in self._nodes
2011-12-22 03:16:01,426 PID: 30641 cluster.py:663 - DEBUG - updating existing node i-1222fe70 in self._nodes
2011-12-22 03:16:01,426 PID: 30641 cluster.py:663 - DEBUG - updating existing node i-1022fe72 in self._nodes
2011-12-22 03:16:01,426 PID: 30641 cluster.py:663 - DEBUG - updating existing node i-1622fe74 in self._nodes
2011-12-22 03:16:01,426 PID: 30641 cluster.py:663 - DEBUG - updating existing node i-1422fe76 in self._nodes
2011-12-22 03:16:01,427 PID: 30641 cluster.py:663 - DEBUG - updating existing node i-1a22fe78 in self._nodes
2011-12-22 03:16:01,427 PID: 30641 cluster.py:663 - DEBUG - updating existing node i-1822fe7a in self._nodes
2011-12-22 03:16:01,427 PID: 30641 cluster.py:663 - DEBUG - updating existing node i-1e22fe7c in self._nodes
2011-12-22 03:16:01,427 PID: 30641 cluster.py:663 - DEBUG - updating existing node i-1c22fe7e in self._nodes
2011-12-22 03:16:01,428 PID: 30641 cluster.py:663 - DEBUG - updating existing node i-e222fe80 in self._nodes
2011-12-22 03:16:01,428 PID: 30641 cluster.py:663 - DEBUG - updating existing node i-e022fe82 in self._nodes
2011-12-22 03:16:01,428 PID: 30641 cluster.py:663 - DEBUG - updating existing node i-e622fe84 in self._nodes
2011-12-22 03:16:01,428 PID: 30641 cluster.py:663 - DEBUG - updating existing node i-e422fe86 in self._nodes
2011-12-22 03:16:01,429 PID: 30641 cluster.py:663 - DEBUG - updating existing node i-ea22fe88 in self._nodes
2011-12-22 03:16:01,429 PID: 30641 cluster.py:663 - DEBUG - updating existing node i-e822fe8a in self._nodes
2011-12-22 03:16:01,429 PID: 30641 cluster.py:663 - DEBUG - updating existing node i-ee22fe8c in self._nodes
2011-12-22 03:16:01,429 PID: 30641 cluster.py:663 - DEBUG - updating existing node i-ec22fe8e in self._nodes
2011-12-22 03:16:01,429 PID: 30641 cluster.py:663 - DEBUG - updating existing node i-f222fe90 in self._nodes
2011-12-22 03:16:01,430 PID: 30641 cluster.py:663 - DEBUG - updating existing node i-f022fe92 in self._nodes
2011-12-22 03:16:01,430 PID: 30641 cluster.py:663 - DEBUG - updating existing node i-f622fe94 in self._nodes
2011-12-22 03:16:01,430 PID: 30641 cluster.py:663 - DEBUG - updating existing node i-f422fe96 in self._nodes
2011-12-22 03:16:01,430 PID: 30641 cluster.py:663 - DEBUG - updating existing node i-fa22fe98 in self._nodes
2011-12-22 03:16:01,431 PID: 30641 cluster.py:663 - DEBUG - updating existing node i-f822fe9a in self._nodes
2011-12-22 03:16:01,431 PID: 30641 cluster.py:663 - DEBUG - updating existing node i-fe22fe9c in self._nodes
2011-12-22 03:16:01,431 PID: 30641 cluster.py:663 - DEBUG - updating existing node i-fc22fe9e in self._nodes
2011-12-22 03:16:01,431 PID: 30641 cluster.py:663 - DEBUG - updating existing node i-c222fea0 in self._nodes
2011-12-22 03:16:01,432 PID: 30641 cluster.py:663 - DEBUG - updating existing node i-c022fea2 in self._nodes
2011-12-22 03:16:01,432 PID: 30641 cluster.py:663 - DEBUG - updating existing node i-c622fea4 in self._nodes
2011-12-22 03:16:01,432 PID: 30641 cluster.py:663 - DEBUG - updating existing node i-c422fea6 in self._nodes
2011-12-22 03:16:01,432 PID: 30641 cluster.py:663 - DEBUG - updating existing node i-ca22fea8 in self._nodes
2011-12-22 03:16:01,432 PID: 30641 cluster.py:663 - DEBUG - updating existing node i-c822feaa in self._nodes
2011-12-22 03:16:01,433 PID: 30641 cluster.py:663 - DEBUG - updating existing node i-ce22feac in self._nodes
2011-12-22 03:16:01,433 PID: 30641 cluster.py:663 - DEBUG - updating existing node i-cc22feae in self._nodes
2011-12-22 03:16:01,433 PID: 30641 cluster.py:663 - DEBUG - updating existing node i-d222feb0 in self._nodes
2011-12-22 03:16:01,433 PID: 30641 cluster.py:663 - DEBUG - updating existing node i-d022feb2 in self._nodes
2011-12-22 03:16:01,434 PID: 30641 cluster.py:663 - DEBUG - updating existing node i-d622feb4 in self._nodes
2011-12-22 03:16:01,434 PID: 30641 cluster.py:663 - DEBUG - updating existing node i-d422feb6 in self._nodes
2011-12-22 03:16:01,434 PID: 30641 cluster.py:663 - DEBUG - updating existing node i-da22feb8 in self._nodes
2011-12-22 03:16:01,434 PID: 30641 cluster.py:663 - DEBUG - updating existing node i-d822feba in self._nodes
2011-12-22 03:16:01,435 PID: 30641 cluster.py:663 - DEBUG - updating existing node i-de22febc in self._nodes
2011-12-22 03:16:01,435 PID: 30641 cluster.py:663 - DEBUG - updating existing node i-dc22febe in self._nodes
2011-12-22 03:16:01,435 PID: 30641 cluster.py:663 - DEBUG - updating existing node i-a222fec0 in self._nodes
2011-12-22 03:16:01,435 PID: 30641 cluster.py:663 - DEBUG - updating existing node i-a022fec2 in self._nodes
2011-12-22 03:16:01,435 PID: 30641 cluster.py:663 - DEBUG - updating existing node i-a622fec4 in self._nodes
2011-12-22 03:16:01,436 PID: 30641 cluster.py:663 - DEBUG - updating existing node i-a422fec6 in self._nodes
2011-12-22 03:16:01,436 PID: 30641 cluster.py:663 - DEBUG - updating existing node i-aa22fec8 in self._nodes
2011-12-22 03:16:01,436 PID: 30641 cluster.py:663 - DEBUG - updating existing node i-a822feca in self._nodes
2011-12-22 03:16:01,436 PID: 30641 cluster.py:663 - DEBUG - updating existing node i-ae22fecc in self._nodes
2011-12-22 03:16:01,437 PID: 30641 cluster.py:663 - DEBUG - updating existing node i-ac22fece in self._nodes
2011-12-22 03:16:01,437 PID: 30641 cluster.py:663 - DEBUG - updating existing node i-b222fed0 in self._nodes
2011-12-22 03:16:01,437 PID: 30641 cluster.py:663 - DEBUG - updating existing node i-b022fed2 in self._nodes
2011-12-22 03:16:01,437 PID: 30641 cluster.py:663 - DEBUG - updating existing node i-b622fed4 in self._nodes
2011-12-22 03:16:01,437 PID: 30641 cluster.py:663 - DEBUG - updating existing node i-b422fed6 in self._nodes
2011-12-22 03:16:01,438 PID: 30641 cluster.py:663 - DEBUG - updating existing node i-ba22fed8 in self._nodes
2011-12-22 03:16:01,438 PID: 30641 cluster.py:663 - DEBUG - updating existing node i-b822feda in self._nodes
2011-12-22 03:16:01,438 PID: 30641 cluster.py:663 - DEBUG - updating existing node i-be22fedc in self._nodes
2011-12-22 03:16:01,438 PID: 30641 cluster.py:663 - DEBUG - updating existing node i-bc22fede in self._nodes
2011-12-22 03:16:01,439 PID: 30641 cluster.py:663 - DEBUG - updating existing node i-8222fee0 in self._nodes
2011-12-22 03:16:01,439 PID: 30641 cluster.py:663 - DEBUG - updating existing node i-8022fee2 in self._nodes
2011-12-22 03:16:01,439 PID: 30641 cluster.py:663 - DEBUG - updating existing node i-8622fee4 in self._nodes
2011-12-22 03:16:01,439 PID: 30641 cluster.py:663 - DEBUG - updating existing node i-8422fee6 in self._nodes
2011-12-22 03:16:01,440 PID: 30641 cluster.py:663 - DEBUG - updating existing node i-8a22fee8 in self._nodes
2011-12-22 03:16:01,440 PID: 30641 cluster.py:663 - DEBUG - updating existing node i-8822feea in self._nodes
2011-12-22 03:16:01,440 PID: 30641 cluster.py:663 - DEBUG - updating existing node i-8e22feec in self._nodes
2011-12-22 03:16:01,440 PID: 30641 cluster.py:663 - DEBUG - updating existing node i-8c22feee in self._nodes
2011-12-22 03:16:01,440 PID: 30641 cluster.py:663 - DEBUG - updating existing node i-9222fef0 in self._nodes
2011-12-22 03:16:01,441 PID: 30641 cluster.py:663 - DEBUG - updating existing node i-9022fef2 in self._nodes
2011-12-22 03:16:01,441 PID: 30641 cluster.py:663 - DEBUG - updating existing node i-9622fef4 in self._nodes
2011-12-22 03:16:01,441 PID: 30641 cluster.py:663 - DEBUG - updating existing node i-9422fef6 in self._nodes
2011-12-22 03:16:01,441 PID: 30641 cluster.py:663 - DEBUG - updating existing node i-9a22fef8 in self._nodes
2011-12-22 03:16:01,442 PID: 30641 cluster.py:663 - DEBUG - updating existing node i-9822fefa in self._nodes
2011-12-22 03:16:01,442 PID: 30641 cluster.py:663 - DEBUG - updating existing node i-9e22fefc in self._nodes
2011-12-22 03:16:01,442 PID: 30641 cluster.py:663 - DEBUG - updating existing node i-9c22fefe in self._nodes
2011-12-22 03:16:01,442 PID: 30641 cluster.py:663 - DEBUG - updating existing node i-6223ff00 in self._nodes
2011-12-22 03:16:01,443 PID: 30641 cluster.py:663 - DEBUG - updating existing node i-6023ff02 in self._nodes
2011-12-22 03:16:01,443 PID: 30641 cluster.py:663 - DEBUG - updating existing node i-6623ff04 in self._nodes
2011-12-22 03:16:01,443 PID: 30641 cluster.py:663 - DEBUG - updating existing node i-6423ff06 in self._nodes
2011-12-22 03:16:01,443 PID: 30641 cluster.py:663 - DEBUG - updating existing node i-6a23ff08 in self._nodes
2011-12-22 03:16:01,443 PID: 30641 cluster.py:663 - DEBUG - updating existing node i-6823ff0a in self._nodes
2011-12-22 03:16:01,444 PID: 30641 cluster.py:663 - DEBUG - updating existing node i-6e23ff0c in self._nodes
2011-12-22 03:16:01,444 PID: 30641 cluster.py:663 - DEBUG - updating existing node i-6c23ff0e in self._nodes
2011-12-22 03:16:01,444 PID: 30641 cluster.py:663 - DEBUG - updating existing node i-7223ff10 in self._nodes
2011-12-22 03:16:01,444 PID: 30641 cluster.py:663 - DEBUG - updating existing node i-7023ff12 in self._nodes
2011-12-22 03:16:01,445 PID: 30641 cluster.py:663 - DEBUG - updating existing node i-7623ff14 in self._nodes
2011-12-22 03:16:01,445 PID: 30641 cluster.py:663 - DEBUG - updating existing node i-7423ff16 in self._nodes
2011-12-22 03:16:01,445 PID: 30641 cluster.py:663 - DEBUG - updating existing node i-7a23ff18 in self._nodes
2011-12-22 03:16:01,445 PID: 30641 cluster.py:663 - DEBUG - updating existing node i-7823ff1a in self._nodes
2011-12-22 03:16:01,445 PID: 30641 cluster.py:663 - DEBUG - updating existing node i-7e23ff1c in self._nodes
2011-12-22 03:16:01,446 PID: 30641 cluster.py:663 - DEBUG - updating existing node i-7c23ff1e in self._nodes
2011-12-22 03:16:01,446 PID: 30641 cluster.py:663 - DEBUG - updating existing node i-4223ff20 in self._nodes
2011-12-22 03:16:01,446 PID: 30641 cluster.py:663 - DEBUG - updating existing node i-4023ff22 in self._nodes
2011-12-22 03:16:01,446 PID: 30641 cluster.py:663 - DEBUG - updating existing node i-4623ff24 in self._nodes
2011-12-22 03:16:01,447 PID: 30641 cluster.py:663 - DEBUG - updating existing node i-4423ff26 in self._nodes
2011-12-22 03:16:01,447 PID: 30641 cluster.py:663 - DEBUG - updating existing node i-4a23ff28 in self._nodes
2011-12-22 03:16:01,447 PID: 30641 cluster.py:663 - DEBUG - updating existing node i-4823ff2a in self._nodes
2011-12-22 03:16:01,448 PID: 30641 cluster.py:663 - DEBUG - updating existing node i-4e23ff2c in self._nodes
2011-12-22 03:16:01,448 PID: 30641 cluster.py:663 - DEBUG - updating existing node i-4c23ff2e in self._nodes
2011-12-22 03:16:01,448 PID: 30641 cluster.py:663 - DEBUG - updating existing node i-5223ff30 in self._nodes
2011-12-22 03:16:01,448 PID: 30641 cluster.py:663 - DEBUG - updating existing node i-5023ff32 in self._nodes
2011-12-22 03:16:01,448 PID: 30641 cluster.py:663 - DEBUG - updating existing node i-5623ff34 in self._nodes
2011-12-22 03:16:01,449 PID: 30641 cluster.py:663 - DEBUG - updating existing node i-5423ff36 in self._nodes
2011-12-22 03:16:01,449 PID: 30641 cluster.py:663 - DEBUG - updating existing node i-5a23ff38 in self._nodes
2011-12-22 03:16:01,449 PID: 30641 cluster.py:663 - DEBUG - updating existing node i-5823ff3a in self._nodes
2011-12-22 03:16:01,449 PID: 30641 cluster.py:663 - DEBUG - updating existing node i-5e23ff3c in self._nodes
2011-12-22 03:16:01,450 PID: 30641 cluster.py:663 - DEBUG - updating existing node i-5c23ff3e in self._nodes
2011-12-22 03:16:01,450 PID: 30641 cluster.py:663 - DEBUG - updating existing node i-2223ff40 in self._nodes
2011-12-22 03:16:01,450 PID: 30641 cluster.py:663 - DEBUG - updating existing node i-2023ff42 in self._nodes
2011-12-22 03:16:01,451 PID: 30641 cluster.py:663 - DEBUG - updating existing node i-2623ff44 in self._nodes
2011-12-22 03:16:01,451 PID: 30641 cluster.py:663 - DEBUG - updating existing node i-2423ff46 in self._nodes
2011-12-22 03:16:01,451 PID: 30641 cluster.py:663 - DEBUG - updating existing node i-2a23ff48 in self._nodes
2011-12-22 03:16:01,451 PID: 30641 cluster.py:663 - DEBUG - updating existing node i-2823ff4a in self._nodes
2011-12-22 03:16:01,452 PID: 30641 cluster.py:663 - DEBUG - updating existing node i-2e23ff4c in self._nodes
2011-12-22 03:16:01,452 PID: 30641 cluster.py:663 - DEBUG - updating existing node i-2c23ff4e in self._nodes
2011-12-22 03:16:01,452 PID: 30641 cluster.py:663 - DEBUG - updating existing node i-3223ff50 in self._nodes
2011-12-22 03:16:01,452 PID: 30641 cluster.py:663 - DEBUG - updating existing node i-3023ff52 in self._nodes
2011-12-22 03:16:01,452 PID: 30641 cluster.py:663 - DEBUG - updating existing node i-3623ff54 in self._nodes
2011-12-22 03:16:01,453 PID: 30641 cluster.py:663 - DEBUG - updating existing node i-3423ff56 in self._nodes
2011-12-22 03:16:01,453 PID: 30641 cluster.py:663 - DEBUG - updating existing node i-3a23ff58 in self._nodes
2011-12-22 03:16:01,453 PID: 30641 cluster.py:663 - DEBUG - updating existing node i-3823ff5a in self._nodes
2011-12-22 03:16:01,453 PID: 30641 cluster.py:663 - DEBUG - updating existing node i-3e23ff5c in self._nodes
2011-12-22 03:16:01,454 PID: 30641 cluster.py:663 - DEBUG - updating existing node i-3c23ff5e in self._nodes
2011-12-22 03:16:01,454 PID: 30641 cluster.py:663 - DEBUG - updating existing node i-0223ff60 in self._nodes
2011-12-22 03:16:01,454 PID: 30641 cluster.py:663 - DEBUG - updating existing node i-0023ff62 in self._nodes
2011-12-22 03:16:01,454 PID: 30641 cluster.py:663 - DEBUG - updating existing node i-0623ff64 in self._nodes
2011-12-22 03:16:01,455 PID: 30641 cluster.py:663 - DEBUG - updating existing node i-0423ff66 in self._nodes
2011-12-22 03:16:01,455 PID: 30641 cluster.py:663 - DEBUG - updating existing node i-0a23ff68 in self._nodes
2011-12-22 03:16:01,455 PID: 30641 cluster.py:663 - DEBUG - updating existing node i-0823ff6a in self._nodes
2011-12-22 03:16:01,455 PID: 30641 cluster.py:663 - DEBUG - updating existing node i-0e23ff6c in self._nodes
2011-12-22 03:16:01,455 PID: 30641 cluster.py:663 - DEBUG - updating existing node i-0c23ff6e in self._nodes
2011-12-22 03:16:01,456 PID: 30641 cluster.py:663 - DEBUG - updating existing node i-1223ff70 in self._nodes
2011-12-22 03:16:01,456 PID: 30641 cluster.py:663 - DEBUG - updating existing node i-1023ff72 in self._nodes
2011-12-22 03:16:01,456 PID: 30641 cluster.py:663 - DEBUG - updating existing node i-1623ff74 in self._nodes
2011-12-22 03:16:01,456 PID: 30641 cluster.py:663 - DEBUG - updating existing node i-1423ff76 in self._nodes
2011-12-22 03:16:01,457 PID: 30641 cluster.py:663 - DEBUG - updating existing node i-1a23ff78 in self._nodes
2011-12-22 03:16:01,457 PID: 30641 cluster.py:663 - DEBUG - updating existing node i-1823ff7a in self._nodes
2011-12-22 03:16:01,457 PID: 30641 cluster.py:663 - DEBUG - updating existing node i-1e23ff7c in self._nodes
2011-12-22 03:16:01,457 PID: 30641 cluster.py:663 - DEBUG - updating existing node i-1c23ff7e in self._nodes
2011-12-22 03:16:01,457 PID: 30641 cluster.py:663 - DEBUG - updating existing node i-e223ff80 in self._nodes
2011-12-22 03:16:01,458 PID: 30641 cluster.py:663 - DEBUG - updating existing node i-e023ff82 in self._nodes
2011-12-22 03:16:01,458 PID: 30641 cluster.py:663 - DEBUG - updating existing node i-e623ff84 in self._nodes
2011-12-22 03:16:01,458 PID: 30641 cluster.py:663 - DEBUG - updating existing node i-e423ff86 in self._nodes
2011-12-22 03:16:01,458 PID: 30641 cluster.py:663 - DEBUG - updating existing node i-ea23ff88 in self._nodes
2011-12-22 03:16:01,459 PID: 30641 cluster.py:663 - DEBUG - updating existing node i-e823ff8a in self._nodes
2011-12-22 03:16:01,459 PID: 30641 cluster.py:663 - DEBUG - updating existing node i-ee23ff8c in self._nodes
2011-12-22 03:16:01,459 PID: 30641 cluster.py:663 - DEBUG - updating existing node i-ec23ff8e in self._nodes
2011-12-22 03:16:01,459 PID: 30641 cluster.py:663 - DEBUG - updating existing node i-f223ff90 in self._nodes
2011-12-22 03:16:01,460 PID: 30641 cluster.py:663 - DEBUG - updating existing node i-f023ff92 in self._nodes
2011-12-22 03:16:01,460 PID: 30641 cluster.py:663 - DEBUG - updating existing node i-f623ff94 in self._nodes
2011-12-22 03:16:01,460 PID: 30641 cluster.py:663 - DEBUG - updating existing node i-f423ff96 in self._nodes
2011-12-22 03:16:01,460 PID: 30641 cluster.py:663 - DEBUG - updating existing node i-fa23ff98 in self._nodes
2011-12-22 03:16:01,460 PID: 30641 cluster.py:663 - DEBUG - updating existing node i-f823ff9a in self._nodes
2011-12-22 03:16:01,461 PID: 30641 cluster.py:663 - DEBUG - updating existing node i-fe23ff9c in self._nodes
2011-12-22 03:16:01,461 PID: 30641 cluster.py:663 - DEBUG - updating existing node i-fc23ff9e in self._nodes
2011-12-22 03:16:01,461 PID: 30641 cluster.py:663 - DEBUG - updating existing node i-c223ffa0 in self._nodes
2011-12-22 03:16:01,461 PID: 30641 cluster.py:663 - DEBUG - updating existing node i-c023ffa2 in self._nodes
2011-12-22 03:16:01,462 PID: 30641 cluster.py:663 - DEBUG - updating existing node i-c623ffa4 in self._nodes
2011-12-22 03:16:01,462 PID: 30641 cluster.py:663 - DEBUG - updating existing node i-c423ffa6 in self._nodes
2011-12-22 03:16:01,462 PID: 30641 cluster.py:663 - DEBUG - updating existing node i-ca23ffa8 in self._nodes
2011-12-22 03:16:01,462 PID: 30641 cluster.py:663 - DEBUG - updating existing node i-c823ffaa in self._nodes
2011-12-22 03:16:01,463 PID: 30641 cluster.py:663 - DEBUG - updating existing node i-ce23ffac in self._nodes
2011-12-22 03:16:01,463 PID: 30641 cluster.py:663 - DEBUG - updating existing node i-cc23ffae in self._nodes
2011-12-22 03:16:01,464 PID: 30641 cluster.py:676 - DEBUG - returning self._nodes = [<Node: master (i-7c22fe1e)>, <Node: node001 (i-4222fe20)>, <Node: node002 (i-4022fe22)>, <Node: node003 (i-4622fe24)>, <Node: node004 (i-4422fe26)>, <Node: node005 (i-4a22fe28)>, <Node: node006 (i-4822fe2a)>, <Node: node007 (i-4e22fe2c)>, <Node: node008 (i-4c22fe2e)>, <Node: node009 (i-5222fe30)>, <Node: node010 (i-5622fe34)>, <Node: node011 (i-5422fe36)>, <Node: node012 (i-5a22fe38)>, <Node: node013 (i-5822fe3a)>, <Node: node014 (i-5e22fe3c)>, <Node: node015 (i-5c22fe3e)>, <Node: node016 (i-2222fe40)>, <Node: node017 (i-2022fe42)>, <Node: node018 (i-2622fe44)>, <Node: node019 (i-2422fe46)>, <Node: node020 (i-2a22fe48)>, <Node: node021 (i-2822fe4a)>, <Node: node022 (i-2e22fe4c)>, <Node: node023 (i-2c22fe4e)>, <Node: node024 (i-3222fe50)>, <Node: node025 (i-3022fe52)>, <Node: node026 (i-3622fe54)>, <Node: node027 (i-3422fe56)>, <Node: node028 (i-3a22fe58)>, <Node: node029 (i-3822fe5a)>, <Node: node030 (i-3e22fe5c)>, <Node: node031 (i-3c22fe5e)>, <Node: node032 (i-0222fe60)>, <Node: node033 (i-0022fe62)>, <Node: node034 (i-0622fe64)>, <Node: node035 (i-0422fe66)>, <Node: node036 (i-0a22fe68)>, <Node: node037 (i-0822fe6a)>, <Node: node038 (i-0e22fe6c)>, <Node: node039 (i-0c22fe6e)>, <Node: node040 (i-1222fe70)>, <Node: node041 (i-1022fe72)>, <Node: node042 (i-1622fe74)>, <Node: node043 (i-1422fe76)>, <Node: node044 (i-1a22fe78)>, <Node: node045 (i-1822fe7a)>, <Node: node046 (i-1e22fe7c)>, <Node: node047 (i-1c22fe7e)>, <Node: node048 (i-e222fe80)>, <Node: node049 (i-e022fe82)>, <Node: node050 (i-e622fe84)>, <Node: node051 (i-e422fe86)>, <Node: node052 (i-ea22fe88)>, <Node: node053 (i-e822fe8a)>, <Node: node054 (i-ee22fe8c)>, <Node: node055 (i-ec22fe8e)>, <Node: node056 (i-f222fe90)>, <Node: node057 (i-f022fe92)>, <Node: node058 (i-f622fe94)>, <Node: node059 (i-f422fe96)>, <Node: node060 (i-fa22fe98)>, <Node: node061 (i-f822fe9a)>, <Node: node062 (i-fe22fe9c)>, <Node: node063 (i-fc22fe9e)>, <Node: node064 (i-c222fea0)>, <Node: node065 (i-c022fea2)>, <Node: node066 (i-c622fea4)>, <Node: node067 (i-c422fea6)>, <Node: node068 (i-ca22fea8)>, <Node: node069 (i-c822feaa)>, <Node: node070 (i-ce22feac)>, <Node: node071 (i-cc22feae)>, <Node: node072 (i-d222feb0)>, <Node: node073 (i-d022feb2)>, <Node: node074 (i-d622feb4)>, <Node: node075 (i-d422feb6)>, <Node: node076 (i-da22feb8)>, <Node: node077 (i-d822feba)>, <Node: node078 (i-de22febc)>, <Node: node079 (i-dc22febe)>, <Node: node080 (i-a222fec0)>, <Node: node081 (i-a022fec2)>, <Node: node082 (i-a622fec4)>, <Node: node083 (i-a422fec6)>, <Node: node084 (i-aa22fec8)>, <Node: node085 (i-a822feca)>, <Node: node086 (i-ae22fecc)>, <Node: node087 (i-ac22fece)>, <Node: node088 (i-b222fed0)>, <Node: node089 (i-b022fed2)>, <Node: node090 (i-b622fed4)>, <Node: node091 (i-b422fed6)>, <Node: node092 (i-ba22fed8)>, <Node: node093 (i-b822feda)>, <Node: node094 (i-be22fedc)>, <Node: node095 (i-bc22fede)>, <Node: node096 (i-8222fee0)>, <Node: node097 (i-8022fee2)>, <Node: node098 (i-8622fee4)>, <Node: node099 (i-8422fee6)>, <Node: node100 (i-8a22fee8)>, <Node: node101 (i-8822feea)>, <Node: node102 (i-8e22feec)>, <Node: node103 (i-8c22feee)>, <Node: node104 (i-9222fef0)>, <Node: node105 (i-9022fef2)>, <Node: node106 (i-9622fef4)>, <Node: node107 (i-9422fef6)>, <Node: node108 (i-9a22fef8)>, <Node: node109 (i-9822fefa)>, <Node: node110 (i-9e22fefc)>, <Node: node111 (i-9c22fefe)>, <Node: node112 (i-6223ff00)>, <Node: node113 (i-6023ff02)>, <Node: node114 (i-6623ff04)>, <Node: node115 (i-6423ff06)>, <Node: node116 (i-6a23ff08)>, <Node: node117 (i-6823ff0a)>, <Node: node118 (i-6e23ff0c)>, <Node: node119 (i-6c23ff0e)>, <Node: node120 (i-7223ff10)>, <Node: node121 (i-7023ff12)>, <Node: node122 (i-7623ff14)>, <Node: node123 (i-7423ff16)>, <Node: node124 (i-7a23ff18)>, <Node: node125 (i-7823ff1a)>, <Node: node126 (i-7e23ff1c)>, <Node: node127 (i-7c23ff1e)>, <Node: node128 (i-4223ff20)>, <Node: node129 (i-4023ff22)>, <Node: node130 (i-4623ff24)>, <Node: node131 (i-4423ff26)>, <Node: node132 (i-4a23ff28)>, <Node: node133 (i-4823ff2a)>, <Node: node134 (i-4e23ff2c)>, <Node: node135 (i-4c23ff2e)>, <Node: node136 (i-5223ff30)>, <Node: node137 (i-5023ff32)>, <Node: node138 (i-5623ff34)>, <Node: node139 (i-5423ff36)>, <Node: node140 (i-5a23ff38)>, <Node: node141 (i-5823ff3a)>, <Node: node142 (i-5e23ff3c)>, <Node: node143 (i-5c23ff3e)>, <Node: node144 (i-2223ff40)>, <Node: node145 (i-2023ff42)>, <Node: node146 (i-2623ff44)>, <Node: node147 (i-2423ff46)>, <Node: node148 (i-2a23ff48)>, <Node: node149 (i-2823ff4a)>, <Node: node150 (i-2e23ff4c)>, <Node: node151 (i-2c23ff4e)>, <Node: node152 (i-3223ff50)>, <Node: node153 (i-3023ff52)>, <Node: node154 (i-3623ff54)>, <Node: node155 (i-3423ff56)>, <Node: node156 (i-3a23ff58)>, <Node: node157 (i-3823ff5a)>, <Node: node158 (i-3e23ff5c)>, <Node: node159 (i-3c23ff5e)>, <Node: node160 (i-0223ff60)>, <Node: node161 (i-0023ff62)>, <Node: node162 (i-0623ff64)>, <Node: node163 (i-0423ff66)>, <Node: node164 (i-0a23ff68)>, <Node: node165 (i-0823ff6a)>, <Node: node166 (i-0e23ff6c)>, <Node: node167 (i-0c23ff6e)>, <Node: node168 (i-1223ff70)>, <Node: node169 (i-1023ff72)>, <Node: node170 (i-1623ff74)>, <Node: node171 (i-1423ff76)>, <Node: node172 (i-1a23ff78)>, <Node: node173 (i-1823ff7a)>, <Node: node174 (i-1e23ff7c)>, <Node: node175 (i-1c23ff7e)>, <Node: node176 (i-e223ff80)>, <Node: node177 (i-e023ff82)>, <Node: node178 (i-e623ff84)>, <Node: node179 (i-e423ff86)>, <Node: node180 (i-ea23ff88)>, <Node: node181 (i-e823ff8a)>, <Node: node182 (i-ee23ff8c)>, <Node: node183 (i-ec23ff8e)>, <Node: node184 (i-f223ff90)>, <Node: node185 (i-f023ff92)>, <Node: node186 (i-f623ff94)>, <Node: node187 (i-f423ff96)>, <Node: node188 (i-fa23ff98)>, <Node: node189 (i-f823ff9a)>, <Node: node190 (i-fe23ff9c)>, <Node: node191 (i-fc23ff9e)>, <Node: node192 (i-c223ffa0)>, <Node: node193 (i-c023ffa2)>, <Node: node194 (i-c623ffa4)>, <Node: node195 (i-c423ffa6)>, <Node: node196 (i-ca23ffa8)>, <Node: node197 (i-c823ffaa)>, <Node: node198 (i-ce23ffac)>, <Node: node199 (i-cc23ffae)>]
2011-12-22 03:16:09,741 PID: 30641 ssh.py:91 - DEBUG - connecting to host ec2-107-21-128-191.compute-1.amazonaws.com on port 22 as user root
2011-12-22 03:16:13,931 PID: 30641 ssh.py:91 - DEBUG - connecting to host ec2-107-21-67-51.compute-1.amazonaws.com on port 22 as user root
2011-12-22 03:16:48,099 PID: 30641 ssh.py:91 - DEBUG - connecting to host ec2-50-17-49-61.compute-1.amazonaws.com on port 22 as user root
2011-12-22 03:16:51,756 PID: 30641 ssh.py:91 - DEBUG - connecting to host ec2-174-129-113-209.compute-1.amazonaws.com on port 22 as user root
2011-12-22 03:17:11,899 PID: 30641 cluster.py:660 - DEBUG - existing nodes: {u'i-6423ff06': <Node: node115 (i-6423ff06)>, u'i-0022fe62': <Node: node033 (i-0022fe62)>, u'i-ae22fecc': <Node: node086 (i-ae22fecc)>, u'i-a822feca': <Node: node085 (i-a822feca)>, u'i-1e23ff7c': <Node: node174 (i-1e23ff7c)>, u'i-f423ff96': <Node: node187 (i-f423ff96)>, u'i-d622feb4': <Node: node074 (i-d622feb4)>, u'i-2022fe42': <Node: node017 (i-2022fe42)>, u'i-f422fe96': <Node: node059 (i-f422fe96)>, u'i-e222fe80': <Node: node048 (i-e222fe80)>, u'i-b222fed0': <Node: node088 (i-b222fed0)>, u'i-2c22fe4e': <Node: node023 (i-2c22fe4e)>, u'i-3822fe5a': <Node: node029 (i-3822fe5a)>, u'i-0c23ff6e': <Node: node167 (i-0c23ff6e)>, u'i-8c22feee': <Node: node103 (i-8c22feee)>, u'i-7c23ff1e': <Node: node127 (i-7c23ff1e)>, u'i-f623ff94': <Node: node186 (i-f623ff94)>, u'i-8822feea': <Node: node101 (i-8822feea)>, u'i-3222fe50': <Node: node024 (i-3222fe50)>, u'i-5222fe30': <Node: node009 (i-5222fe30)>, u'i-4822fe2a': <Node: node006 (i-4822fe2a)>, u'i-a622fec4': <Node: node082 (i-a622fec4)>, u'i-f823ff9a': <Node: node189 (i-f823ff9a)>, u'i-4423ff26': <Node: node131 (i-4423ff26)>, u'i-6223ff00': <Node: node112 (i-6223ff00)>, u'i-4a23ff28': <Node: node132 (i-4a23ff28)>, u'i-7c22fe1e': <Node: master (i-7c22fe1e)>, u'i-2623ff44': <Node: node146 (i-2623ff44)>, u'i-c222fea0': <Node: node064 (i-c222fea0)>, u'i-2823ff4a': <Node: node149 (i-2823ff4a)>, u'i-1c22fe7e': <Node: node047 (i-1c22fe7e)>, u'i-5e23ff3c': <Node: node142 (i-5e23ff3c)>, u'i-4e22fe2c': <Node: node007 (i-4e22fe2c)>, u'i-4c23ff2e': <Node: node135 (i-4c23ff2e)>, u'i-9222fef0': <Node: node104 (i-9222fef0)>, u'i-da22feb8': <Node: node076 (i-da22feb8)>, u'i-7e23ff1c': <Node: node126 (i-7e23ff1c)>, u'i-5e22fe3c': <Node: node014 (i-5e22fe3c)>, u'i-5a23ff38': <Node: node140 (i-5a23ff38)>, u'i-ce22feac': <Node: node070 (i-ce22feac)>, u'i-8022fee2': <Node: node097 (i-8022fee2)>, u'i-f822fe9a': <Node: node061 (i-f822fe9a)>, u'i-e223ff80': <Node: node176 (i-e223ff80)>, u'i-0c22fe6e': <Node: node039 (i-0c22fe6e)>, u'i-5223ff30': <Node: node136 (i-5223ff30)>, u'i-2622fe44': <Node: node018 (i-2622fe44)>, u'i-5423ff36': <Node: node139 (i-5423ff36)>, u'i-6823ff0a': <Node: node117 (i-6823ff0a)>, u'i-4222fe20': <Node: node001 (i-4222fe20)>, u'i-4823ff2a': <Node: node133 (i-4823ff2a)>, u'i-9422fef6': <Node: node107 (i-9422fef6)>, u'i-7423ff16': <Node: node123 (i-7423ff16)>, u'i-1622fe74': <Node: node042 (i-1622fe74)>, u'i-1c23ff7e': <Node: node175 (i-1c23ff7e)>, u'i-0423ff66': <Node: node163 (i-0423ff66)>, u'i-7823ff1a': <Node: node125 (i-7823ff1a)>, u'i-1a22fe78': <Node: node044 (i-1a22fe78)>, u'i-5023ff32': <Node: node137 (i-5023ff32)>, u'i-2423ff46': <Node: node147 (i-2423ff46)>, u'i-4022fe22': <Node: node002 (i-4022fe22)>, u'i-7023ff12': <Node: node121 (i-7023ff12)>, u'i-b622fed4': <Node: node090 (i-b622fed4)>, u'i-f222fe90': <Node: node056 (i-f222fe90)>, u'i-ee22fe8c': <Node: node054 (i-ee22fe8c)>, u'i-c022fea2': <Node: node065 (i-c022fea2)>, u'i-5c23ff3e': <Node: node143 (i-5c23ff3e)>, u'i-1a23ff78': <Node: node172 (i-1a23ff78)>, u'i-1623ff74': <Node: node170 (i-1623ff74)>, u'i-fc23ff9e': <Node: node191 (i-fc23ff9e)>, u'i-2e22fe4c': <Node: node022 (i-2e22fe4c)>, u'i-ee23ff8c': <Node: node182 (i-ee23ff8c)>, u'i-e022fe82': <Node: node049 (i-e022fe82)>, u'i-8e22feec': <Node: node102 (i-8e22feec)>, u'i-9a22fef8': <Node: node108 (i-9a22fef8)>, u'i-5a22fe38': <Node: node012 (i-5a22fe38)>, u'i-3c23ff5e': <Node: node159 (i-3c23ff5e)>, u'i-de22febc': <Node: node078 (i-de22febc)>, u'i-fa23ff98': <Node: node188 (i-fa23ff98)>, u'i-4622fe24': <Node: node003 (i-4622fe24)>, u'i-b422fed6': <Node: node091 (i-b422fed6)>, u'i-9622fef4': <Node: node106 (i-9622fef4)>, u'i-6023ff02': <Node: node113 (i-6023ff02)>, u'i-1823ff7a': <Node: node173 (i-1823ff7a)>, u'i-f022fe92': <Node: node057 (i-f022fe92)>, u'i-3423ff56': <Node: node155 (i-3423ff56)>, u'i-fc22fe9e': <Node: node063 (i-fc22fe9e)>, u'i-c623ffa4': <Node: node194 (i-c623ffa4)>, u'i-a222fec0': <Node: node080 (i-a222fec0)>, u'i-0223ff60': <Node: node160 (i-0223ff60)>, u'i-3823ff5a': <Node: node157 (i-3823ff5a)>, u'i-ce23ffac': <Node: node198 (i-ce23ffac)>, u'i-2a22fe48': <Node: node020 (i-2a22fe48)>, u'i-2a23ff48': <Node: node148 (i-2a23ff48)>, u'i-2222fe40': <Node: node016 (i-2222fe40)>, u'i-0422fe66': <Node: node035 (i-0422fe66)>, u'i-7223ff10': <Node: node120 (i-7223ff10)>, u'i-ec22fe8e': <Node: node055 (i-ec22fe8e)>, u'i-ea22fe88': <Node: node052 (i-ea22fe88)>, u'i-e422fe86': <Node: node051 (i-e422fe86)>, u'i-c223ffa0': <Node: node192 (i-c223ffa0)>, u'i-1023ff72': <Node: node169 (i-1023ff72)>, u'i-7a23ff18': <Node: node124 (i-7a23ff18)>, u'i-fe22fe9c': <Node: node062 (i-fe22fe9c)>, u'i-c423ffa6': <Node: node195 (i-c423ffa6)>, u'i-f622fe94': <Node: node058 (i-f622fe94)>, u'i-0622fe64': <Node: node034 (i-0622fe64)>, u'i-2023ff42': <Node: node145 (i-2023ff42)>, u'i-0e23ff6c': <Node: node166 (i-0e23ff6c)>, u'i-0823ff6a': <Node: node165 (i-0823ff6a)>, u'i-1022fe72': <Node: node041 (i-1022fe72)>, u'i-0623ff64': <Node: node162 (i-0623ff64)>, u'i-cc22feae': <Node: node071 (i-cc22feae)>, u'i-0a22fe68': <Node: node036 (i-0a22fe68)>, u'i-6623ff04': <Node: node114 (i-6623ff04)>, u'i-aa22fec8': <Node: node084 (i-aa22fec8)>, u'i-2e23ff4c': <Node: node150 (i-2e23ff4c)>, u'i-c422fea6': <Node: node067 (i-c422fea6)>, u'i-ea23ff88': <Node: node180 (i-ea23ff88)>, u'i-d022feb2': <Node: node073 (i-d022feb2)>, u'i-4e23ff2c': <Node: node134 (i-4e23ff2c)>, u'i-3e23ff5c': <Node: node158 (i-3e23ff5c)>, u'i-e623ff84': <Node: node178 (i-e623ff84)>, u'i-5823ff3a': <Node: node141 (i-5823ff3a)>, u'i-3e22fe5c': <Node: node030 (i-3e22fe5c)>, u'i-0822fe6a': <Node: node037 (i-0822fe6a)>, u'i-c622fea4': <Node: node066 (i-c622fea4)>, u'i-dc22febe': <Node: node079 (i-dc22febe)>, u'i-0023ff62': <Node: node161 (i-0023ff62)>, u'i-1223ff70': <Node: node168 (i-1223ff70)>, u'i-c023ffa2': <Node: node193 (i-c023ffa2)>, u'i-0e22fe6c': <Node: node038 (i-0e22fe6c)>, u'i-6e23ff0c': <Node: node118 (i-6e23ff0c)>, u'i-c823ffaa': <Node: node197 (i-c823ffaa)>, u'i-2822fe4a': <Node: node021 (i-2822fe4a)>, u'i-1e22fe7c': <Node: node046 (i-1e22fe7c)>, u'i-3a22fe58': <Node: node028 (i-3a22fe58)>, u'i-e023ff82': <Node: node177 (i-e023ff82)>, u'i-bc22fede': <Node: node095 (i-bc22fede)>, u'i-d422feb6': <Node: node075 (i-d422feb6)>, u'i-5623ff34': <Node: node138 (i-5623ff34)>, u'i-1222fe70': <Node: node040 (i-1222fe70)>, u'i-9022fef2': <Node: node105 (i-9022fef2)>, u'i-b022fed2': <Node: node089 (i-b022fed2)>, u'i-be22fedc': <Node: node094 (i-be22fedc)>, u'i-a422fec6': <Node: node083 (i-a422fec6)>, u'i-0a23ff68': <Node: node164 (i-0a23ff68)>, u'i-3022fe52': <Node: node025 (i-3022fe52)>, u'i-d222feb0': <Node: node072 (i-d222feb0)>, u'i-4223ff20': <Node: node128 (i-4223ff20)>, u'i-c822feaa': <Node: node069 (i-c822feaa)>, u'i-8622fee4': <Node: node098 (i-8622fee4)>, u'i-4c22fe2e': <Node: node008 (i-4c22fe2e)>, u'i-4623ff24': <Node: node130 (i-4623ff24)>, u'i-cc23ffae': <Node: node199 (i-cc23ffae)>, u'i-1822fe7a': <Node: node045 (i-1822fe7a)>, u'i-1422fe76': <Node: node043 (i-1422fe76)>, u'i-fe23ff9c': <Node: node190 (i-fe23ff9c)>, u'i-5822fe3a': <Node: node013 (i-5822fe3a)>, u'i-2223ff40': <Node: node144 (i-2223ff40)>, u'i-f223ff90': <Node: node184 (i-f223ff90)>, u'i-b822feda': <Node: node093 (i-b822feda)>, u'i-3422fe56': <Node: node027 (i-3422fe56)>, u'i-3223ff50': <Node: node152 (i-3223ff50)>, u'i-0222fe60': <Node: node032 (i-0222fe60)>, u'i-ec23ff8e': <Node: node183 (i-ec23ff8e)>, u'i-2422fe46': <Node: node019 (i-2422fe46)>, u'i-3623ff54': <Node: node154 (i-3623ff54)>, u'i-4422fe26': <Node: node004 (i-4422fe26)>, u'i-4a22fe28': <Node: node005 (i-4a22fe28)>, u'i-3023ff52': <Node: node153 (i-3023ff52)>, u'i-5622fe34': <Node: node010 (i-5622fe34)>, u'i-3c22fe5e': <Node: node031 (i-3c22fe5e)>, u'i-a022fec2': <Node: node081 (i-a022fec2)>, u'i-9822fefa': <Node: node109 (i-9822fefa)>, u'i-3622fe54': <Node: node026 (i-3622fe54)>, u'i-4023ff22': <Node: node129 (i-4023ff22)>, u'i-e622fe84': <Node: node050 (i-e622fe84)>, u'i-d822feba': <Node: node077 (i-d822feba)>, u'i-5c22fe3e': <Node: node015 (i-5c22fe3e)>, u'i-3a23ff58': <Node: node156 (i-3a23ff58)>, u'i-ca23ffa8': <Node: node196 (i-ca23ffa8)>, u'i-e423ff86': <Node: node179 (i-e423ff86)>, u'i-e823ff8a': <Node: node181 (i-e823ff8a)>, u'i-8422fee6': <Node: node099 (i-8422fee6)>, u'i-1423ff76': <Node: node171 (i-1423ff76)>, u'i-8222fee0': <Node: node096 (i-8222fee0)>, u'i-f023ff92': <Node: node185 (i-f023ff92)>, u'i-ac22fece': <Node: node087 (i-ac22fece)>, u'i-9e22fefc': <Node: node110 (i-9e22fefc)>, u'i-8a22fee8': <Node: node100 (i-8a22fee8)>, u'i-5422fe36': <Node: node011 (i-5422fe36)>, u'i-2c23ff4e': <Node: node151 (i-2c23ff4e)>, u'i-9c22fefe': <Node: node111 (i-9c22fefe)>, u'i-7623ff14': <Node: node122 (i-7623ff14)>, u'i-6a23ff08': <Node: node116 (i-6a23ff08)>, u'i-fa22fe98': <Node: node060 (i-fa22fe98)>, u'i-ca22fea8': <Node: node068 (i-ca22fea8)>, u'i-e822fe8a': <Node: node053 (i-e822fe8a)>, u'i-ba22fed8': <Node: node092 (i-ba22fed8)>, u'i-6c23ff0e': <Node: node119 (i-6c23ff0e)>}
2011-12-22 03:17:11,899 PID: 30641 cluster.py:663 - DEBUG - updating existing node i-7c22fe1e in self._nodes
2011-12-22 03:17:11,900 PID: 30641 cluster.py:663 - DEBUG - updating existing node i-4222fe20 in self._nodes
2011-12-22 03:17:11,900 PID: 30641 cluster.py:663 - DEBUG - updating existing node i-4022fe22 in self._nodes
2011-12-22 03:17:11,900 PID: 30641 cluster.py:663 - DEBUG - updating existing node i-4622fe24 in self._nodes
2011-12-22 03:17:11,900 PID: 30641 cluster.py:663 - DEBUG - updating existing node i-4422fe26 in self._nodes
2011-12-22 03:17:11,901 PID: 30641 cluster.py:663 - DEBUG - updating existing node i-4a22fe28 in self._nodes
2011-12-22 03:17:11,901 PID: 30641 cluster.py:663 - DEBUG - updating existing node i-4822fe2a in self._nodes
2011-12-22 03:17:11,901 PID: 30641 cluster.py:663 - DEBUG - updating existing node i-4e22fe2c in self._nodes
2011-12-22 03:17:11,901 PID: 30641 cluster.py:663 - DEBUG - updating existing node i-4c22fe2e in self._nodes
2011-12-22 03:17:11,901 PID: 30641 cluster.py:663 - DEBUG - updating existing node i-5222fe30 in self._nodes
2011-12-22 03:17:11,902 PID: 30641 cluster.py:663 - DEBUG - updating existing node i-5622fe34 in self._nodes
2011-12-22 03:17:11,902 PID: 30641 cluster.py:663 - DEBUG - updating existing node i-5422fe36 in self._nodes
2011-12-22 03:17:11,902 PID: 30641 cluster.py:663 - DEBUG - updating existing node i-5a22fe38 in self._nodes
2011-12-22 03:17:11,902 PID: 30641 cluster.py:663 - DEBUG - updating existing node i-5822fe3a in self._nodes
2011-12-22 03:17:11,903 PID: 30641 cluster.py:663 - DEBUG - updating existing node i-5e22fe3c in self._nodes
2011-12-22 03:17:11,903 PID: 30641 cluster.py:663 - DEBUG - updating existing node i-5c22fe3e in self._nodes
2011-12-22 03:17:11,903 PID: 30641 cluster.py:663 - DEBUG - updating existing node i-2222fe40 in self._nodes
2011-12-22 03:17:11,903 PID: 30641 cluster.py:663 - DEBUG - updating existing node i-2022fe42 in self._nodes
2011-12-22 03:17:11,904 PID: 30641 cluster.py:663 - DEBUG - updating existing node i-2622fe44 in self._nodes
2011-12-22 03:17:11,904 PID: 30641 cluster.py:663 - DEBUG - updating existing node i-2422fe46 in self._nodes
2011-12-22 03:17:11,904 PID: 30641 cluster.py:663 - DEBUG - updating existing node i-2a22fe48 in self._nodes
2011-12-22 03:17:11,904 PID: 30641 cluster.py:663 - DEBUG - updating existing node i-2822fe4a in self._nodes
2011-12-22 03:17:11,904 PID: 30641 cluster.py:663 - DEBUG - updating existing node i-2e22fe4c in self._nodes
2011-12-22 03:17:11,905 PID: 30641 cluster.py:663 - DEBUG - updating existing node i-2c22fe4e in self._nodes
2011-12-22 03:17:11,905 PID: 30641 cluster.py:663 - DEBUG - updating existing node i-3222fe50 in self._nodes
2011-12-22 03:17:11,905 PID: 30641 cluster.py:663 - DEBUG - updating existing node i-3022fe52 in self._nodes
2011-12-22 03:17:11,905 PID: 30641 cluster.py:663 - DEBUG - updating existing node i-3622fe54 in self._nodes
2011-12-22 03:17:11,906 PID: 30641 cluster.py:663 - DEBUG - updating existing node i-3422fe56 in self._nodes
2011-12-22 03:17:11,906 PID: 30641 cluster.py:663 - DEBUG - updating existing node i-3a22fe58 in self._nodes
2011-12-22 03:17:11,906 PID: 30641 cluster.py:663 - DEBUG - updating existing node i-3822fe5a in self._nodes
2011-12-22 03:17:11,906 PID: 30641 cluster.py:663 - DEBUG - updating existing node i-3e22fe5c in self._nodes
2011-12-22 03:17:11,967 PID: 30641 cluster.py:663 - DEBUG - updating existing node i-3c22fe5e in self._nodes
2011-12-22 03:17:11,969 PID: 30641 cluster.py:663 - DEBUG - updating existing node i-0222fe60 in self._nodes
2011-12-22 03:17:11,969 PID: 30641 cluster.py:663 - DEBUG - updating existing node i-0022fe62 in self._nodes
2011-12-22 03:17:11,970 PID: 30641 cluster.py:663 - DEBUG - updating existing node i-0622fe64 in self._nodes
2011-12-22 03:17:11,970 PID: 30641 cluster.py:663 - DEBUG - updating existing node i-0422fe66 in self._nodes
2011-12-22 03:17:11,970 PID: 30641 cluster.py:663 - DEBUG - updating existing node i-0a22fe68 in self._nodes
2011-12-22 03:17:11,970 PID: 30641 cluster.py:663 - DEBUG - updating existing node i-0822fe6a in self._nodes
2011-12-22 03:17:11,971 PID: 30641 cluster.py:663 - DEBUG - updating existing node i-0e22fe6c in self._nodes
2011-12-22 03:17:11,971 PID: 30641 cluster.py:663 - DEBUG - updating existing node i-0c22fe6e in self._nodes
2011-12-22 03:17:11,971 PID: 30641 cluster.py:663 - DEBUG - updating existing node i-1222fe70 in self._nodes
2011-12-22 03:17:11,971 PID: 30641 cluster.py:663 - DEBUG - updating existing node i-1022fe72 in self._nodes
2011-12-22 03:17:11,972 PID: 30641 cluster.py:663 - DEBUG - updating existing node i-1622fe74 in self._nodes
2011-12-22 03:17:11,972 PID: 30641 cluster.py:663 - DEBUG - updating existing node i-1422fe76 in self._nodes
2011-12-22 03:17:11,972 PID: 30641 cluster.py:663 - DEBUG - updating existing node i-1a22fe78 in self._nodes
2011-12-22 03:17:11,972 PID: 30641 cluster.py:663 - DEBUG - updating existing node i-1822fe7a in self._nodes
2011-12-22 03:17:11,972 PID: 30641 cluster.py:663 - DEBUG - updating existing node i-1e22fe7c in self._nodes
2011-12-22 03:17:11,973 PID: 30641 cluster.py:663 - DEBUG - updating existing node i-1c22fe7e in self._nodes
2011-12-22 03:17:11,973 PID: 30641 cluster.py:663 - DEBUG - updating existing node i-e222fe80 in self._nodes
2011-12-22 03:17:11,973 PID: 30641 cluster.py:663 - DEBUG - updating existing node i-e022fe82 in self._nodes
2011-12-22 03:17:11,973 PID: 30641 cluster.py:663 - DEBUG - updating existing node i-e622fe84 in self._nodes
2011-12-22 03:17:11,974 PID: 30641 cluster.py:663 - DEBUG - updating existing node i-e422fe86 in self._nodes
2011-12-22 03:17:11,974 PID: 30641 cluster.py:663 - DEBUG - updating existing node i-ea22fe88 in self._nodes
2011-12-22 03:17:11,974 PID: 30641 cluster.py:663 - DEBUG - updating existing node i-e822fe8a in self._nodes
2011-12-22 03:17:11,974 PID: 30641 cluster.py:663 - DEBUG - updating existing node i-ee22fe8c in self._nodes
2011-12-22 03:17:11,974 PID: 30641 cluster.py:663 - DEBUG - updating existing node i-ec22fe8e in self._nodes
2011-12-22 03:17:11,975 PID: 30641 cluster.py:663 - DEBUG - updating existing node i-f222fe90 in self._nodes
2011-12-22 03:17:11,975 PID: 30641 cluster.py:663 - DEBUG - updating existing node i-f022fe92 in self._nodes
2011-12-22 03:17:11,975 PID: 30641 cluster.py:663 - DEBUG - updating existing node i-f622fe94 in self._nodes
2011-12-22 03:17:11,976 PID: 30641 cluster.py:663 - DEBUG - updating existing node i-f422fe96 in self._nodes
2011-12-22 03:17:11,977 PID: 30641 cluster.py:663 - DEBUG - updating existing node i-fa22fe98 in self._nodes
2011-12-22 03:17:11,977 PID: 30641 cluster.py:663 - DEBUG - updating existing node i-f822fe9a in self._nodes
2011-12-22 03:17:11,977 PID: 30641 cluster.py:663 - DEBUG - updating existing node i-fe22fe9c in self._nodes
2011-12-22 03:17:11,977 PID: 30641 cluster.py:663 - DEBUG - updating existing node i-fc22fe9e in self._nodes
2011-12-22 03:17:11,977 PID: 30641 cluster.py:663 - DEBUG - updating existing node i-c222fea0 in self._nodes
2011-12-22 03:17:11,978 PID: 30641 cluster.py:663 - DEBUG - updating existing node i-c022fea2 in self._nodes
2011-12-22 03:17:11,978 PID: 30641 cluster.py:663 - DEBUG - updating existing node i-c622fea4 in self._nodes
2011-12-22 03:17:11,978 PID: 30641 cluster.py:663 - DEBUG - updating existing node i-c422fea6 in self._nodes
2011-12-22 03:17:11,978 PID: 30641 cluster.py:663 - DEBUG - updating existing node i-ca22fea8 in self._nodes
2011-12-22 03:17:11,979 PID: 30641 cluster.py:663 - DEBUG - updating existing node i-c822feaa in self._nodes
2011-12-22 03:17:11,979 PID: 30641 cluster.py:663 - DEBUG - updating existing node i-ce22feac in self._nodes
2011-12-22 03:17:11,979 PID: 30641 cluster.py:663 - DEBUG - updating existing node i-cc22feae in self._nodes
2011-12-22 03:17:11,979 PID: 30641 cluster.py:663 - DEBUG - updating existing node i-d222feb0 in self._nodes
2011-12-22 03:17:11,980 PID: 30641 cluster.py:663 - DEBUG - updating existing node i-d022feb2 in self._nodes
2011-12-22 03:17:11,980 PID: 30641 cluster.py:663 - DEBUG - updating existing node i-d622feb4 in self._nodes
2011-12-22 03:17:11,980 PID: 30641 cluster.py:663 - DEBUG - updating existing node i-d422feb6 in self._nodes
2011-12-22 03:17:11,980 PID: 30641 cluster.py:663 - DEBUG - updating existing node i-da22feb8 in self._nodes
2011-12-22 03:17:11,981 PID: 30641 cluster.py:663 - DEBUG - updating existing node i-d822feba in self._nodes
2011-12-22 03:17:11,981 PID: 30641 cluster.py:663 - DEBUG - updating existing node i-de22febc in self._nodes
2011-12-22 03:17:11,981 PID: 30641 cluster.py:663 - DEBUG - updating existing node i-dc22febe in self._nodes
2011-12-22 03:17:11,981 PID: 30641 cluster.py:663 - DEBUG - updating existing node i-a222fec0 in self._nodes
2011-12-22 03:17:11,982 PID: 30641 cluster.py:663 - DEBUG - updating existing node i-a022fec2 in self._nodes
2011-12-22 03:17:11,982 PID: 30641 cluster.py:663 - DEBUG - updating existing node i-a622fec4 in self._nodes
2011-12-22 03:17:11,982 PID: 30641 cluster.py:663 - DEBUG - updating existing node i-a422fec6 in self._nodes
2011-12-22 03:17:11,982 PID: 30641 cluster.py:663 - DEBUG - updating existing node i-aa22fec8 in self._nodes
2011-12-22 03:17:11,983 PID: 30641 cluster.py:663 - DEBUG - updating existing node i-a822feca in self._nodes
2011-12-22 03:17:11,983 PID: 30641 cluster.py:663 - DEBUG - updating existing node i-ae22fecc in self._nodes
2011-12-22 03:17:11,983 PID: 30641 cluster.py:663 - DEBUG - updating existing node i-ac22fece in self._nodes
2011-12-22 03:17:11,983 PID: 30641 cluster.py:663 - DEBUG - updating existing node i-b222fed0 in self._nodes
2011-12-22 03:17:11,983 PID: 30641 cluster.py:663 - DEBUG - updating existing node i-b022fed2 in self._nodes
2011-12-22 03:17:11,984 PID: 30641 cluster.py:663 - DEBUG - updating existing node i-b622fed4 in self._nodes
2011-12-22 03:17:11,984 PID: 30641 cluster.py:663 - DEBUG - updating existing node i-b422fed6 in self._nodes
2011-12-22 03:17:11,984 PID: 30641 cluster.py:663 - DEBUG - updating existing node i-ba22fed8 in self._nodes
2011-12-22 03:17:11,984 PID: 30641 cluster.py:663 - DEBUG - updating existing node i-b822feda in self._nodes
2011-12-22 03:17:11,985 PID: 30641 cluster.py:663 - DEBUG - updating existing node i-be22fedc in self._nodes
2011-12-22 03:17:11,985 PID: 30641 cluster.py:663 - DEBUG - updating existing node i-bc22fede in self._nodes
2011-12-22 03:17:11,985 PID: 30641 cluster.py:663 - DEBUG - updating existing node i-8222fee0 in self._nodes
2011-12-22 03:17:11,985 PID: 30641 cluster.py:663 - DEBUG - updating existing node i-8022fee2 in self._nodes
2011-12-22 03:17:11,986 PID: 30641 cluster.py:663 - DEBUG - updating existing node i-8622fee4 in self._nodes
2011-12-22 03:17:11,986 PID: 30641 cluster.py:663 - DEBUG - updating existing node i-8422fee6 in self._nodes
2011-12-22 03:17:11,986 PID: 30641 cluster.py:663 - DEBUG - updating existing node i-8a22fee8 in self._nodes
2011-12-22 03:17:11,986 PID: 30641 cluster.py:663 - DEBUG - updating existing node i-8822feea in self._nodes
2011-12-22 03:17:11,986 PID: 30641 cluster.py:663 - DEBUG - updating existing node i-8e22feec in self._nodes
2011-12-22 03:17:11,987 PID: 30641 cluster.py:663 - DEBUG - updating existing node i-8c22feee in self._nodes
2011-12-22 03:17:11,987 PID: 30641 cluster.py:663 - DEBUG - updating existing node i-9222fef0 in self._nodes
2011-12-22 03:17:11,987 PID: 30641 cluster.py:663 - DEBUG - updating existing node i-9022fef2 in self._nodes
2011-12-22 03:17:11,987 PID: 30641 cluster.py:663 - DEBUG - updating existing node i-9622fef4 in self._nodes
2011-12-22 03:17:11,988 PID: 30641 cluster.py:663 - DEBUG - updating existing node i-9422fef6 in self._nodes
2011-12-22 03:17:11,988 PID: 30641 cluster.py:663 - DEBUG - updating existing node i-9a22fef8 in self._nodes
2011-12-22 03:17:11,988 PID: 30641 cluster.py:663 - DEBUG - updating existing node i-9822fefa in self._nodes
2011-12-22 03:17:11,988 PID: 30641 cluster.py:663 - DEBUG - updating existing node i-9e22fefc in self._nodes
2011-12-22 03:17:11,988 PID: 30641 cluster.py:663 - DEBUG - updating existing node i-9c22fefe in self._nodes
2011-12-22 03:17:11,989 PID: 30641 cluster.py:663 - DEBUG - updating existing node i-6223ff00 in self._nodes
2011-12-22 03:17:11,989 PID: 30641 cluster.py:663 - DEBUG - updating existing node i-6023ff02 in self._nodes
2011-12-22 03:17:11,989 PID: 30641 cluster.py:663 - DEBUG - updating existing node i-6623ff04 in self._nodes
2011-12-22 03:17:11,989 PID: 30641 cluster.py:663 - DEBUG - updating existing node i-6423ff06 in self._nodes
2011-12-22 03:17:11,990 PID: 30641 cluster.py:663 - DEBUG - updating existing node i-6a23ff08 in self._nodes
2011-12-22 03:17:11,990 PID: 30641 cluster.py:663 - DEBUG - updating existing node i-6823ff0a in self._nodes
2011-12-22 03:17:11,990 PID: 30641 cluster.py:663 - DEBUG - updating existing node i-6e23ff0c in self._nodes
2011-12-22 03:17:11,990 PID: 30641 cluster.py:663 - DEBUG - updating existing node i-6c23ff0e in self._nodes
2011-12-22 03:17:11,991 PID: 30641 cluster.py:663 - DEBUG - updating existing node i-7223ff10 in self._nodes
2011-12-22 03:17:11,991 PID: 30641 cluster.py:663 - DEBUG - updating existing node i-7023ff12 in self._nodes
2011-12-22 03:17:11,991 PID: 30641 cluster.py:663 - DEBUG - updating existing node i-7623ff14 in self._nodes
2011-12-22 03:17:11,991 PID: 30641 cluster.py:663 - DEBUG - updating existing node i-7423ff16 in self._nodes
2011-12-22 03:17:11,991 PID: 30641 cluster.py:663 - DEBUG - updating existing node i-7a23ff18 in self._nodes
2011-12-22 03:17:11,992 PID: 30641 cluster.py:663 - DEBUG - updating existing node i-7823ff1a in self._nodes
2011-12-22 03:17:11,992 PID: 30641 cluster.py:663 - DEBUG - updating existing node i-7e23ff1c in self._nodes
2011-12-22 03:17:11,992 PID: 30641 cluster.py:663 - DEBUG - updating existing node i-7c23ff1e in self._nodes
2011-12-22 03:17:11,992 PID: 30641 cluster.py:663 - DEBUG - updating existing node i-4223ff20 in self._nodes
2011-12-22 03:17:11,993 PID: 30641 cluster.py:663 - DEBUG - updating existing node i-4023ff22 in self._nodes
2011-12-22 03:17:11,993 PID: 30641 cluster.py:663 - DEBUG - updating existing node i-4623ff24 in self._nodes
2011-12-22 03:17:11,993 PID: 30641 cluster.py:663 - DEBUG - updating existing node i-4423ff26 in self._nodes
2011-12-22 03:17:11,993 PID: 30641 cluster.py:663 - DEBUG - updating existing node i-4a23ff28 in self._nodes
2011-12-22 03:17:11,993 PID: 30641 cluster.py:663 - DEBUG - updating existing node i-4823ff2a in self._nodes
2011-12-22 03:17:11,994 PID: 30641 cluster.py:663 - DEBUG - updating existing node i-4e23ff2c in self._nodes
2011-12-22 03:17:11,994 PID: 30641 cluster.py:663 - DEBUG - updating existing node i-4c23ff2e in self._nodes
2011-12-22 03:17:11,994 PID: 30641 cluster.py:663 - DEBUG - updating existing node i-5223ff30 in self._nodes
2011-12-22 03:17:11,994 PID: 30641 cluster.py:663 - DEBUG - updating existing node i-5023ff32 in self._nodes
2011-12-22 03:17:11,995 PID: 30641 cluster.py:663 - DEBUG - updating existing node i-5623ff34 in self._nodes
2011-12-22 03:17:11,995 PID: 30641 cluster.py:663 - DEBUG - updating existing node i-5423ff36 in self._nodes
2011-12-22 03:17:11,995 PID: 30641 cluster.py:663 - DEBUG - updating existing node i-5a23ff38 in self._nodes
2011-12-22 03:17:11,995 PID: 30641 cluster.py:663 - DEBUG - updating existing node i-5823ff3a in self._nodes
2011-12-22 03:17:11,996 PID: 30641 cluster.py:663 - DEBUG - updating existing node i-5e23ff3c in self._nodes
2011-12-22 03:17:11,996 PID: 30641 cluster.py:663 - DEBUG - updating existing node i-5c23ff3e in self._nodes
2011-12-22 03:17:11,996 PID: 30641 cluster.py:663 - DEBUG - updating existing node i-2223ff40 in self._nodes
2011-12-22 03:17:11,996 PID: 30641 cluster.py:663 - DEBUG - updating existing node i-2023ff42 in self._nodes
2011-12-22 03:17:11,996 PID: 30641 cluster.py:663 - DEBUG - updating existing node i-2623ff44 in self._nodes
2011-12-22 03:17:12,057 PID: 30641 cluster.py:663 - DEBUG - updating existing node i-2423ff46 in self._nodes
2011-12-22 03:17:12,057 PID: 30641 cluster.py:663 - DEBUG - updating existing node i-2a23ff48 in self._nodes
2011-12-22 03:17:12,057 PID: 30641 cluster.py:663 - DEBUG - updating existing node i-2823ff4a in self._nodes
2011-12-22 03:17:12,058 PID: 30641 cluster.py:663 - DEBUG - updating existing node i-2e23ff4c in self._nodes
2011-12-22 03:17:12,058 PID: 30641 cluster.py:663 - DEBUG - updating existing node i-2c23ff4e in self._nodes
2011-12-22 03:17:12,058 PID: 30641 cluster.py:663 - DEBUG - updating existing node i-3223ff50 in self._nodes
2011-12-22 03:17:12,058 PID: 30641 cluster.py:663 - DEBUG - updating existing node i-3023ff52 in self._nodes
2011-12-22 03:17:12,059 PID: 30641 cluster.py:663 - DEBUG - updating existing node i-3623ff54 in self._nodes
2011-12-22 03:17:12,059 PID: 30641 cluster.py:663 - DEBUG - updating existing node i-3423ff56 in self._nodes
2011-12-22 03:17:12,059 PID: 30641 cluster.py:663 - DEBUG - updating existing node i-3a23ff58 in self._nodes
2011-12-22 03:17:12,059 PID: 30641 cluster.py:663 - DEBUG - updating existing node i-3823ff5a in self._nodes
2011-12-22 03:17:12,059 PID: 30641 cluster.py:663 - DEBUG - updating existing node i-3e23ff5c in self._nodes
2011-12-22 03:17:12,060 PID: 30641 cluster.py:663 - DEBUG - updating existing node i-3c23ff5e in self._nodes
2011-12-22 03:17:12,060 PID: 30641 cluster.py:663 - DEBUG - updating existing node i-0223ff60 in self._nodes
2011-12-22 03:17:12,060 PID: 30641 cluster.py:663 - DEBUG - updating existing node i-0023ff62 in self._nodes
2011-12-22 03:17:12,060 PID: 30641 cluster.py:663 - DEBUG - updating existing node i-0623ff64 in self._nodes
2011-12-22 03:17:12,061 PID: 30641 cluster.py:663 - DEBUG - updating existing node i-0423ff66 in self._nodes
2011-12-22 03:17:12,061 PID: 30641 cluster.py:663 - DEBUG - updating existing node i-0a23ff68 in self._nodes
2011-12-22 03:17:12,061 PID: 30641 cluster.py:663 - DEBUG - updating existing node i-0823ff6a in self._nodes
2011-12-22 03:17:12,061 PID: 30641 cluster.py:663 - DEBUG - updating existing node i-0e23ff6c in self._nodes
2011-12-22 03:17:12,062 PID: 30641 cluster.py:663 - DEBUG - updating existing node i-0c23ff6e in self._nodes
2011-12-22 03:17:12,062 PID: 30641 cluster.py:663 - DEBUG - updating existing node i-1223ff70 in self._nodes
2011-12-22 03:17:12,062 PID: 30641 cluster.py:663 - DEBUG - updating existing node i-1023ff72 in self._nodes
2011-12-22 03:17:12,062 PID: 30641 cluster.py:663 - DEBUG - updating existing node i-1623ff74 in self._nodes
2011-12-22 03:17:12,062 PID: 30641 cluster.py:663 - DEBUG - updating existing node i-1423ff76 in self._nodes
2011-12-22 03:17:12,063 PID: 30641 cluster.py:663 - DEBUG - updating existing node i-1a23ff78 in self._nodes
2011-12-22 03:17:12,063 PID: 30641 cluster.py:663 - DEBUG - updating existing node i-1823ff7a in self._nodes
2011-12-22 03:17:12,063 PID: 30641 cluster.py:663 - DEBUG - updating existing node i-1e23ff7c in self._nodes
2011-12-22 03:17:12,063 PID: 30641 cluster.py:663 - DEBUG - updating existing node i-1c23ff7e in self._nodes
2011-12-22 03:17:12,064 PID: 30641 cluster.py:663 - DEBUG - updating existing node i-e223ff80 in self._nodes
2011-12-22 03:17:12,064 PID: 30641 cluster.py:663 - DEBUG - updating existing node i-e023ff82 in self._nodes
2011-12-22 03:17:12,064 PID: 30641 cluster.py:663 - DEBUG - updating existing node i-e623ff84 in self._nodes
2011-12-22 03:17:12,064 PID: 30641 cluster.py:663 - DEBUG - updating existing node i-e423ff86 in self._nodes
2011-12-22 03:17:12,064 PID: 30641 cluster.py:663 - DEBUG - updating existing node i-ea23ff88 in self._nodes
2011-12-22 03:17:12,065 PID: 30641 cluster.py:663 - DEBUG - updating existing node i-e823ff8a in self._nodes
2011-12-22 03:17:12,065 PID: 30641 cluster.py:663 - DEBUG - updating existing node i-ee23ff8c in self._nodes
2011-12-22 03:17:12,065 PID: 30641 cluster.py:663 - DEBUG - updating existing node i-ec23ff8e in self._nodes
2011-12-22 03:17:12,065 PID: 30641 cluster.py:663 - DEBUG - updating existing node i-f223ff90 in self._nodes
2011-12-22 03:17:12,066 PID: 30641 cluster.py:663 - DEBUG - updating existing node i-f023ff92 in self._nodes
2011-12-22 03:17:12,066 PID: 30641 cluster.py:663 - DEBUG - updating existing node i-f623ff94 in self._nodes
2011-12-22 03:17:12,066 PID: 30641 cluster.py:663 - DEBUG - updating existing node i-f423ff96 in self._nodes
2011-12-22 03:17:12,066 PID: 30641 cluster.py:663 - DEBUG - updating existing node i-fa23ff98 in self._nodes
2011-12-22 03:17:12,067 PID: 30641 cluster.py:663 - DEBUG - updating existing node i-f823ff9a in self._nodes
2011-12-22 03:17:12,067 PID: 30641 cluster.py:663 - DEBUG - updating existing node i-fe23ff9c in self._nodes
2011-12-22 03:17:12,069 PID: 30641 cluster.py:663 - DEBUG - updating existing node i-fc23ff9e in self._nodes
2011-12-22 03:17:12,069 PID: 30641 cluster.py:663 - DEBUG - updating existing node i-c223ffa0 in self._nodes
2011-12-22 03:17:12,070 PID: 30641 cluster.py:663 - DEBUG - updating existing node i-c023ffa2 in self._nodes
2011-12-22 03:17:12,070 PID: 30641 cluster.py:663 - DEBUG - updating existing node i-c623ffa4 in self._nodes
2011-12-22 03:17:12,070 PID: 30641 cluster.py:663 - DEBUG - updating existing node i-c423ffa6 in self._nodes
2011-12-22 03:17:12,070 PID: 30641 cluster.py:663 - DEBUG - updating existing node i-ca23ffa8 in self._nodes
2011-12-22 03:17:12,071 PID: 30641 cluster.py:663 - DEBUG - updating existing node i-c823ffaa in self._nodes
2011-12-22 03:17:12,071 PID: 30641 cluster.py:663 - DEBUG - updating existing node i-ce23ffac in self._nodes
2011-12-22 03:17:12,071 PID: 30641 cluster.py:663 - DEBUG - updating existing node i-cc23ffae in self._nodes
2011-12-22 03:17:12,072 PID: 30641 cluster.py:676 - DEBUG - returning self._nodes = [<Node: master (i-7c22fe1e)>, <Node: node001 (i-4222fe20)>, <Node: node002 (i-4022fe22)>, <Node: node003 (i-4622fe24)>, <Node: node004 (i-4422fe26)>, <Node: node005 (i-4a22fe28)>, <Node: node006 (i-4822fe2a)>, <Node: node007 (i-4e22fe2c)>, <Node: node008 (i-4c22fe2e)>, <Node: node009 (i-5222fe30)>, <Node: node010 (i-5622fe34)>, <Node: node011 (i-5422fe36)>, <Node: node012 (i-5a22fe38)>, <Node: node013 (i-5822fe3a)>, <Node: node014 (i-5e22fe3c)>, <Node: node015 (i-5c22fe3e)>, <Node: node016 (i-2222fe40)>, <Node: node017 (i-2022fe42)>, <Node: node018 (i-2622fe44)>, <Node: node019 (i-2422fe46)>, <Node: node020 (i-2a22fe48)>, <Node: node021 (i-2822fe4a)>, <Node: node022 (i-2e22fe4c)>, <Node: node023 (i-2c22fe4e)>, <Node: node024 (i-3222fe50)>, <Node: node025 (i-3022fe52)>, <Node: node026 (i-3622fe54)>, <Node: node027 (i-3422fe56)>, <Node: node028 (i-3a22fe58)>, <Node: node029 (i-3822fe5a)>, <Node: node030 (i-3e22fe5c)>, <Node: node031 (i-3c22fe5e)>, <Node: node032 (i-0222fe60)>, <Node: node033 (i-0022fe62)>, <Node: node034 (i-0622fe64)>, <Node: node035 (i-0422fe66)>, <Node: node036 (i-0a22fe68)>, <Node: node037 (i-0822fe6a)>, <Node: node038 (i-0e22fe6c)>, <Node: node039 (i-0c22fe6e)>, <Node: node040 (i-1222fe70)>, <Node: node041 (i-1022fe72)>, <Node: node042 (i-1622fe74)>, <Node: node043 (i-1422fe76)>, <Node: node044 (i-1a22fe78)>, <Node: node045 (i-1822fe7a)>, <Node: node046 (i-1e22fe7c)>, <Node: node047 (i-1c22fe7e)>, <Node: node048 (i-e222fe80)>, <Node: node049 (i-e022fe82)>, <Node: node050 (i-e622fe84)>, <Node: node051 (i-e422fe86)>, <Node: node052 (i-ea22fe88)>, <Node: node053 (i-e822fe8a)>, <Node: node054 (i-ee22fe8c)>, <Node: node055 (i-ec22fe8e)>, <Node: node056 (i-f222fe90)>, <Node: node057 (i-f022fe92)>, <Node: node058 (i-f622fe94)>, <Node: node059 (i-f422fe96)>, <Node: node060 (i-fa22fe98)>, <Node: node061 (i-f822fe9a)>, <Node: node062 (i-fe22fe9c)>, <Node: node063 (i-fc22fe9e)>, <Node: node064 (i-c222fea0)>, <Node: node065 (i-c022fea2)>, <Node: node066 (i-c622fea4)>, <Node: node067 (i-c422fea6)>, <Node: node068 (i-ca22fea8)>, <Node: node069 (i-c822feaa)>, <Node: node070 (i-ce22feac)>, <Node: node071 (i-cc22feae)>, <Node: node072 (i-d222feb0)>, <Node: node073 (i-d022feb2)>, <Node: node074 (i-d622feb4)>, <Node: node075 (i-d422feb6)>, <Node: node076 (i-da22feb8)>, <Node: node077 (i-d822feba)>, <Node: node078 (i-de22febc)>, <Node: node079 (i-dc22febe)>, <Node: node080 (i-a222fec0)>, <Node: node081 (i-a022fec2)>, <Node: node082 (i-a622fec4)>, <Node: node083 (i-a422fec6)>, <Node: node084 (i-aa22fec8)>, <Node: node085 (i-a822feca)>, <Node: node086 (i-ae22fecc)>, <Node: node087 (i-ac22fece)>, <Node: node088 (i-b222fed0)>, <Node: node089 (i-b022fed2)>, <Node: node090 (i-b622fed4)>, <Node: node091 (i-b422fed6)>, <Node: node092 (i-ba22fed8)>, <Node: node093 (i-b822feda)>, <Node: node094 (i-be22fedc)>, <Node: node095 (i-bc22fede)>, <Node: node096 (i-8222fee0)>, <Node: node097 (i-8022fee2)>, <Node: node098 (i-8622fee4)>, <Node: node099 (i-8422fee6)>, <Node: node100 (i-8a22fee8)>, <Node: node101 (i-8822feea)>, <Node: node102 (i-8e22feec)>, <Node: node103 (i-8c22feee)>, <Node: node104 (i-9222fef0)>, <Node: node105 (i-9022fef2)>, <Node: node106 (i-9622fef4)>, <Node: node107 (i-9422fef6)>, <Node: node108 (i-9a22fef8)>, <Node: node109 (i-9822fefa)>, <Node: node110 (i-9e22fefc)>, <Node: node111 (i-9c22fefe)>, <Node: node112 (i-6223ff00)>, <Node: node113 (i-6023ff02)>, <Node: node114 (i-6623ff04)>, <Node: node115 (i-6423ff06)>, <Node: node116 (i-6a23ff08)>, <Node: node117 (i-6823ff0a)>, <Node: node118 (i-6e23ff0c)>, <Node: node119 (i-6c23ff0e)>, <Node: node120 (i-7223ff10)>, <Node: node121 (i-7023ff12)>, <Node: node122 (i-7623ff14)>, <Node: node123 (i-7423ff16)>, <Node: node124 (i-7a23ff18)>, <Node: node125 (i-7823ff1a)>, <Node: node126 (i-7e23ff1c)>, <Node: node127 (i-7c23ff1e)>, <Node: node128 (i-4223ff20)>, <Node: node129 (i-4023ff22)>, <Node: node130 (i-4623ff24)>, <Node: node131 (i-4423ff26)>, <Node: node132 (i-4a23ff28)>, <Node: node133 (i-4823ff2a)>, <Node: node134 (i-4e23ff2c)>, <Node: node135 (i-4c23ff2e)>, <Node: node136 (i-5223ff30)>, <Node: node137 (i-5023ff32)>, <Node: node138 (i-5623ff34)>, <Node: node139 (i-5423ff36)>, <Node: node140 (i-5a23ff38)>, <Node: node141 (i-5823ff3a)>, <Node: node142 (i-5e23ff3c)>, <Node: node143 (i-5c23ff3e)>, <Node: node144 (i-2223ff40)>, <Node: node145 (i-2023ff42)>, <Node: node146 (i-2623ff44)>, <Node: node147 (i-2423ff46)>, <Node: node148 (i-2a23ff48)>, <Node: node149 (i-2823ff4a)>, <Node: node150 (i-2e23ff4c)>, <Node: node151 (i-2c23ff4e)>, <Node: node152 (i-3223ff50)>, <Node: node153 (i-3023ff52)>, <Node: node154 (i-3623ff54)>, <Node: node155 (i-3423ff56)>, <Node: node156 (i-3a23ff58)>, <Node: node157 (i-3823ff5a)>, <Node: node158 (i-3e23ff5c)>, <Node: node159 (i-3c23ff5e)>, <Node: node160 (i-0223ff60)>, <Node: node161 (i-0023ff62)>, <Node: node162 (i-0623ff64)>, <Node: node163 (i-0423ff66)>, <Node: node164 (i-0a23ff68)>, <Node: node165 (i-0823ff6a)>, <Node: node166 (i-0e23ff6c)>, <Node: node167 (i-0c23ff6e)>, <Node: node168 (i-1223ff70)>, <Node: node169 (i-1023ff72)>, <Node: node170 (i-1623ff74)>, <Node: node171 (i-1423ff76)>, <Node: node172 (i-1a23ff78)>, <Node: node173 (i-1823ff7a)>, <Node: node174 (i-1e23ff7c)>, <Node: node175 (i-1c23ff7e)>, <Node: node176 (i-e223ff80)>, <Node: node177 (i-e023ff82)>, <Node: node178 (i-e623ff84)>, <Node: node179 (i-e423ff86)>, <Node: node180 (i-ea23ff88)>, <Node: node181 (i-e823ff8a)>, <Node: node182 (i-ee23ff8c)>, <Node: node183 (i-ec23ff8e)>, <Node: node184 (i-f223ff90)>, <Node: node185 (i-f023ff92)>, <Node: node186 (i-f623ff94)>, <Node: node187 (i-f423ff96)>, <Node: node188 (i-fa23ff98)>, <Node: node189 (i-f823ff9a)>, <Node: node190 (i-fe23ff9c)>, <Node: node191 (i-fc23ff9e)>, <Node: node192 (i-c223ffa0)>, <Node: node193 (i-c023ffa2)>, <Node: node194 (i-c623ffa4)>, <Node: node195 (i-c423ffa6)>, <Node: node196 (i-ca23ffa8)>, <Node: node197 (i-c823ffaa)>, <Node: node198 (i-ce23ffac)>, <Node: node199 (i-cc23ffae)>]
2011-12-22 03:17:19,745 PID: 30641 ssh.py:91 - DEBUG - connecting to host ec2-107-21-128-191.compute-1.amazonaws.com on port 22 as user root
2011-12-22 03:17:23,857 PID: 30641 ssh.py:91 - DEBUG - connecting to host ec2-107-21-67-51.compute-1.amazonaws.com on port 22 as user root
2011-12-22 03:17:57,542 PID: 30641 ssh.py:91 - DEBUG - connecting to host ec2-50-17-49-61.compute-1.amazonaws.com on port 22 as user root
2011-12-22 03:18:01,143 PID: 30641 ssh.py:91 - DEBUG - connecting to host ec2-174-129-113-209.compute-1.amazonaws.com on port 22 as user root
2011-12-22 03:18:21,114 PID: 30641 cluster.py:660 - DEBUG - existing nodes: {u'i-6423ff06': <Node: node115 (i-6423ff06)>, u'i-0022fe62': <Node: node033 (i-0022fe62)>, u'i-ae22fecc': <Node: node086 (i-ae22fecc)>, u'i-a822feca': <Node: node085 (i-a822feca)>, u'i-1e23ff7c': <Node: node174 (i-1e23ff7c)>, u'i-f423ff96': <Node: node187 (i-f423ff96)>, u'i-d622feb4': <Node: node074 (i-d622feb4)>, u'i-2022fe42': <Node: node017 (i-2022fe42)>, u'i-f422fe96': <Node: node059 (i-f422fe96)>, u'i-e222fe80': <Node: node048 (i-e222fe80)>, u'i-b222fed0': <Node: node088 (i-b222fed0)>, u'i-2c22fe4e': <Node: node023 (i-2c22fe4e)>, u'i-3822fe5a': <Node: node029 (i-3822fe5a)>, u'i-0c23ff6e': <Node: node167 (i-0c23ff6e)>, u'i-8c22feee': <Node: node103 (i-8c22feee)>, u'i-7c23ff1e': <Node: node127 (i-7c23ff1e)>, u'i-f623ff94': <Node: node186 (i-f623ff94)>, u'i-8822feea': <Node: node101 (i-8822feea)>, u'i-3222fe50': <Node: node024 (i-3222fe50)>, u'i-5222fe30': <Node: node009 (i-5222fe30)>, u'i-4822fe2a': <Node: node006 (i-4822fe2a)>, u'i-a622fec4': <Node: node082 (i-a622fec4)>, u'i-f823ff9a': <Node: node189 (i-f823ff9a)>, u'i-4423ff26': <Node: node131 (i-4423ff26)>, u'i-6223ff00': <Node: node112 (i-6223ff00)>, u'i-4a23ff28': <Node: node132 (i-4a23ff28)>, u'i-7c22fe1e': <Node: master (i-7c22fe1e)>, u'i-2623ff44': <Node: node146 (i-2623ff44)>, u'i-c222fea0': <Node: node064 (i-c222fea0)>, u'i-2823ff4a': <Node: node149 (i-2823ff4a)>, u'i-1c22fe7e': <Node: node047 (i-1c22fe7e)>, u'i-5e23ff3c': <Node: node142 (i-5e23ff3c)>, u'i-4e22fe2c': <Node: node007 (i-4e22fe2c)>, u'i-4c23ff2e': <Node: node135 (i-4c23ff2e)>, u'i-9222fef0': <Node: node104 (i-9222fef0)>, u'i-da22feb8': <Node: node076 (i-da22feb8)>, u'i-7e23ff1c': <Node: node126 (i-7e23ff1c)>, u'i-5e22fe3c': <Node: node014 (i-5e22fe3c)>, u'i-5a23ff38': <Node: node140 (i-5a23ff38)>, u'i-ce22feac': <Node: node070 (i-ce22feac)>, u'i-8022fee2': <Node: node097 (i-8022fee2)>, u'i-f822fe9a': <Node: node061 (i-f822fe9a)>, u'i-e223ff80': <Node: node176 (i-e223ff80)>, u'i-0c22fe6e': <Node: node039 (i-0c22fe6e)>, u'i-5223ff30': <Node: node136 (i-5223ff30)>, u'i-2622fe44': <Node: node018 (i-2622fe44)>, u'i-5423ff36': <Node: node139 (i-5423ff36)>, u'i-6823ff0a': <Node: node117 (i-6823ff0a)>, u'i-4222fe20': <Node: node001 (i-4222fe20)>, u'i-4823ff2a': <Node: node133 (i-4823ff2a)>, u'i-9422fef6': <Node: node107 (i-9422fef6)>, u'i-7423ff16': <Node: node123 (i-7423ff16)>, u'i-1622fe74': <Node: node042 (i-1622fe74)>, u'i-1c23ff7e': <Node: node175 (i-1c23ff7e)>, u'i-0423ff66': <Node: node163 (i-0423ff66)>, u'i-7823ff1a': <Node: node125 (i-7823ff1a)>, u'i-1a22fe78': <Node: node044 (i-1a22fe78)>, u'i-5023ff32': <Node: node137 (i-5023ff32)>, u'i-2423ff46': <Node: node147 (i-2423ff46)>, u'i-4022fe22': <Node: node002 (i-4022fe22)>, u'i-7023ff12': <Node: node121 (i-7023ff12)>, u'i-b622fed4': <Node: node090 (i-b622fed4)>, u'i-f222fe90': <Node: node056 (i-f222fe90)>, u'i-ee22fe8c': <Node: node054 (i-ee22fe8c)>, u'i-c022fea2': <Node: node065 (i-c022fea2)>, u'i-5c23ff3e': <Node: node143 (i-5c23ff3e)>, u'i-1a23ff78': <Node: node172 (i-1a23ff78)>, u'i-1623ff74': <Node: node170 (i-1623ff74)>, u'i-fc23ff9e': <Node: node191 (i-fc23ff9e)>, u'i-2e22fe4c': <Node: node022 (i-2e22fe4c)>, u'i-ee23ff8c': <Node: node182 (i-ee23ff8c)>, u'i-e022fe82': <Node: node049 (i-e022fe82)>, u'i-8e22feec': <Node: node102 (i-8e22feec)>, u'i-9a22fef8': <Node: node108 (i-9a22fef8)>, u'i-5a22fe38': <Node: node012 (i-5a22fe38)>, u'i-3c23ff5e': <Node: node159 (i-3c23ff5e)>, u'i-de22febc': <Node: node078 (i-de22febc)>, u'i-fa23ff98': <Node: node188 (i-fa23ff98)>, u'i-4622fe24': <Node: node003 (i-4622fe24)>, u'i-b422fed6': <Node: node091 (i-b422fed6)>, u'i-9622fef4': <Node: node106 (i-9622fef4)>, u'i-6023ff02': <Node: node113 (i-6023ff02)>, u'i-1823ff7a': <Node: node173 (i-1823ff7a)>, u'i-f022fe92': <Node: node057 (i-f022fe92)>, u'i-3423ff56': <Node: node155 (i-3423ff56)>, u'i-fc22fe9e': <Node: node063 (i-fc22fe9e)>, u'i-c623ffa4': <Node: node194 (i-c623ffa4)>, u'i-a222fec0': <Node: node080 (i-a222fec0)>, u'i-0223ff60': <Node: node160 (i-0223ff60)>, u'i-3823ff5a': <Node: node157 (i-3823ff5a)>, u'i-ce23ffac': <Node: node198 (i-ce23ffac)>, u'i-2a22fe48': <Node: node020 (i-2a22fe48)>, u'i-2a23ff48': <Node: node148 (i-2a23ff48)>, u'i-2222fe40': <Node: node016 (i-2222fe40)>, u'i-0422fe66': <Node: node035 (i-0422fe66)>, u'i-7223ff10': <Node: node120 (i-7223ff10)>, u'i-ec22fe8e': <Node: node055 (i-ec22fe8e)>, u'i-ea22fe88': <Node: node052 (i-ea22fe88)>, u'i-e422fe86': <Node: node051 (i-e422fe86)>, u'i-c223ffa0': <Node: node192 (i-c223ffa0)>, u'i-1023ff72': <Node: node169 (i-1023ff72)>, u'i-7a23ff18': <Node: node124 (i-7a23ff18)>, u'i-fe22fe9c': <Node: node062 (i-fe22fe9c)>, u'i-c423ffa6': <Node: node195 (i-c423ffa6)>, u'i-f622fe94': <Node: node058 (i-f622fe94)>, u'i-0622fe64': <Node: node034 (i-0622fe64)>, u'i-2023ff42': <Node: node145 (i-2023ff42)>, u'i-0e23ff6c': <Node: node166 (i-0e23ff6c)>, u'i-0823ff6a': <Node: node165 (i-0823ff6a)>, u'i-1022fe72': <Node: node041 (i-1022fe72)>, u'i-0623ff64': <Node: node162 (i-0623ff64)>, u'i-cc22feae': <Node: node071 (i-cc22feae)>, u'i-0a22fe68': <Node: node036 (i-0a22fe68)>, u'i-6623ff04': <Node: node114 (i-6623ff04)>, u'i-aa22fec8': <Node: node084 (i-aa22fec8)>, u'i-2e23ff4c': <Node: node150 (i-2e23ff4c)>, u'i-c422fea6': <Node: node067 (i-c422fea6)>, u'i-ea23ff88': <Node: node180 (i-ea23ff88)>, u'i-d022feb2': <Node: node073 (i-d022feb2)>, u'i-4e23ff2c': <Node: node134 (i-4e23ff2c)>, u'i-3e23ff5c': <Node: node158 (i-3e23ff5c)>, u'i-e623ff84': <Node: node178 (i-e623ff84)>, u'i-5823ff3a': <Node: node141 (i-5823ff3a)>, u'i-3e22fe5c': <Node: node030 (i-3e22fe5c)>, u'i-0822fe6a': <Node: node037 (i-0822fe6a)>, u'i-c622fea4': <Node: node066 (i-c622fea4)>, u'i-dc22febe': <Node: node079 (i-dc22febe)>, u'i-0023ff62': <Node: node161 (i-0023ff62)>, u'i-1223ff70': <Node: node168 (i-1223ff70)>, u'i-c023ffa2': <Node: node193 (i-c023ffa2)>, u'i-0e22fe6c': <Node: node038 (i-0e22fe6c)>, u'i-6e23ff0c': <Node: node118 (i-6e23ff0c)>, u'i-c823ffaa': <Node: node197 (i-c823ffaa)>, u'i-2822fe4a': <Node: node021 (i-2822fe4a)>, u'i-1e22fe7c': <Node: node046 (i-1e22fe7c)>, u'i-3a22fe58': <Node: node028 (i-3a22fe58)>, u'i-e023ff82': <Node: node177 (i-e023ff82)>, u'i-bc22fede': <Node: node095 (i-bc22fede)>, u'i-d422feb6': <Node: node075 (i-d422feb6)>, u'i-5623ff34': <Node: node138 (i-5623ff34)>, u'i-1222fe70': <Node: node040 (i-1222fe70)>, u'i-9022fef2': <Node: node105 (i-9022fef2)>, u'i-b022fed2': <Node: node089 (i-b022fed2)>, u'i-be22fedc': <Node: node094 (i-be22fedc)>, u'i-a422fec6': <Node: node083 (i-a422fec6)>, u'i-0a23ff68': <Node: node164 (i-0a23ff68)>, u'i-3022fe52': <Node: node025 (i-3022fe52)>, u'i-d222feb0': <Node: node072 (i-d222feb0)>, u'i-4223ff20': <Node: node128 (i-4223ff20)>, u'i-c822feaa': <Node: node069 (i-c822feaa)>, u'i-8622fee4': <Node: node098 (i-8622fee4)>, u'i-4c22fe2e': <Node: node008 (i-4c22fe2e)>, u'i-4623ff24': <Node: node130 (i-4623ff24)>, u'i-cc23ffae': <Node: node199 (i-cc23ffae)>, u'i-1822fe7a': <Node: node045 (i-1822fe7a)>, u'i-1422fe76': <Node: node043 (i-1422fe76)>, u'i-fe23ff9c': <Node: node190 (i-fe23ff9c)>, u'i-5822fe3a': <Node: node013 (i-5822fe3a)>, u'i-2223ff40': <Node: node144 (i-2223ff40)>, u'i-f223ff90': <Node: node184 (i-f223ff90)>, u'i-b822feda': <Node: node093 (i-b822feda)>, u'i-3422fe56': <Node: node027 (i-3422fe56)>, u'i-3223ff50': <Node: node152 (i-3223ff50)>, u'i-0222fe60': <Node: node032 (i-0222fe60)>, u'i-ec23ff8e': <Node: node183 (i-ec23ff8e)>, u'i-2422fe46': <Node: node019 (i-2422fe46)>, u'i-3623ff54': <Node: node154 (i-3623ff54)>, u'i-4422fe26': <Node: node004 (i-4422fe26)>, u'i-4a22fe28': <Node: node005 (i-4a22fe28)>, u'i-3023ff52': <Node: node153 (i-3023ff52)>, u'i-5622fe34': <Node: node010 (i-5622fe34)>, u'i-3c22fe5e': <Node: node031 (i-3c22fe5e)>, u'i-a022fec2': <Node: node081 (i-a022fec2)>, u'i-9822fefa': <Node: node109 (i-9822fefa)>, u'i-3622fe54': <Node: node026 (i-3622fe54)>, u'i-4023ff22': <Node: node129 (i-4023ff22)>, u'i-e622fe84': <Node: node050 (i-e622fe84)>, u'i-d822feba': <Node: node077 (i-d822feba)>, u'i-5c22fe3e': <Node: node015 (i-5c22fe3e)>, u'i-3a23ff58': <Node: node156 (i-3a23ff58)>, u'i-ca23ffa8': <Node: node196 (i-ca23ffa8)>, u'i-e423ff86': <Node: node179 (i-e423ff86)>, u'i-e823ff8a': <Node: node181 (i-e823ff8a)>, u'i-8422fee6': <Node: node099 (i-8422fee6)>, u'i-1423ff76': <Node: node171 (i-1423ff76)>, u'i-8222fee0': <Node: node096 (i-8222fee0)>, u'i-f023ff92': <Node: node185 (i-f023ff92)>, u'i-ac22fece': <Node: node087 (i-ac22fece)>, u'i-9e22fefc': <Node: node110 (i-9e22fefc)>, u'i-8a22fee8': <Node: node100 (i-8a22fee8)>, u'i-5422fe36': <Node: node011 (i-5422fe36)>, u'i-2c23ff4e': <Node: node151 (i-2c23ff4e)>, u'i-9c22fefe': <Node: node111 (i-9c22fefe)>, u'i-7623ff14': <Node: node122 (i-7623ff14)>, u'i-6a23ff08': <Node: node116 (i-6a23ff08)>, u'i-fa22fe98': <Node: node060 (i-fa22fe98)>, u'i-ca22fea8': <Node: node068 (i-ca22fea8)>, u'i-e822fe8a': <Node: node053 (i-e822fe8a)>, u'i-ba22fed8': <Node: node092 (i-ba22fed8)>, u'i-6c23ff0e': <Node: node119 (i-6c23ff0e)>}
2011-12-22 03:18:21,115 PID: 30641 cluster.py:663 - DEBUG - updating existing node i-7c22fe1e in self._nodes
2011-12-22 03:18:21,115 PID: 30641 cluster.py:663 - DEBUG - updating existing node i-4222fe20 in self._nodes
2011-12-22 03:18:21,115 PID: 30641 cluster.py:663 - DEBUG - updating existing node i-4022fe22 in self._nodes
2011-12-22 03:18:21,116 PID: 30641 cluster.py:663 - DEBUG - updating existing node i-4622fe24 in self._nodes
2011-12-22 03:18:21,116 PID: 30641 cluster.py:663 - DEBUG - updating existing node i-4422fe26 in self._nodes
2011-12-22 03:18:21,116 PID: 30641 cluster.py:663 - DEBUG - updating existing node i-4a22fe28 in self._nodes
2011-12-22 03:18:21,116 PID: 30641 cluster.py:663 - DEBUG - updating existing node i-4822fe2a in self._nodes
2011-12-22 03:18:21,117 PID: 30641 cluster.py:663 - DEBUG - updating existing node i-4e22fe2c in self._nodes
2011-12-22 03:18:21,117 PID: 30641 cluster.py:663 - DEBUG - updating existing node i-4c22fe2e in self._nodes
2011-12-22 03:18:21,117 PID: 30641 cluster.py:663 - DEBUG - updating existing node i-5222fe30 in self._nodes
2011-12-22 03:18:21,117 PID: 30641 cluster.py:663 - DEBUG - updating existing node i-5622fe34 in self._nodes
2011-12-22 03:18:21,117 PID: 30641 cluster.py:663 - DEBUG - updating existing node i-5422fe36 in self._nodes
2011-12-22 03:18:21,118 PID: 30641 cluster.py:663 - DEBUG - updating existing node i-5a22fe38 in self._nodes
2011-12-22 03:18:21,118 PID: 30641 cluster.py:663 - DEBUG - updating existing node i-5822fe3a in self._nodes
2011-12-22 03:18:21,118 PID: 30641 cluster.py:663 - DEBUG - updating existing node i-5e22fe3c in self._nodes
2011-12-22 03:18:21,118 PID: 30641 cluster.py:663 - DEBUG - updating existing node i-5c22fe3e in self._nodes
2011-12-22 03:18:21,119 PID: 30641 cluster.py:663 - DEBUG - updating existing node i-2222fe40 in self._nodes
2011-12-22 03:18:21,119 PID: 30641 cluster.py:663 - DEBUG - updating existing node i-2022fe42 in self._nodes
2011-12-22 03:18:21,119 PID: 30641 cluster.py:663 - DEBUG - updating existing node i-2622fe44 in self._nodes
2011-12-22 03:18:21,119 PID: 30641 cluster.py:663 - DEBUG - updating existing node i-2422fe46 in self._nodes
2011-12-22 03:18:21,120 PID: 30641 cluster.py:663 - DEBUG - updating existing node i-2a22fe48 in self._nodes
2011-12-22 03:18:21,120 PID: 30641 cluster.py:663 - DEBUG - updating existing node i-2822fe4a in self._nodes
2011-12-22 03:18:21,120 PID: 30641 cluster.py:663 - DEBUG - updating existing node i-2e22fe4c in self._nodes
2011-12-22 03:18:21,120 PID: 30641 cluster.py:663 - DEBUG - updating existing node i-2c22fe4e in self._nodes
2011-12-22 03:18:21,120 PID: 30641 cluster.py:663 - DEBUG - updating existing node i-3222fe50 in self._nodes
2011-12-22 03:18:21,121 PID: 30641 cluster.py:663 - DEBUG - updating existing node i-3022fe52 in self._nodes
2011-12-22 03:18:21,121 PID: 30641 cluster.py:663 - DEBUG - updating existing node i-3622fe54 in self._nodes
2011-12-22 03:18:21,121 PID: 30641 cluster.py:663 - DEBUG - updating existing node i-3422fe56 in self._nodes
2011-12-22 03:18:21,121 PID: 30641 cluster.py:663 - DEBUG - updating existing node i-3a22fe58 in self._nodes
2011-12-22 03:18:21,122 PID: 30641 cluster.py:663 - DEBUG - updating existing node i-3822fe5a in self._nodes
2011-12-22 03:18:21,122 PID: 30641 cluster.py:663 - DEBUG - updating existing node i-3e22fe5c in self._nodes
2011-12-22 03:18:21,122 PID: 30641 cluster.py:663 - DEBUG - updating existing node i-3c22fe5e in self._nodes
2011-12-22 03:18:21,122 PID: 30641 cluster.py:663 - DEBUG - updating existing node i-0222fe60 in self._nodes
2011-12-22 03:18:21,123 PID: 30641 cluster.py:663 - DEBUG - updating existing node i-0022fe62 in self._nodes
2011-12-22 03:18:21,123 PID: 30641 cluster.py:663 - DEBUG - updating existing node i-0622fe64 in self._nodes
2011-12-22 03:18:21,123 PID: 30641 cluster.py:663 - DEBUG - updating existing node i-0422fe66 in self._nodes
2011-12-22 03:18:21,123 PID: 30641 cluster.py:663 - DEBUG - updating existing node i-0a22fe68 in self._nodes
2011-12-22 03:18:21,123 PID: 30641 cluster.py:663 - DEBUG - updating existing node i-0822fe6a in self._nodes
2011-12-22 03:18:21,124 PID: 30641 cluster.py:663 - DEBUG - updating existing node i-0e22fe6c in self._nodes
2011-12-22 03:18:21,124 PID: 30641 cluster.py:663 - DEBUG - updating existing node i-0c22fe6e in self._nodes
2011-12-22 03:18:21,124 PID: 30641 cluster.py:663 - DEBUG - updating existing node i-1222fe70 in self._nodes
2011-12-22 03:18:21,124 PID: 30641 cluster.py:663 - DEBUG - updating existing node i-1022fe72 in self._nodes
2011-12-22 03:18:21,125 PID: 30641 cluster.py:663 - DEBUG - updating existing node i-1622fe74 in self._nodes
2011-12-22 03:18:21,125 PID: 30641 cluster.py:663 - DEBUG - updating existing node i-1422fe76 in self._nodes
2011-12-22 03:18:21,125 PID: 30641 cluster.py:663 - DEBUG - updating existing node i-1a22fe78 in self._nodes
2011-12-22 03:18:21,125 PID: 30641 cluster.py:663 - DEBUG - updating existing node i-1822fe7a in self._nodes
2011-12-22 03:18:21,125 PID: 30641 cluster.py:663 - DEBUG - updating existing node i-1e22fe7c in self._nodes
2011-12-22 03:18:21,126 PID: 30641 cluster.py:663 - DEBUG - updating existing node i-1c22fe7e in self._nodes
2011-12-22 03:18:21,126 PID: 30641 cluster.py:663 - DEBUG - updating existing node i-e222fe80 in self._nodes
2011-12-22 03:18:21,126 PID: 30641 cluster.py:663 - DEBUG - updating existing node i-e022fe82 in self._nodes
2011-12-22 03:18:21,126 PID: 30641 cluster.py:663 - DEBUG - updating existing node i-e622fe84 in self._nodes
2011-12-22 03:18:21,127 PID: 30641 cluster.py:663 - DEBUG - updating existing node i-e422fe86 in self._nodes
2011-12-22 03:18:21,127 PID: 30641 cluster.py:663 - DEBUG - updating existing node i-ea22fe88 in self._nodes
2011-12-22 03:18:21,127 PID: 30641 cluster.py:663 - DEBUG - updating existing node i-e822fe8a in self._nodes
2011-12-22 03:18:21,127 PID: 30641 cluster.py:663 - DEBUG - updating existing node i-ee22fe8c in self._nodes
2011-12-22 03:18:21,128 PID: 30641 cluster.py:663 - DEBUG - updating existing node i-ec22fe8e in self._nodes
2011-12-22 03:18:21,128 PID: 30641 cluster.py:663 - DEBUG - updating existing node i-f222fe90 in self._nodes
2011-12-22 03:18:21,128 PID: 30641 cluster.py:663 - DEBUG - updating existing node i-f022fe92 in self._nodes
2011-12-22 03:18:21,128 PID: 30641 cluster.py:663 - DEBUG - updating existing node i-f622fe94 in self._nodes
2011-12-22 03:18:21,128 PID: 30641 cluster.py:663 - DEBUG - updating existing node i-f422fe96 in self._nodes
2011-12-22 03:18:21,129 PID: 30641 cluster.py:663 - DEBUG - updating existing node i-fa22fe98 in self._nodes
2011-12-22 03:18:21,129 PID: 30641 cluster.py:663 - DEBUG - updating existing node i-f822fe9a in self._nodes
2011-12-22 03:18:21,129 PID: 30641 cluster.py:663 - DEBUG - updating existing node i-fe22fe9c in self._nodes
2011-12-22 03:18:21,129 PID: 30641 cluster.py:663 - DEBUG - updating existing node i-fc22fe9e in self._nodes
2011-12-22 03:18:21,130 PID: 30641 cluster.py:663 - DEBUG - updating existing node i-c222fea0 in self._nodes
2011-12-22 03:18:21,130 PID: 30641 cluster.py:663 - DEBUG - updating existing node i-c022fea2 in self._nodes
2011-12-22 03:18:21,130 PID: 30641 cluster.py:663 - DEBUG - updating existing node i-c622fea4 in self._nodes
2011-12-22 03:18:21,130 PID: 30641 cluster.py:663 - DEBUG - updating existing node i-c422fea6 in self._nodes
2011-12-22 03:18:21,131 PID: 30641 cluster.py:663 - DEBUG - updating existing node i-ca22fea8 in self._nodes
2011-12-22 03:18:21,131 PID: 30641 cluster.py:663 - DEBUG - updating existing node i-c822feaa in self._nodes
2011-12-22 03:18:21,131 PID: 30641 cluster.py:663 - DEBUG - updating existing node i-ce22feac in self._nodes
2011-12-22 03:18:21,131 PID: 30641 cluster.py:663 - DEBUG - updating existing node i-cc22feae in self._nodes
2011-12-22 03:18:21,131 PID: 30641 cluster.py:663 - DEBUG - updating existing node i-d222feb0 in self._nodes
2011-12-22 03:18:21,132 PID: 30641 cluster.py:663 - DEBUG - updating existing node i-d022feb2 in self._nodes
2011-12-22 03:18:21,132 PID: 30641 cluster.py:663 - DEBUG - updating existing node i-d622feb4 in self._nodes
2011-12-22 03:18:21,132 PID: 30641 cluster.py:663 - DEBUG - updating existing node i-d422feb6 in self._nodes
2011-12-22 03:18:21,132 PID: 30641 cluster.py:663 - DEBUG - updating existing node i-da22feb8 in self._nodes
2011-12-22 03:18:21,133 PID: 30641 cluster.py:663 - DEBUG - updating existing node i-d822feba in self._nodes
2011-12-22 03:18:21,133 PID: 30641 cluster.py:663 - DEBUG - updating existing node i-de22febc in self._nodes
2011-12-22 03:18:21,133 PID: 30641 cluster.py:663 - DEBUG - updating existing node i-dc22febe in self._nodes
2011-12-22 03:18:21,133 PID: 30641 cluster.py:663 - DEBUG - updating existing node i-a222fec0 in self._nodes
2011-12-22 03:18:21,133 PID: 30641 cluster.py:663 - DEBUG - updating existing node i-a022fec2 in self._nodes
2011-12-22 03:18:21,134 PID: 30641 cluster.py:663 - DEBUG - updating existing node i-a622fec4 in self._nodes
2011-12-22 03:18:21,134 PID: 30641 cluster.py:663 - DEBUG - updating existing node i-a422fec6 in self._nodes
2011-12-22 03:18:21,134 PID: 30641 cluster.py:663 - DEBUG - updating existing node i-aa22fec8 in self._nodes
2011-12-22 03:18:21,134 PID: 30641 cluster.py:663 - DEBUG - updating existing node i-a822feca in self._nodes
2011-12-22 03:18:21,135 PID: 30641 cluster.py:663 - DEBUG - updating existing node i-ae22fecc in self._nodes
2011-12-22 03:18:21,135 PID: 30641 cluster.py:663 - DEBUG - updating existing node i-ac22fece in self._nodes
2011-12-22 03:18:21,135 PID: 30641 cluster.py:663 - DEBUG - updating existing node i-b222fed0 in self._nodes
2011-12-22 03:18:21,135 PID: 30641 cluster.py:663 - DEBUG - updating existing node i-b022fed2 in self._nodes
2011-12-22 03:18:21,136 PID: 30641 cluster.py:663 - DEBUG - updating existing node i-b622fed4 in self._nodes
2011-12-22 03:18:21,136 PID: 30641 cluster.py:663 - DEBUG - updating existing node i-b422fed6 in self._nodes
2011-12-22 03:18:21,136 PID: 30641 cluster.py:663 - DEBUG - updating existing node i-ba22fed8 in self._nodes
2011-12-22 03:18:21,136 PID: 30641 cluster.py:663 - DEBUG - updating existing node i-b822feda in self._nodes
2011-12-22 03:18:21,137 PID: 30641 cluster.py:663 - DEBUG - updating existing node i-be22fedc in self._nodes
2011-12-22 03:18:21,137 PID: 30641 cluster.py:663 - DEBUG - updating existing node i-bc22fede in self._nodes
2011-12-22 03:18:21,137 PID: 30641 cluster.py:663 - DEBUG - updating existing node i-8222fee0 in self._nodes
2011-12-22 03:18:21,137 PID: 30641 cluster.py:663 - DEBUG - updating existing node i-8022fee2 in self._nodes
2011-12-22 03:18:21,138 PID: 30641 cluster.py:663 - DEBUG - updating existing node i-8622fee4 in self._nodes
2011-12-22 03:18:21,138 PID: 30641 cluster.py:663 - DEBUG - updating existing node i-8422fee6 in self._nodes
2011-12-22 03:18:21,138 PID: 30641 cluster.py:663 - DEBUG - updating existing node i-8a22fee8 in self._nodes
2011-12-22 03:18:21,138 PID: 30641 cluster.py:663 - DEBUG - updating existing node i-8822feea in self._nodes
2011-12-22 03:18:21,138 PID: 30641 cluster.py:663 - DEBUG - updating existing node i-8e22feec in self._nodes
2011-12-22 03:18:21,139 PID: 30641 cluster.py:663 - DEBUG - updating existing node i-8c22feee in self._nodes
2011-12-22 03:18:21,139 PID: 30641 cluster.py:663 - DEBUG - updating existing node i-9222fef0 in self._nodes
2011-12-22 03:18:21,139 PID: 30641 cluster.py:663 - DEBUG - updating existing node i-9022fef2 in self._nodes
2011-12-22 03:18:21,140 PID: 30641 cluster.py:663 - DEBUG - updating existing node i-9622fef4 in self._nodes
2011-12-22 03:18:21,140 PID: 30641 cluster.py:663 - DEBUG - updating existing node i-9422fef6 in self._nodes
2011-12-22 03:18:21,140 PID: 30641 cluster.py:663 - DEBUG - updating existing node i-9a22fef8 in self._nodes
2011-12-22 03:18:21,140 PID: 30641 cluster.py:663 - DEBUG - updating existing node i-9822fefa in self._nodes
2011-12-22 03:18:21,141 PID: 30641 cluster.py:663 - DEBUG - updating existing node i-9e22fefc in self._nodes
2011-12-22 03:18:21,141 PID: 30641 cluster.py:663 - DEBUG - updating existing node i-9c22fefe in self._nodes
2011-12-22 03:18:21,141 PID: 30641 cluster.py:663 - DEBUG - updating existing node i-6223ff00 in self._nodes
2011-12-22 03:18:21,141 PID: 30641 cluster.py:663 - DEBUG - updating existing node i-6023ff02 in self._nodes
2011-12-22 03:18:21,142 PID: 30641 cluster.py:663 - DEBUG - updating existing node i-6623ff04 in self._nodes
2011-12-22 03:18:21,142 PID: 30641 cluster.py:663 - DEBUG - updating existing node i-6423ff06 in self._nodes
2011-12-22 03:18:21,142 PID: 30641 cluster.py:663 - DEBUG - updating existing node i-6a23ff08 in self._nodes
2011-12-22 03:18:21,142 PID: 30641 cluster.py:663 - DEBUG - updating existing node i-6823ff0a in self._nodes
2011-12-22 03:18:21,142 PID: 30641 cluster.py:663 - DEBUG - updating existing node i-6e23ff0c in self._nodes
2011-12-22 03:18:21,143 PID: 30641 cluster.py:663 - DEBUG - updating existing node i-6c23ff0e in self._nodes
2011-12-22 03:18:21,143 PID: 30641 cluster.py:663 - DEBUG - updating existing node i-7223ff10 in self._nodes
2011-12-22 03:18:21,143 PID: 30641 cluster.py:663 - DEBUG - updating existing node i-7023ff12 in self._nodes
2011-12-22 03:18:21,143 PID: 30641 cluster.py:663 - DEBUG - updating existing node i-7623ff14 in self._nodes
2011-12-22 03:18:21,144 PID: 30641 cluster.py:663 - DEBUG - updating existing node i-7423ff16 in self._nodes
2011-12-22 03:18:21,144 PID: 30641 cluster.py:663 - DEBUG - updating existing node i-7a23ff18 in self._nodes
2011-12-22 03:18:21,144 PID: 30641 cluster.py:663 - DEBUG - updating existing node i-7823ff1a in self._nodes
2011-12-22 03:18:21,144 PID: 30641 cluster.py:663 - DEBUG - updating existing node i-7e23ff1c in self._nodes
2011-12-22 03:18:21,145 PID: 30641 cluster.py:663 - DEBUG - updating existing node i-7c23ff1e in self._nodes
2011-12-22 03:18:21,145 PID: 30641 cluster.py:663 - DEBUG - updating existing node i-4223ff20 in self._nodes
2011-12-22 03:18:21,145 PID: 30641 cluster.py:663 - DEBUG - updating existing node i-4023ff22 in self._nodes
2011-12-22 03:18:21,145 PID: 30641 cluster.py:663 - DEBUG - updating existing node i-4623ff24 in self._nodes
2011-12-22 03:18:21,146 PID: 30641 cluster.py:663 - DEBUG - updating existing node i-4423ff26 in self._nodes
2011-12-22 03:18:21,146 PID: 30641 cluster.py:663 - DEBUG - updating existing node i-4a23ff28 in self._nodes
2011-12-22 03:18:21,146 PID: 30641 cluster.py:663 - DEBUG - updating existing node i-4823ff2a in self._nodes
2011-12-22 03:18:21,146 PID: 30641 cluster.py:663 - DEBUG - updating existing node i-4e23ff2c in self._nodes
2011-12-22 03:18:21,146 PID: 30641 cluster.py:663 - DEBUG - updating existing node i-4c23ff2e in self._nodes
2011-12-22 03:18:21,147 PID: 30641 cluster.py:663 - DEBUG - updating existing node i-5223ff30 in self._nodes
2011-12-22 03:18:21,147 PID: 30641 cluster.py:663 - DEBUG - updating existing node i-5023ff32 in self._nodes
2011-12-22 03:18:21,147 PID: 30641 cluster.py:663 - DEBUG - updating existing node i-5623ff34 in self._nodes
2011-12-22 03:18:21,147 PID: 30641 cluster.py:663 - DEBUG - updating existing node i-5423ff36 in self._nodes
2011-12-22 03:18:21,148 PID: 30641 cluster.py:663 - DEBUG - updating existing node i-5a23ff38 in self._nodes
2011-12-22 03:18:21,148 PID: 30641 cluster.py:663 - DEBUG - updating existing node i-5823ff3a in self._nodes
2011-12-22 03:18:21,148 PID: 30641 cluster.py:663 - DEBUG - updating existing node i-5e23ff3c in self._nodes
2011-12-22 03:18:21,148 PID: 30641 cluster.py:663 - DEBUG - updating existing node i-5c23ff3e in self._nodes
2011-12-22 03:18:21,149 PID: 30641 cluster.py:663 - DEBUG - updating existing node i-2223ff40 in self._nodes
2011-12-22 03:18:21,149 PID: 30641 cluster.py:663 - DEBUG - updating existing node i-2023ff42 in self._nodes
2011-12-22 03:18:21,149 PID: 30641 cluster.py:663 - DEBUG - updating existing node i-2623ff44 in self._nodes
2011-12-22 03:18:21,149 PID: 30641 cluster.py:663 - DEBUG - updating existing node i-2423ff46 in self._nodes
2011-12-22 03:18:21,149 PID: 30641 cluster.py:663 - DEBUG - updating existing node i-2a23ff48 in self._nodes
2011-12-22 03:18:21,150 PID: 30641 cluster.py:663 - DEBUG - updating existing node i-2823ff4a in self._nodes
2011-12-22 03:18:21,150 PID: 30641 cluster.py:663 - DEBUG - updating existing node i-2e23ff4c in self._nodes
2011-12-22 03:18:21,150 PID: 30641 cluster.py:663 - DEBUG - updating existing node i-2c23ff4e in self._nodes
2011-12-22 03:18:21,150 PID: 30641 cluster.py:663 - DEBUG - updating existing node i-3223ff50 in self._nodes
2011-12-22 03:18:21,151 PID: 30641 cluster.py:663 - DEBUG - updating existing node i-3023ff52 in self._nodes
2011-12-22 03:18:21,151 PID: 30641 cluster.py:663 - DEBUG - updating existing node i-3623ff54 in self._nodes
2011-12-22 03:18:21,151 PID: 30641 cluster.py:663 - DEBUG - updating existing node i-3423ff56 in self._nodes
2011-12-22 03:18:21,151 PID: 30641 cluster.py:663 - DEBUG - updating existing node i-3a23ff58 in self._nodes
2011-12-22 03:18:21,152 PID: 30641 cluster.py:663 - DEBUG - updating existing node i-3823ff5a in self._nodes
2011-12-22 03:18:21,152 PID: 30641 cluster.py:663 - DEBUG - updating existing node i-3e23ff5c in self._nodes
2011-12-22 03:18:21,152 PID: 30641 cluster.py:663 - DEBUG - updating existing node i-3c23ff5e in self._nodes
2011-12-22 03:18:21,152 PID: 30641 cluster.py:663 - DEBUG - updating existing node i-0223ff60 in self._nodes
2011-12-22 03:18:21,152 PID: 30641 cluster.py:663 - DEBUG - updating existing node i-0023ff62 in self._nodes
2011-12-22 03:18:21,153 PID: 30641 cluster.py:663 - DEBUG - updating existing node i-0623ff64 in self._nodes
2011-12-22 03:18:21,153 PID: 30641 cluster.py:663 - DEBUG - updating existing node i-0423ff66 in self._nodes
2011-12-22 03:18:21,153 PID: 30641 cluster.py:663 - DEBUG - updating existing node i-0a23ff68 in self._nodes
2011-12-22 03:18:21,153 PID: 30641 cluster.py:663 - DEBUG - updating existing node i-0823ff6a in self._nodes
2011-12-22 03:18:21,154 PID: 30641 cluster.py:663 - DEBUG - updating existing node i-0e23ff6c in self._nodes
2011-12-22 03:18:21,154 PID: 30641 cluster.py:663 - DEBUG - updating existing node i-0c23ff6e in self._nodes
2011-12-22 03:18:21,154 PID: 30641 cluster.py:663 - DEBUG - updating existing node i-1223ff70 in self._nodes
2011-12-22 03:18:21,154 PID: 30641 cluster.py:663 - DEBUG - updating existing node i-1023ff72 in self._nodes
2011-12-22 03:18:21,154 PID: 30641 cluster.py:663 - DEBUG - updating existing node i-1623ff74 in self._nodes
2011-12-22 03:18:21,155 PID: 30641 cluster.py:663 - DEBUG - updating existing node i-1423ff76 in self._nodes
2011-12-22 03:18:21,155 PID: 30641 cluster.py:663 - DEBUG - updating existing node i-1a23ff78 in self._nodes
2011-12-22 03:18:21,155 PID: 30641 cluster.py:663 - DEBUG - updating existing node i-1823ff7a in self._nodes
2011-12-22 03:18:21,155 PID: 30641 cluster.py:663 - DEBUG - updating existing node i-1e23ff7c in self._nodes
2011-12-22 03:18:21,156 PID: 30641 cluster.py:663 - DEBUG - updating existing node i-1c23ff7e in self._nodes
2011-12-22 03:18:21,156 PID: 30641 cluster.py:663 - DEBUG - updating existing node i-e223ff80 in self._nodes
2011-12-22 03:18:21,156 PID: 30641 cluster.py:663 - DEBUG - updating existing node i-e023ff82 in self._nodes
2011-12-22 03:18:21,156 PID: 30641 cluster.py:663 - DEBUG - updating existing node i-e623ff84 in self._nodes
2011-12-22 03:18:21,157 PID: 30641 cluster.py:663 - DEBUG - updating existing node i-e423ff86 in self._nodes
2011-12-22 03:18:21,157 PID: 30641 cluster.py:663 - DEBUG - updating existing node i-ea23ff88 in self._nodes
2011-12-22 03:18:21,157 PID: 30641 cluster.py:663 - DEBUG - updating existing node i-e823ff8a in self._nodes
2011-12-22 03:18:21,157 PID: 30641 cluster.py:663 - DEBUG - updating existing node i-ee23ff8c in self._nodes
2011-12-22 03:18:21,158 PID: 30641 cluster.py:663 - DEBUG - updating existing node i-ec23ff8e in self._nodes
2011-12-22 03:18:21,158 PID: 30641 cluster.py:663 - DEBUG - updating existing node i-f223ff90 in self._nodes
2011-12-22 03:18:21,158 PID: 30641 cluster.py:663 - DEBUG - updating existing node i-f023ff92 in self._nodes
2011-12-22 03:18:21,158 PID: 30641 cluster.py:663 - DEBUG - updating existing node i-f623ff94 in self._nodes
2011-12-22 03:18:21,158 PID: 30641 cluster.py:663 - DEBUG - updating existing node i-f423ff96 in self._nodes
2011-12-22 03:18:21,159 PID: 30641 cluster.py:663 - DEBUG - updating existing node i-fa23ff98 in self._nodes
2011-12-22 03:18:21,159 PID: 30641 cluster.py:663 - DEBUG - updating existing node i-f823ff9a in self._nodes
2011-12-22 03:18:21,159 PID: 30641 cluster.py:663 - DEBUG - updating existing node i-fe23ff9c in self._nodes
2011-12-22 03:18:21,159 PID: 30641 cluster.py:663 - DEBUG - updating existing node i-fc23ff9e in self._nodes
2011-12-22 03:18:21,160 PID: 30641 cluster.py:663 - DEBUG - updating existing node i-c223ffa0 in self._nodes
2011-12-22 03:18:21,160 PID: 30641 cluster.py:663 - DEBUG - updating existing node i-c023ffa2 in self._nodes
2011-12-22 03:18:21,160 PID: 30641 cluster.py:663 - DEBUG - updating existing node i-c623ffa4 in self._nodes
2011-12-22 03:18:21,160 PID: 30641 cluster.py:663 - DEBUG - updating existing node i-c423ffa6 in self._nodes
2011-12-22 03:18:21,161 PID: 30641 cluster.py:663 - DEBUG - updating existing node i-ca23ffa8 in self._nodes
2011-12-22 03:18:21,161 PID: 30641 cluster.py:663 - DEBUG - updating existing node i-c823ffaa in self._nodes
2011-12-22 03:18:21,161 PID: 30641 cluster.py:663 - DEBUG - updating existing node i-ce23ffac in self._nodes
2011-12-22 03:18:21,161 PID: 30641 cluster.py:663 - DEBUG - updating existing node i-cc23ffae in self._nodes
2011-12-22 03:18:21,162 PID: 30641 cluster.py:676 - DEBUG - returning self._nodes = [<Node: master (i-7c22fe1e)>, <Node: node001 (i-4222fe20)>, <Node: node002 (i-4022fe22)>, <Node: node003 (i-4622fe24)>, <Node: node004 (i-4422fe26)>, <Node: node005 (i-4a22fe28)>, <Node: node006 (i-4822fe2a)>, <Node: node007 (i-4e22fe2c)>, <Node: node008 (i-4c22fe2e)>, <Node: node009 (i-5222fe30)>, <Node: node010 (i-5622fe34)>, <Node: node011 (i-5422fe36)>, <Node: node012 (i-5a22fe38)>, <Node: node013 (i-5822fe3a)>, <Node: node014 (i-5e22fe3c)>, <Node: node015 (i-5c22fe3e)>, <Node: node016 (i-2222fe40)>, <Node: node017 (i-2022fe42)>, <Node: node018 (i-2622fe44)>, <Node: node019 (i-2422fe46)>, <Node: node020 (i-2a22fe48)>, <Node: node021 (i-2822fe4a)>, <Node: node022 (i-2e22fe4c)>, <Node: node023 (i-2c22fe4e)>, <Node: node024 (i-3222fe50)>, <Node: node025 (i-3022fe52)>, <Node: node026 (i-3622fe54)>, <Node: node027 (i-3422fe56)>, <Node: node028 (i-3a22fe58)>, <Node: node029 (i-3822fe5a)>, <Node: node030 (i-3e22fe5c)>, <Node: node031 (i-3c22fe5e)>, <Node: node032 (i-0222fe60)>, <Node: node033 (i-0022fe62)>, <Node: node034 (i-0622fe64)>, <Node: node035 (i-0422fe66)>, <Node: node036 (i-0a22fe68)>, <Node: node037 (i-0822fe6a)>, <Node: node038 (i-0e22fe6c)>, <Node: node039 (i-0c22fe6e)>, <Node: node040 (i-1222fe70)>, <Node: node041 (i-1022fe72)>, <Node: node042 (i-1622fe74)>, <Node: node043 (i-1422fe76)>, <Node: node044 (i-1a22fe78)>, <Node: node045 (i-1822fe7a)>, <Node: node046 (i-1e22fe7c)>, <Node: node047 (i-1c22fe7e)>, <Node: node048 (i-e222fe80)>, <Node: node049 (i-e022fe82)>, <Node: node050 (i-e622fe84)>, <Node: node051 (i-e422fe86)>, <Node: node052 (i-ea22fe88)>, <Node: node053 (i-e822fe8a)>, <Node: node054 (i-ee22fe8c)>, <Node: node055 (i-ec22fe8e)>, <Node: node056 (i-f222fe90)>, <Node: node057 (i-f022fe92)>, <Node: node058 (i-f622fe94)>, <Node: node059 (i-f422fe96)>, <Node: node060 (i-fa22fe98)>, <Node: node061 (i-f822fe9a)>, <Node: node062 (i-fe22fe9c)>, <Node: node063 (i-fc22fe9e)>, <Node: node064 (i-c222fea0)>, <Node: node065 (i-c022fea2)>, <Node: node066 (i-c622fea4)>, <Node: node067 (i-c422fea6)>, <Node: node068 (i-ca22fea8)>, <Node: node069 (i-c822feaa)>, <Node: node070 (i-ce22feac)>, <Node: node071 (i-cc22feae)>, <Node: node072 (i-d222feb0)>, <Node: node073 (i-d022feb2)>, <Node: node074 (i-d622feb4)>, <Node: node075 (i-d422feb6)>, <Node: node076 (i-da22feb8)>, <Node: node077 (i-d822feba)>, <Node: node078 (i-de22febc)>, <Node: node079 (i-dc22febe)>, <Node: node080 (i-a222fec0)>, <Node: node081 (i-a022fec2)>, <Node: node082 (i-a622fec4)>, <Node: node083 (i-a422fec6)>, <Node: node084 (i-aa22fec8)>, <Node: node085 (i-a822feca)>, <Node: node086 (i-ae22fecc)>, <Node: node087 (i-ac22fece)>, <Node: node088 (i-b222fed0)>, <Node: node089 (i-b022fed2)>, <Node: node090 (i-b622fed4)>, <Node: node091 (i-b422fed6)>, <Node: node092 (i-ba22fed8)>, <Node: node093 (i-b822feda)>, <Node: node094 (i-be22fedc)>, <Node: node095 (i-bc22fede)>, <Node: node096 (i-8222fee0)>, <Node: node097 (i-8022fee2)>, <Node: node098 (i-8622fee4)>, <Node: node099 (i-8422fee6)>, <Node: node100 (i-8a22fee8)>, <Node: node101 (i-8822feea)>, <Node: node102 (i-8e22feec)>, <Node: node103 (i-8c22feee)>, <Node: node104 (i-9222fef0)>, <Node: node105 (i-9022fef2)>, <Node: node106 (i-9622fef4)>, <Node: node107 (i-9422fef6)>, <Node: node108 (i-9a22fef8)>, <Node: node109 (i-9822fefa)>, <Node: node110 (i-9e22fefc)>, <Node: node111 (i-9c22fefe)>, <Node: node112 (i-6223ff00)>, <Node: node113 (i-6023ff02)>, <Node: node114 (i-6623ff04)>, <Node: node115 (i-6423ff06)>, <Node: node116 (i-6a23ff08)>, <Node: node117 (i-6823ff0a)>, <Node: node118 (i-6e23ff0c)>, <Node: node119 (i-6c23ff0e)>, <Node: node120 (i-7223ff10)>, <Node: node121 (i-7023ff12)>, <Node: node122 (i-7623ff14)>, <Node: node123 (i-7423ff16)>, <Node: node124 (i-7a23ff18)>, <Node: node125 (i-7823ff1a)>, <Node: node126 (i-7e23ff1c)>, <Node: node127 (i-7c23ff1e)>, <Node: node128 (i-4223ff20)>, <Node: node129 (i-4023ff22)>, <Node: node130 (i-4623ff24)>, <Node: node131 (i-4423ff26)>, <Node: node132 (i-4a23ff28)>, <Node: node133 (i-4823ff2a)>, <Node: node134 (i-4e23ff2c)>, <Node: node135 (i-4c23ff2e)>, <Node: node136 (i-5223ff30)>, <Node: node137 (i-5023ff32)>, <Node: node138 (i-5623ff34)>, <Node: node139 (i-5423ff36)>, <Node: node140 (i-5a23ff38)>, <Node: node141 (i-5823ff3a)>, <Node: node142 (i-5e23ff3c)>, <Node: node143 (i-5c23ff3e)>, <Node: node144 (i-2223ff40)>, <Node: node145 (i-2023ff42)>, <Node: node146 (i-2623ff44)>, <Node: node147 (i-2423ff46)>, <Node: node148 (i-2a23ff48)>, <Node: node149 (i-2823ff4a)>, <Node: node150 (i-2e23ff4c)>, <Node: node151 (i-2c23ff4e)>, <Node: node152 (i-3223ff50)>, <Node: node153 (i-3023ff52)>, <Node: node154 (i-3623ff54)>, <Node: node155 (i-3423ff56)>, <Node: node156 (i-3a23ff58)>, <Node: node157 (i-3823ff5a)>, <Node: node158 (i-3e23ff5c)>, <Node: node159 (i-3c23ff5e)>, <Node: node160 (i-0223ff60)>, <Node: node161 (i-0023ff62)>, <Node: node162 (i-0623ff64)>, <Node: node163 (i-0423ff66)>, <Node: node164 (i-0a23ff68)>, <Node: node165 (i-0823ff6a)>, <Node: node166 (i-0e23ff6c)>, <Node: node167 (i-0c23ff6e)>, <Node: node168 (i-1223ff70)>, <Node: node169 (i-1023ff72)>, <Node: node170 (i-1623ff74)>, <Node: node171 (i-1423ff76)>, <Node: node172 (i-1a23ff78)>, <Node: node173 (i-1823ff7a)>, <Node: node174 (i-1e23ff7c)>, <Node: node175 (i-1c23ff7e)>, <Node: node176 (i-e223ff80)>, <Node: node177 (i-e023ff82)>, <Node: node178 (i-e623ff84)>, <Node: node179 (i-e423ff86)>, <Node: node180 (i-ea23ff88)>, <Node: node181 (i-e823ff8a)>, <Node: node182 (i-ee23ff8c)>, <Node: node183 (i-ec23ff8e)>, <Node: node184 (i-f223ff90)>, <Node: node185 (i-f023ff92)>, <Node: node186 (i-f623ff94)>, <Node: node187 (i-f423ff96)>, <Node: node188 (i-fa23ff98)>, <Node: node189 (i-f823ff9a)>, <Node: node190 (i-fe23ff9c)>, <Node: node191 (i-fc23ff9e)>, <Node: node192 (i-c223ffa0)>, <Node: node193 (i-c023ffa2)>, <Node: node194 (i-c623ffa4)>, <Node: node195 (i-c423ffa6)>, <Node: node196 (i-ca23ffa8)>, <Node: node197 (i-c823ffaa)>, <Node: node198 (i-ce23ffac)>, <Node: node199 (i-cc23ffae)>]
2011-12-22 03:18:28,686 PID: 30641 ssh.py:91 - DEBUG - connecting to host ec2-107-21-128-191.compute-1.amazonaws.com on port 22 as user root
2011-12-22 03:18:32,799 PID: 30641 ssh.py:91 - DEBUG - connecting to host ec2-107-21-67-51.compute-1.amazonaws.com on port 22 as user root
2011-12-22 03:19:06,522 PID: 30641 ssh.py:91 - DEBUG - connecting to host ec2-50-17-49-61.compute-1.amazonaws.com on port 22 as user root
2011-12-22 03:19:10,120 PID: 30641 ssh.py:91 - DEBUG - connecting to host ec2-174-129-113-209.compute-1.amazonaws.com on port 22 as user root
2011-12-22 03:19:30,366 PID: 30641 cluster.py:660 - DEBUG - existing nodes: {u'i-6423ff06': <Node: node115 (i-6423ff06)>, u'i-0022fe62': <Node: node033 (i-0022fe62)>, u'i-ae22fecc': <Node: node086 (i-ae22fecc)>, u'i-a822feca': <Node: node085 (i-a822feca)>, u'i-1e23ff7c': <Node: node174 (i-1e23ff7c)>, u'i-f423ff96': <Node: node187 (i-f423ff96)>, u'i-d622feb4': <Node: node074 (i-d622feb4)>, u'i-2022fe42': <Node: node017 (i-2022fe42)>, u'i-f422fe96': <Node: node059 (i-f422fe96)>, u'i-e222fe80': <Node: node048 (i-e222fe80)>, u'i-b222fed0': <Node: node088 (i-b222fed0)>, u'i-2c22fe4e': <Node: node023 (i-2c22fe4e)>, u'i-3822fe5a': <Node: node029 (i-3822fe5a)>, u'i-0c23ff6e': <Node: node167 (i-0c23ff6e)>, u'i-8c22feee': <Node: node103 (i-8c22feee)>, u'i-7c23ff1e': <Node: node127 (i-7c23ff1e)>, u'i-f623ff94': <Node: node186 (i-f623ff94)>, u'i-8822feea': <Node: node101 (i-8822feea)>, u'i-3222fe50': <Node: node024 (i-3222fe50)>, u'i-5222fe30': <Node: node009 (i-5222fe30)>, u'i-4822fe2a': <Node: node006 (i-4822fe2a)>, u'i-a622fec4': <Node: node082 (i-a622fec4)>, u'i-f823ff9a': <Node: node189 (i-f823ff9a)>, u'i-4423ff26': <Node: node131 (i-4423ff26)>, u'i-6223ff00': <Node: node112 (i-6223ff00)>, u'i-4a23ff28': <Node: node132 (i-4a23ff28)>, u'i-7c22fe1e': <Node: master (i-7c22fe1e)>, u'i-2623ff44': <Node: node146 (i-2623ff44)>, u'i-c222fea0': <Node: node064 (i-c222fea0)>, u'i-2823ff4a': <Node: node149 (i-2823ff4a)>, u'i-1c22fe7e': <Node: node047 (i-1c22fe7e)>, u'i-5e23ff3c': <Node: node142 (i-5e23ff3c)>, u'i-4e22fe2c': <Node: node007 (i-4e22fe2c)>, u'i-4c23ff2e': <Node: node135 (i-4c23ff2e)>, u'i-9222fef0': <Node: node104 (i-9222fef0)>, u'i-da22feb8': <Node: node076 (i-da22feb8)>, u'i-7e23ff1c': <Node: node126 (i-7e23ff1c)>, u'i-5e22fe3c': <Node: node014 (i-5e22fe3c)>, u'i-5a23ff38': <Node: node140 (i-5a23ff38)>, u'i-ce22feac': <Node: node070 (i-ce22feac)>, u'i-8022fee2': <Node: node097 (i-8022fee2)>, u'i-f822fe9a': <Node: node061 (i-f822fe9a)>, u'i-e223ff80': <Node: node176 (i-e223ff80)>, u'i-0c22fe6e': <Node: node039 (i-0c22fe6e)>, u'i-5223ff30': <Node: node136 (i-5223ff30)>, u'i-2622fe44': <Node: node018 (i-2622fe44)>, u'i-5423ff36': <Node: node139 (i-5423ff36)>, u'i-6823ff0a': <Node: node117 (i-6823ff0a)>, u'i-4222fe20': <Node: node001 (i-4222fe20)>, u'i-4823ff2a': <Node: node133 (i-4823ff2a)>, u'i-9422fef6': <Node: node107 (i-9422fef6)>, u'i-7423ff16': <Node: node123 (i-7423ff16)>, u'i-1622fe74': <Node: node042 (i-1622fe74)>, u'i-1c23ff7e': <Node: node175 (i-1c23ff7e)>, u'i-0423ff66': <Node: node163 (i-0423ff66)>, u'i-7823ff1a': <Node: node125 (i-7823ff1a)>, u'i-1a22fe78': <Node: node044 (i-1a22fe78)>, u'i-5023ff32': <Node: node137 (i-5023ff32)>, u'i-2423ff46': <Node: node147 (i-2423ff46)>, u'i-4022fe22': <Node: node002 (i-4022fe22)>, u'i-7023ff12': <Node: node121 (i-7023ff12)>, u'i-b622fed4': <Node: node090 (i-b622fed4)>, u'i-f222fe90': <Node: node056 (i-f222fe90)>, u'i-ee22fe8c': <Node: node054 (i-ee22fe8c)>, u'i-c022fea2': <Node: node065 (i-c022fea2)>, u'i-5c23ff3e': <Node: node143 (i-5c23ff3e)>, u'i-1a23ff78': <Node: node172 (i-1a23ff78)>, u'i-1623ff74': <Node: node170 (i-1623ff74)>, u'i-fc23ff9e': <Node: node191 (i-fc23ff9e)>, u'i-2e22fe4c': <Node: node022 (i-2e22fe4c)>, u'i-ee23ff8c': <Node: node182 (i-ee23ff8c)>, u'i-e022fe82': <Node: node049 (i-e022fe82)>, u'i-8e22feec': <Node: node102 (i-8e22feec)>, u'i-9a22fef8': <Node: node108 (i-9a22fef8)>, u'i-5a22fe38': <Node: node012 (i-5a22fe38)>, u'i-3c23ff5e': <Node: node159 (i-3c23ff5e)>, u'i-de22febc': <Node: node078 (i-de22febc)>, u'i-fa23ff98': <Node: node188 (i-fa23ff98)>, u'i-4622fe24': <Node: node003 (i-4622fe24)>, u'i-b422fed6': <Node: node091 (i-b422fed6)>, u'i-9622fef4': <Node: node106 (i-9622fef4)>, u'i-6023ff02': <Node: node113 (i-6023ff02)>, u'i-1823ff7a': <Node: node173 (i-1823ff7a)>, u'i-f022fe92': <Node: node057 (i-f022fe92)>, u'i-3423ff56': <Node: node155 (i-3423ff56)>, u'i-fc22fe9e': <Node: node063 (i-fc22fe9e)>, u'i-c623ffa4': <Node: node194 (i-c623ffa4)>, u'i-a222fec0': <Node: node080 (i-a222fec0)>, u'i-0223ff60': <Node: node160 (i-0223ff60)>, u'i-3823ff5a': <Node: node157 (i-3823ff5a)>, u'i-ce23ffac': <Node: node198 (i-ce23ffac)>, u'i-2a22fe48': <Node: node020 (i-2a22fe48)>, u'i-2a23ff48': <Node: node148 (i-2a23ff48)>, u'i-2222fe40': <Node: node016 (i-2222fe40)>, u'i-0422fe66': <Node: node035 (i-0422fe66)>, u'i-7223ff10': <Node: node120 (i-7223ff10)>, u'i-ec22fe8e': <Node: node055 (i-ec22fe8e)>, u'i-ea22fe88': <Node: node052 (i-ea22fe88)>, u'i-e422fe86': <Node: node051 (i-e422fe86)>, u'i-c223ffa0': <Node: node192 (i-c223ffa0)>, u'i-1023ff72': <Node: node169 (i-1023ff72)>, u'i-7a23ff18': <Node: node124 (i-7a23ff18)>, u'i-fe22fe9c': <Node: node062 (i-fe22fe9c)>, u'i-c423ffa6': <Node: node195 (i-c423ffa6)>, u'i-f622fe94': <Node: node058 (i-f622fe94)>, u'i-0622fe64': <Node: node034 (i-0622fe64)>, u'i-2023ff42': <Node: node145 (i-2023ff42)>, u'i-0e23ff6c': <Node: node166 (i-0e23ff6c)>, u'i-0823ff6a': <Node: node165 (i-0823ff6a)>, u'i-1022fe72': <Node: node041 (i-1022fe72)>, u'i-0623ff64': <Node: node162 (i-0623ff64)>, u'i-cc22feae': <Node: node071 (i-cc22feae)>, u'i-0a22fe68': <Node: node036 (i-0a22fe68)>, u'i-6623ff04': <Node: node114 (i-6623ff04)>, u'i-aa22fec8': <Node: node084 (i-aa22fec8)>, u'i-2e23ff4c': <Node: node150 (i-2e23ff4c)>, u'i-c422fea6': <Node: node067 (i-c422fea6)>, u'i-ea23ff88': <Node: node180 (i-ea23ff88)>, u'i-d022feb2': <Node: node073 (i-d022feb2)>, u'i-4e23ff2c': <Node: node134 (i-4e23ff2c)>, u'i-3e23ff5c': <Node: node158 (i-3e23ff5c)>, u'i-e623ff84': <Node: node178 (i-e623ff84)>, u'i-5823ff3a': <Node: node141 (i-5823ff3a)>, u'i-3e22fe5c': <Node: node030 (i-3e22fe5c)>, u'i-0822fe6a': <Node: node037 (i-0822fe6a)>, u'i-c622fea4': <Node: node066 (i-c622fea4)>, u'i-dc22febe': <Node: node079 (i-dc22febe)>, u'i-0023ff62': <Node: node161 (i-0023ff62)>, u'i-1223ff70': <Node: node168 (i-1223ff70)>, u'i-c023ffa2': <Node: node193 (i-c023ffa2)>, u'i-0e22fe6c': <Node: node038 (i-0e22fe6c)>, u'i-6e23ff0c': <Node: node118 (i-6e23ff0c)>, u'i-c823ffaa': <Node: node197 (i-c823ffaa)>, u'i-2822fe4a': <Node: node021 (i-2822fe4a)>, u'i-1e22fe7c': <Node: node046 (i-1e22fe7c)>, u'i-3a22fe58': <Node: node028 (i-3a22fe58)>, u'i-e023ff82': <Node: node177 (i-e023ff82)>, u'i-bc22fede': <Node: node095 (i-bc22fede)>, u'i-d422feb6': <Node: node075 (i-d422feb6)>, u'i-5623ff34': <Node: node138 (i-5623ff34)>, u'i-1222fe70': <Node: node040 (i-1222fe70)>, u'i-9022fef2': <Node: node105 (i-9022fef2)>, u'i-b022fed2': <Node: node089 (i-b022fed2)>, u'i-be22fedc': <Node: node094 (i-be22fedc)>, u'i-a422fec6': <Node: node083 (i-a422fec6)>, u'i-0a23ff68': <Node: node164 (i-0a23ff68)>, u'i-3022fe52': <Node: node025 (i-3022fe52)>, u'i-d222feb0': <Node: node072 (i-d222feb0)>, u'i-4223ff20': <Node: node128 (i-4223ff20)>, u'i-c822feaa': <Node: node069 (i-c822feaa)>, u'i-8622fee4': <Node: node098 (i-8622fee4)>, u'i-4c22fe2e': <Node: node008 (i-4c22fe2e)>, u'i-4623ff24': <Node: node130 (i-4623ff24)>, u'i-cc23ffae': <Node: node199 (i-cc23ffae)>, u'i-1822fe7a': <Node: node045 (i-1822fe7a)>, u'i-1422fe76': <Node: node043 (i-1422fe76)>, u'i-fe23ff9c': <Node: node190 (i-fe23ff9c)>, u'i-5822fe3a': <Node: node013 (i-5822fe3a)>, u'i-2223ff40': <Node: node144 (i-2223ff40)>, u'i-f223ff90': <Node: node184 (i-f223ff90)>, u'i-b822feda': <Node: node093 (i-b822feda)>, u'i-3422fe56': <Node: node027 (i-3422fe56)>, u'i-3223ff50': <Node: node152 (i-3223ff50)>, u'i-0222fe60': <Node: node032 (i-0222fe60)>, u'i-ec23ff8e': <Node: node183 (i-ec23ff8e)>, u'i-2422fe46': <Node: node019 (i-2422fe46)>, u'i-3623ff54': <Node: node154 (i-3623ff54)>, u'i-4422fe26': <Node: node004 (i-4422fe26)>, u'i-4a22fe28': <Node: node005 (i-4a22fe28)>, u'i-3023ff52': <Node: node153 (i-3023ff52)>, u'i-5622fe34': <Node: node010 (i-5622fe34)>, u'i-3c22fe5e': <Node: node031 (i-3c22fe5e)>, u'i-a022fec2': <Node: node081 (i-a022fec2)>, u'i-9822fefa': <Node: node109 (i-9822fefa)>, u'i-3622fe54': <Node: node026 (i-3622fe54)>, u'i-4023ff22': <Node: node129 (i-4023ff22)>, u'i-e622fe84': <Node: node050 (i-e622fe84)>, u'i-d822feba': <Node: node077 (i-d822feba)>, u'i-5c22fe3e': <Node: node015 (i-5c22fe3e)>, u'i-3a23ff58': <Node: node156 (i-3a23ff58)>, u'i-ca23ffa8': <Node: node196 (i-ca23ffa8)>, u'i-e423ff86': <Node: node179 (i-e423ff86)>, u'i-e823ff8a': <Node: node181 (i-e823ff8a)>, u'i-8422fee6': <Node: node099 (i-8422fee6)>, u'i-1423ff76': <Node: node171 (i-1423ff76)>, u'i-8222fee0': <Node: node096 (i-8222fee0)>, u'i-f023ff92': <Node: node185 (i-f023ff92)>, u'i-ac22fece': <Node: node087 (i-ac22fece)>, u'i-9e22fefc': <Node: node110 (i-9e22fefc)>, u'i-8a22fee8': <Node: node100 (i-8a22fee8)>, u'i-5422fe36': <Node: node011 (i-5422fe36)>, u'i-2c23ff4e': <Node: node151 (i-2c23ff4e)>, u'i-9c22fefe': <Node: node111 (i-9c22fefe)>, u'i-7623ff14': <Node: node122 (i-7623ff14)>, u'i-6a23ff08': <Node: node116 (i-6a23ff08)>, u'i-fa22fe98': <Node: node060 (i-fa22fe98)>, u'i-ca22fea8': <Node: node068 (i-ca22fea8)>, u'i-e822fe8a': <Node: node053 (i-e822fe8a)>, u'i-ba22fed8': <Node: node092 (i-ba22fed8)>, u'i-6c23ff0e': <Node: node119 (i-6c23ff0e)>}
2011-12-22 03:19:30,367 PID: 30641 cluster.py:663 - DEBUG - updating existing node i-7c22fe1e in self._nodes
2011-12-22 03:19:30,367 PID: 30641 cluster.py:663 - DEBUG - updating existing node i-4222fe20 in self._nodes
2011-12-22 03:19:30,367 PID: 30641 cluster.py:663 - DEBUG - updating existing node i-4022fe22 in self._nodes
2011-12-22 03:19:30,367 PID: 30641 cluster.py:663 - DEBUG - updating existing node i-4622fe24 in self._nodes
2011-12-22 03:19:30,368 PID: 30641 cluster.py:663 - DEBUG - updating existing node i-4422fe26 in self._nodes
2011-12-22 03:19:30,368 PID: 30641 cluster.py:663 - DEBUG - updating existing node i-4a22fe28 in self._nodes
2011-12-22 03:19:30,368 PID: 30641 cluster.py:663 - DEBUG - updating existing node i-4822fe2a in self._nodes
2011-12-22 03:19:30,368 PID: 30641 cluster.py:663 - DEBUG - updating existing node i-4e22fe2c in self._nodes
2011-12-22 03:19:30,369 PID: 30641 cluster.py:663 - DEBUG - updating existing node i-4c22fe2e in self._nodes
2011-12-22 03:19:30,369 PID: 30641 cluster.py:663 - DEBUG - updating existing node i-5222fe30 in self._nodes
2011-12-22 03:19:30,369 PID: 30641 cluster.py:663 - DEBUG - updating existing node i-5622fe34 in self._nodes
2011-12-22 03:19:30,369 PID: 30641 cluster.py:663 - DEBUG - updating existing node i-5422fe36 in self._nodes
2011-12-22 03:19:30,369 PID: 30641 cluster.py:663 - DEBUG - updating existing node i-5a22fe38 in self._nodes
2011-12-22 03:19:30,370 PID: 30641 cluster.py:663 - DEBUG - updating existing node i-5822fe3a in self._nodes
2011-12-22 03:19:30,370 PID: 30641 cluster.py:663 - DEBUG - updating existing node i-5e22fe3c in self._nodes
2011-12-22 03:19:30,370 PID: 30641 cluster.py:663 - DEBUG - updating existing node i-5c22fe3e in self._nodes
2011-12-22 03:19:30,370 PID: 30641 cluster.py:663 - DEBUG - updating existing node i-2222fe40 in self._nodes
2011-12-22 03:19:30,371 PID: 30641 cluster.py:663 - DEBUG - updating existing node i-2022fe42 in self._nodes
2011-12-22 03:19:30,371 PID: 30641 cluster.py:663 - DEBUG - updating existing node i-2622fe44 in self._nodes
2011-12-22 03:19:30,371 PID: 30641 cluster.py:663 - DEBUG - updating existing node i-2422fe46 in self._nodes
2011-12-22 03:19:30,371 PID: 30641 cluster.py:663 - DEBUG - updating existing node i-2a22fe48 in self._nodes
2011-12-22 03:19:30,372 PID: 30641 cluster.py:663 - DEBUG - updating existing node i-2822fe4a in self._nodes
2011-12-22 03:19:30,372 PID: 30641 cluster.py:663 - DEBUG - updating existing node i-2e22fe4c in self._nodes
2011-12-22 03:19:30,372 PID: 30641 cluster.py:663 - DEBUG - updating existing node i-2c22fe4e in self._nodes
2011-12-22 03:19:30,372 PID: 30641 cluster.py:663 - DEBUG - updating existing node i-3222fe50 in self._nodes
2011-12-22 03:19:30,372 PID: 30641 cluster.py:663 - DEBUG - updating existing node i-3022fe52 in self._nodes
2011-12-22 03:19:30,373 PID: 30641 cluster.py:663 - DEBUG - updating existing node i-3622fe54 in self._nodes
2011-12-22 03:19:30,373 PID: 30641 cluster.py:663 - DEBUG - updating existing node i-3422fe56 in self._nodes
2011-12-22 03:19:30,373 PID: 30641 cluster.py:663 - DEBUG - updating existing node i-3a22fe58 in self._nodes
2011-12-22 03:19:30,374 PID: 30641 cluster.py:663 - DEBUG - updating existing node i-3822fe5a in self._nodes
2011-12-22 03:19:30,374 PID: 30641 cluster.py:663 - DEBUG - updating existing node i-3e22fe5c in self._nodes
2011-12-22 03:19:30,374 PID: 30641 cluster.py:663 - DEBUG - updating existing node i-3c22fe5e in self._nodes
2011-12-22 03:19:30,374 PID: 30641 cluster.py:663 - DEBUG - updating existing node i-0222fe60 in self._nodes
2011-12-22 03:19:30,374 PID: 30641 cluster.py:663 - DEBUG - updating existing node i-0022fe62 in self._nodes
2011-12-22 03:19:30,375 PID: 30641 cluster.py:663 - DEBUG - updating existing node i-0622fe64 in self._nodes
2011-12-22 03:19:30,375 PID: 30641 cluster.py:663 - DEBUG - updating existing node i-0422fe66 in self._nodes
2011-12-22 03:19:30,375 PID: 30641 cluster.py:663 - DEBUG - updating existing node i-0a22fe68 in self._nodes
2011-12-22 03:19:30,375 PID: 30641 cluster.py:663 - DEBUG - updating existing node i-0822fe6a in self._nodes
2011-12-22 03:19:30,376 PID: 30641 cluster.py:663 - DEBUG - updating existing node i-0e22fe6c in self._nodes
2011-12-22 03:19:30,376 PID: 30641 cluster.py:663 - DEBUG - updating existing node i-0c22fe6e in self._nodes
2011-12-22 03:19:30,376 PID: 30641 cluster.py:663 - DEBUG - updating existing node i-1222fe70 in self._nodes
2011-12-22 03:19:30,376 PID: 30641 cluster.py:663 - DEBUG - updating existing node i-1022fe72 in self._nodes
2011-12-22 03:19:30,377 PID: 30641 cluster.py:663 - DEBUG - updating existing node i-1622fe74 in self._nodes
2011-12-22 03:19:30,377 PID: 30641 cluster.py:663 - DEBUG - updating existing node i-1422fe76 in self._nodes
2011-12-22 03:19:30,377 PID: 30641 cluster.py:663 - DEBUG - updating existing node i-1a22fe78 in self._nodes
2011-12-22 03:19:30,377 PID: 30641 cluster.py:663 - DEBUG - updating existing node i-1822fe7a in self._nodes
2011-12-22 03:19:30,377 PID: 30641 cluster.py:663 - DEBUG - updating existing node i-1e22fe7c in self._nodes
2011-12-22 03:19:30,378 PID: 30641 cluster.py:663 - DEBUG - updating existing node i-1c22fe7e in self._nodes
2011-12-22 03:19:30,378 PID: 30641 cluster.py:663 - DEBUG - updating existing node i-e222fe80 in self._nodes
2011-12-22 03:19:30,379 PID: 30641 cluster.py:663 - DEBUG - updating existing node i-e022fe82 in self._nodes
2011-12-22 03:19:30,379 PID: 30641 cluster.py:663 - DEBUG - updating existing node i-e622fe84 in self._nodes
2011-12-22 03:19:30,379 PID: 30641 cluster.py:663 - DEBUG - updating existing node i-e422fe86 in self._nodes
2011-12-22 03:19:30,380 PID: 30641 cluster.py:663 - DEBUG - updating existing node i-ea22fe88 in self._nodes
2011-12-22 03:19:30,380 PID: 30641 cluster.py:663 - DEBUG - updating existing node i-e822fe8a in self._nodes
2011-12-22 03:19:30,380 PID: 30641 cluster.py:663 - DEBUG - updating existing node i-ee22fe8c in self._nodes
2011-12-22 03:19:30,380 PID: 30641 cluster.py:663 - DEBUG - updating existing node i-ec22fe8e in self._nodes
2011-12-22 03:19:30,381 PID: 30641 cluster.py:663 - DEBUG - updating existing node i-f222fe90 in self._nodes
2011-12-22 03:19:30,381 PID: 30641 cluster.py:663 - DEBUG - updating existing node i-f022fe92 in self._nodes
2011-12-22 03:19:30,381 PID: 30641 cluster.py:663 - DEBUG - updating existing node i-f622fe94 in self._nodes
2011-12-22 03:19:30,381 PID: 30641 cluster.py:663 - DEBUG - updating existing node i-f422fe96 in self._nodes
2011-12-22 03:19:30,382 PID: 30641 cluster.py:663 - DEBUG - updating existing node i-fa22fe98 in self._nodes
2011-12-22 03:19:30,383 PID: 30641 cluster.py:663 - DEBUG - updating existing node i-f822fe9a in self._nodes
2011-12-22 03:19:30,384 PID: 30641 cluster.py:663 - DEBUG - updating existing node i-fe22fe9c in self._nodes
2011-12-22 03:19:30,384 PID: 30641 cluster.py:663 - DEBUG - updating existing node i-fc22fe9e in self._nodes
2011-12-22 03:19:30,384 PID: 30641 cluster.py:663 - DEBUG - updating existing node i-c222fea0 in self._nodes
2011-12-22 03:19:30,385 PID: 30641 cluster.py:663 - DEBUG - updating existing node i-c022fea2 in self._nodes
2011-12-22 03:19:30,386 PID: 30641 cluster.py:663 - DEBUG - updating existing node i-c622fea4 in self._nodes
2011-12-22 03:19:30,386 PID: 30641 cluster.py:663 - DEBUG - updating existing node i-c422fea6 in self._nodes
2011-12-22 03:19:30,386 PID: 30641 cluster.py:663 - DEBUG - updating existing node i-ca22fea8 in self._nodes
2011-12-22 03:19:30,386 PID: 30641 cluster.py:663 - DEBUG - updating existing node i-c822feaa in self._nodes
2011-12-22 03:19:30,386 PID: 30641 cluster.py:663 - DEBUG - updating existing node i-ce22feac in self._nodes
2011-12-22 03:19:30,388 PID: 30641 cluster.py:663 - DEBUG - updating existing node i-cc22feae in self._nodes
2011-12-22 03:19:30,388 PID: 30641 cluster.py:663 - DEBUG - updating existing node i-d222feb0 in self._nodes
2011-12-22 03:19:30,388 PID: 30641 cluster.py:663 - DEBUG - updating existing node i-d022feb2 in self._nodes
2011-12-22 03:19:30,389 PID: 30641 cluster.py:663 - DEBUG - updating existing node i-d622feb4 in self._nodes
2011-12-22 03:19:30,389 PID: 30641 cluster.py:663 - DEBUG - updating existing node i-d422feb6 in self._nodes
2011-12-22 03:19:30,389 PID: 30641 cluster.py:663 - DEBUG - updating existing node i-da22feb8 in self._nodes
2011-12-22 03:19:30,390 PID: 30641 cluster.py:663 - DEBUG - updating existing node i-d822feba in self._nodes
2011-12-22 03:19:30,390 PID: 30641 cluster.py:663 - DEBUG - updating existing node i-de22febc in self._nodes
2011-12-22 03:19:30,390 PID: 30641 cluster.py:663 - DEBUG - updating existing node i-dc22febe in self._nodes
2011-12-22 03:19:30,390 PID: 30641 cluster.py:663 - DEBUG - updating existing node i-a222fec0 in self._nodes
2011-12-22 03:19:30,391 PID: 30641 cluster.py:663 - DEBUG - updating existing node i-a022fec2 in self._nodes
2011-12-22 03:19:30,391 PID: 30641 cluster.py:663 - DEBUG - updating existing node i-a622fec4 in self._nodes
2011-12-22 03:19:30,391 PID: 30641 cluster.py:663 - DEBUG - updating existing node i-a422fec6 in self._nodes
2011-12-22 03:19:30,391 PID: 30641 cluster.py:663 - DEBUG - updating existing node i-aa22fec8 in self._nodes
2011-12-22 03:19:30,392 PID: 30641 cluster.py:663 - DEBUG - updating existing node i-a822feca in self._nodes
2011-12-22 03:19:30,392 PID: 30641 cluster.py:663 - DEBUG - updating existing node i-ae22fecc in self._nodes
2011-12-22 03:19:30,392 PID: 30641 cluster.py:663 - DEBUG - updating existing node i-ac22fece in self._nodes
2011-12-22 03:19:30,393 PID: 30641 cluster.py:663 - DEBUG - updating existing node i-b222fed0 in self._nodes
2011-12-22 03:19:30,393 PID: 30641 cluster.py:663 - DEBUG - updating existing node i-b022fed2 in self._nodes
2011-12-22 03:19:30,393 PID: 30641 cluster.py:663 - DEBUG - updating existing node i-b622fed4 in self._nodes
2011-12-22 03:19:30,394 PID: 30641 cluster.py:663 - DEBUG - updating existing node i-b422fed6 in self._nodes
2011-12-22 03:19:30,394 PID: 30641 cluster.py:663 - DEBUG - updating existing node i-ba22fed8 in self._nodes
2011-12-22 03:19:30,394 PID: 30641 cluster.py:663 - DEBUG - updating existing node i-b822feda in self._nodes
2011-12-22 03:19:30,395 PID: 30641 cluster.py:663 - DEBUG - updating existing node i-be22fedc in self._nodes
2011-12-22 03:19:30,395 PID: 30641 cluster.py:663 - DEBUG - updating existing node i-bc22fede in self._nodes
2011-12-22 03:19:30,395 PID: 30641 cluster.py:663 - DEBUG - updating existing node i-8222fee0 in self._nodes
2011-12-22 03:19:30,395 PID: 30641 cluster.py:663 - DEBUG - updating existing node i-8022fee2 in self._nodes
2011-12-22 03:19:30,396 PID: 30641 cluster.py:663 - DEBUG - updating existing node i-8622fee4 in self._nodes
2011-12-22 03:19:30,396 PID: 30641 cluster.py:663 - DEBUG - updating existing node i-8422fee6 in self._nodes
2011-12-22 03:19:30,396 PID: 30641 cluster.py:663 - DEBUG - updating existing node i-8a22fee8 in self._nodes
2011-12-22 03:19:30,396 PID: 30641 cluster.py:663 - DEBUG - updating existing node i-8822feea in self._nodes
2011-12-22 03:19:30,397 PID: 30641 cluster.py:663 - DEBUG - updating existing node i-8e22feec in self._nodes
2011-12-22 03:19:30,397 PID: 30641 cluster.py:663 - DEBUG - updating existing node i-8c22feee in self._nodes
2011-12-22 03:19:30,397 PID: 30641 cluster.py:663 - DEBUG - updating existing node i-9222fef0 in self._nodes
2011-12-22 03:19:30,397 PID: 30641 cluster.py:663 - DEBUG - updating existing node i-9022fef2 in self._nodes
2011-12-22 03:19:30,397 PID: 30641 cluster.py:663 - DEBUG - updating existing node i-9622fef4 in self._nodes
2011-12-22 03:19:30,398 PID: 30641 cluster.py:663 - DEBUG - updating existing node i-9422fef6 in self._nodes
2011-12-22 03:19:30,398 PID: 30641 cluster.py:663 - DEBUG - updating existing node i-9a22fef8 in self._nodes
2011-12-22 03:19:30,398 PID: 30641 cluster.py:663 - DEBUG - updating existing node i-9822fefa in self._nodes
2011-12-22 03:19:30,398 PID: 30641 cluster.py:663 - DEBUG - updating existing node i-9e22fefc in self._nodes
2011-12-22 03:19:30,399 PID: 30641 cluster.py:663 - DEBUG - updating existing node i-9c22fefe in self._nodes
2011-12-22 03:19:30,399 PID: 30641 cluster.py:663 - DEBUG - updating existing node i-6223ff00 in self._nodes
2011-12-22 03:19:30,399 PID: 30641 cluster.py:663 - DEBUG - updating existing node i-6023ff02 in self._nodes
2011-12-22 03:19:30,399 PID: 30641 cluster.py:663 - DEBUG - updating existing node i-6623ff04 in self._nodes
2011-12-22 03:19:30,400 PID: 30641 cluster.py:663 - DEBUG - updating existing node i-6423ff06 in self._nodes
2011-12-22 03:19:30,400 PID: 30641 cluster.py:663 - DEBUG - updating existing node i-6a23ff08 in self._nodes
2011-12-22 03:19:30,400 PID: 30641 cluster.py:663 - DEBUG - updating existing node i-6823ff0a in self._nodes
2011-12-22 03:19:30,400 PID: 30641 cluster.py:663 - DEBUG - updating existing node i-6e23ff0c in self._nodes
2011-12-22 03:19:30,401 PID: 30641 cluster.py:663 - DEBUG - updating existing node i-6c23ff0e in self._nodes
2011-12-22 03:19:30,401 PID: 30641 cluster.py:663 - DEBUG - updating existing node i-7223ff10 in self._nodes
2011-12-22 03:19:30,401 PID: 30641 cluster.py:663 - DEBUG - updating existing node i-7023ff12 in self._nodes
2011-12-22 03:19:30,402 PID: 30641 cluster.py:663 - DEBUG - updating existing node i-7623ff14 in self._nodes
2011-12-22 03:19:30,402 PID: 30641 cluster.py:663 - DEBUG - updating existing node i-7423ff16 in self._nodes
2011-12-22 03:19:30,402 PID: 30641 cluster.py:663 - DEBUG - updating existing node i-7a23ff18 in self._nodes
2011-12-22 03:19:30,402 PID: 30641 cluster.py:663 - DEBUG - updating existing node i-7823ff1a in self._nodes
2011-12-22 03:19:30,403 PID: 30641 cluster.py:663 - DEBUG - updating existing node i-7e23ff1c in self._nodes
2011-12-22 03:19:30,403 PID: 30641 cluster.py:663 - DEBUG - updating existing node i-7c23ff1e in self._nodes
2011-12-22 03:19:30,403 PID: 30641 cluster.py:663 - DEBUG - updating existing node i-4223ff20 in self._nodes
2011-12-22 03:19:30,403 PID: 30641 cluster.py:663 - DEBUG - updating existing node i-4023ff22 in self._nodes
2011-12-22 03:19:30,403 PID: 30641 cluster.py:663 - DEBUG - updating existing node i-4623ff24 in self._nodes
2011-12-22 03:19:30,404 PID: 30641 cluster.py:663 - DEBUG - updating existing node i-4423ff26 in self._nodes
2011-12-22 03:19:30,404 PID: 30641 cluster.py:663 - DEBUG - updating existing node i-4a23ff28 in self._nodes
2011-12-22 03:19:30,404 PID: 30641 cluster.py:663 - DEBUG - updating existing node i-4823ff2a in self._nodes
2011-12-22 03:19:30,404 PID: 30641 cluster.py:663 - DEBUG - updating existing node i-4e23ff2c in self._nodes
2011-12-22 03:19:30,405 PID: 30641 cluster.py:663 - DEBUG - updating existing node i-4c23ff2e in self._nodes
2011-12-22 03:19:30,405 PID: 30641 cluster.py:663 - DEBUG - updating existing node i-5223ff30 in self._nodes
2011-12-22 03:19:30,405 PID: 30641 cluster.py:663 - DEBUG - updating existing node i-5023ff32 in self._nodes
2011-12-22 03:19:30,405 PID: 30641 cluster.py:663 - DEBUG - updating existing node i-5623ff34 in self._nodes
2011-12-22 03:19:30,406 PID: 30641 cluster.py:663 - DEBUG - updating existing node i-5423ff36 in self._nodes
2011-12-22 03:19:30,406 PID: 30641 cluster.py:663 - DEBUG - updating existing node i-5a23ff38 in self._nodes
2011-12-22 03:19:30,406 PID: 30641 cluster.py:663 - DEBUG - updating existing node i-5823ff3a in self._nodes
2011-12-22 03:19:30,406 PID: 30641 cluster.py:663 - DEBUG - updating existing node i-5e23ff3c in self._nodes
2011-12-22 03:19:30,406 PID: 30641 cluster.py:663 - DEBUG - updating existing node i-5c23ff3e in self._nodes
2011-12-22 03:19:30,407 PID: 30641 cluster.py:663 - DEBUG - updating existing node i-2223ff40 in self._nodes
2011-12-22 03:19:30,407 PID: 30641 cluster.py:663 - DEBUG - updating existing node i-2023ff42 in self._nodes
2011-12-22 03:19:30,407 PID: 30641 cluster.py:663 - DEBUG - updating existing node i-2623ff44 in self._nodes
2011-12-22 03:19:30,407 PID: 30641 cluster.py:663 - DEBUG - updating existing node i-2423ff46 in self._nodes
2011-12-22 03:19:30,408 PID: 30641 cluster.py:663 - DEBUG - updating existing node i-2a23ff48 in self._nodes
2011-12-22 03:19:30,408 PID: 30641 cluster.py:663 - DEBUG - updating existing node i-2823ff4a in self._nodes
2011-12-22 03:19:30,408 PID: 30641 cluster.py:663 - DEBUG - updating existing node i-2e23ff4c in self._nodes
2011-12-22 03:19:30,408 PID: 30641 cluster.py:663 - DEBUG - updating existing node i-2c23ff4e in self._nodes
2011-12-22 03:19:30,409 PID: 30641 cluster.py:663 - DEBUG - updating existing node i-3223ff50 in self._nodes
2011-12-22 03:19:30,409 PID: 30641 cluster.py:663 - DEBUG - updating existing node i-3023ff52 in self._nodes
2011-12-22 03:19:30,409 PID: 30641 cluster.py:663 - DEBUG - updating existing node i-3623ff54 in self._nodes
2011-12-22 03:19:30,409 PID: 30641 cluster.py:663 - DEBUG - updating existing node i-3423ff56 in self._nodes
2011-12-22 03:19:30,409 PID: 30641 cluster.py:663 - DEBUG - updating existing node i-3a23ff58 in self._nodes
2011-12-22 03:19:30,410 PID: 30641 cluster.py:663 - DEBUG - updating existing node i-3823ff5a in self._nodes
2011-12-22 03:19:30,411 PID: 30641 cluster.py:663 - DEBUG - updating existing node i-3e23ff5c in self._nodes
2011-12-22 03:19:30,411 PID: 30641 cluster.py:663 - DEBUG - updating existing node i-3c23ff5e in self._nodes
2011-12-22 03:19:30,411 PID: 30641 cluster.py:663 - DEBUG - updating existing node i-0223ff60 in self._nodes
2011-12-22 03:19:30,411 PID: 30641 cluster.py:663 - DEBUG - updating existing node i-0023ff62 in self._nodes
2011-12-22 03:19:30,411 PID: 30641 cluster.py:663 - DEBUG - updating existing node i-0623ff64 in self._nodes
2011-12-22 03:19:30,412 PID: 30641 cluster.py:663 - DEBUG - updating existing node i-0423ff66 in self._nodes
2011-12-22 03:19:30,412 PID: 30641 cluster.py:663 - DEBUG - updating existing node i-0a23ff68 in self._nodes
2011-12-22 03:19:30,412 PID: 30641 cluster.py:663 - DEBUG - updating existing node i-0823ff6a in self._nodes
2011-12-22 03:19:30,412 PID: 30641 cluster.py:663 - DEBUG - updating existing node i-0e23ff6c in self._nodes
2011-12-22 03:19:30,413 PID: 30641 cluster.py:663 - DEBUG - updating existing node i-0c23ff6e in self._nodes
2011-12-22 03:19:30,413 PID: 30641 cluster.py:663 - DEBUG - updating existing node i-1223ff70 in self._nodes
2011-12-22 03:19:30,413 PID: 30641 cluster.py:663 - DEBUG - updating existing node i-1023ff72 in self._nodes
2011-12-22 03:19:30,413 PID: 30641 cluster.py:663 - DEBUG - updating existing node i-1623ff74 in self._nodes
2011-12-22 03:19:30,414 PID: 30641 cluster.py:663 - DEBUG - updating existing node i-1423ff76 in self._nodes
2011-12-22 03:19:30,414 PID: 30641 cluster.py:663 - DEBUG - updating existing node i-1a23ff78 in self._nodes
2011-12-22 03:19:30,414 PID: 30641 cluster.py:663 - DEBUG - updating existing node i-1823ff7a in self._nodes
2011-12-22 03:19:30,414 PID: 30641 cluster.py:663 - DEBUG - updating existing node i-1e23ff7c in self._nodes
2011-12-22 03:19:30,415 PID: 30641 cluster.py:663 - DEBUG - updating existing node i-1c23ff7e in self._nodes
2011-12-22 03:19:30,415 PID: 30641 cluster.py:663 - DEBUG - updating existing node i-e223ff80 in self._nodes
2011-12-22 03:19:30,415 PID: 30641 cluster.py:663 - DEBUG - updating existing node i-e023ff82 in self._nodes
2011-12-22 03:19:30,415 PID: 30641 cluster.py:663 - DEBUG - updating existing node i-e623ff84 in self._nodes
2011-12-22 03:19:30,415 PID: 30641 cluster.py:663 - DEBUG - updating existing node i-e423ff86 in self._nodes
2011-12-22 03:19:30,416 PID: 30641 cluster.py:663 - DEBUG - updating existing node i-ea23ff88 in self._nodes
2011-12-22 03:19:30,416 PID: 30641 cluster.py:663 - DEBUG - updating existing node i-e823ff8a in self._nodes
2011-12-22 03:19:30,416 PID: 30641 cluster.py:663 - DEBUG - updating existing node i-ee23ff8c in self._nodes
2011-12-22 03:19:30,416 PID: 30641 cluster.py:663 - DEBUG - updating existing node i-ec23ff8e in self._nodes
2011-12-22 03:19:30,417 PID: 30641 cluster.py:663 - DEBUG - updating existing node i-f223ff90 in self._nodes
2011-12-22 03:19:30,417 PID: 30641 cluster.py:663 - DEBUG - updating existing node i-f023ff92 in self._nodes
2011-12-22 03:19:30,417 PID: 30641 cluster.py:663 - DEBUG - updating existing node i-f623ff94 in self._nodes
2011-12-22 03:19:30,417 PID: 30641 cluster.py:663 - DEBUG - updating existing node i-f423ff96 in self._nodes
2011-12-22 03:19:30,417 PID: 30641 cluster.py:663 - DEBUG - updating existing node i-fa23ff98 in self._nodes
2011-12-22 03:19:30,418 PID: 30641 cluster.py:663 - DEBUG - updating existing node i-f823ff9a in self._nodes
2011-12-22 03:19:30,418 PID: 30641 cluster.py:663 - DEBUG - updating existing node i-fe23ff9c in self._nodes
2011-12-22 03:19:30,418 PID: 30641 cluster.py:663 - DEBUG - updating existing node i-fc23ff9e in self._nodes
2011-12-22 03:19:30,418 PID: 30641 cluster.py:663 - DEBUG - updating existing node i-c223ffa0 in self._nodes
2011-12-22 03:19:30,419 PID: 30641 cluster.py:663 - DEBUG - updating existing node i-c023ffa2 in self._nodes
2011-12-22 03:19:30,419 PID: 30641 cluster.py:663 - DEBUG - updating existing node i-c623ffa4 in self._nodes
2011-12-22 03:19:30,419 PID: 30641 cluster.py:663 - DEBUG - updating existing node i-c423ffa6 in self._nodes
2011-12-22 03:19:30,419 PID: 30641 cluster.py:663 - DEBUG - updating existing node i-ca23ffa8 in self._nodes
2011-12-22 03:19:30,420 PID: 30641 cluster.py:663 - DEBUG - updating existing node i-c823ffaa in self._nodes
2011-12-22 03:19:30,420 PID: 30641 cluster.py:663 - DEBUG - updating existing node i-ce23ffac in self._nodes
2011-12-22 03:19:30,420 PID: 30641 cluster.py:663 - DEBUG - updating existing node i-cc23ffae in self._nodes
2011-12-22 03:19:30,421 PID: 30641 cluster.py:676 - DEBUG - returning self._nodes = [<Node: master (i-7c22fe1e)>, <Node: node001 (i-4222fe20)>, <Node: node002 (i-4022fe22)>, <Node: node003 (i-4622fe24)>, <Node: node004 (i-4422fe26)>, <Node: node005 (i-4a22fe28)>, <Node: node006 (i-4822fe2a)>, <Node: node007 (i-4e22fe2c)>, <Node: node008 (i-4c22fe2e)>, <Node: node009 (i-5222fe30)>, <Node: node010 (i-5622fe34)>, <Node: node011 (i-5422fe36)>, <Node: node012 (i-5a22fe38)>, <Node: node013 (i-5822fe3a)>, <Node: node014 (i-5e22fe3c)>, <Node: node015 (i-5c22fe3e)>, <Node: node016 (i-2222fe40)>, <Node: node017 (i-2022fe42)>, <Node: node018 (i-2622fe44)>, <Node: node019 (i-2422fe46)>, <Node: node020 (i-2a22fe48)>, <Node: node021 (i-2822fe4a)>, <Node: node022 (i-2e22fe4c)>, <Node: node023 (i-2c22fe4e)>, <Node: node024 (i-3222fe50)>, <Node: node025 (i-3022fe52)>, <Node: node026 (i-3622fe54)>, <Node: node027 (i-3422fe56)>, <Node: node028 (i-3a22fe58)>, <Node: node029 (i-3822fe5a)>, <Node: node030 (i-3e22fe5c)>, <Node: node031 (i-3c22fe5e)>, <Node: node032 (i-0222fe60)>, <Node: node033 (i-0022fe62)>, <Node: node034 (i-0622fe64)>, <Node: node035 (i-0422fe66)>, <Node: node036 (i-0a22fe68)>, <Node: node037 (i-0822fe6a)>, <Node: node038 (i-0e22fe6c)>, <Node: node039 (i-0c22fe6e)>, <Node: node040 (i-1222fe70)>, <Node: node041 (i-1022fe72)>, <Node: node042 (i-1622fe74)>, <Node: node043 (i-1422fe76)>, <Node: node044 (i-1a22fe78)>, <Node: node045 (i-1822fe7a)>, <Node: node046 (i-1e22fe7c)>, <Node: node047 (i-1c22fe7e)>, <Node: node048 (i-e222fe80)>, <Node: node049 (i-e022fe82)>, <Node: node050 (i-e622fe84)>, <Node: node051 (i-e422fe86)>, <Node: node052 (i-ea22fe88)>, <Node: node053 (i-e822fe8a)>, <Node: node054 (i-ee22fe8c)>, <Node: node055 (i-ec22fe8e)>, <Node: node056 (i-f222fe90)>, <Node: node057 (i-f022fe92)>, <Node: node058 (i-f622fe94)>, <Node: node059 (i-f422fe96)>, <Node: node060 (i-fa22fe98)>, <Node: node061 (i-f822fe9a)>, <Node: node062 (i-fe22fe9c)>, <Node: node063 (i-fc22fe9e)>, <Node: node064 (i-c222fea0)>, <Node: node065 (i-c022fea2)>, <Node: node066 (i-c622fea4)>, <Node: node067 (i-c422fea6)>, <Node: node068 (i-ca22fea8)>, <Node: node069 (i-c822feaa)>, <Node: node070 (i-ce22feac)>, <Node: node071 (i-cc22feae)>, <Node: node072 (i-d222feb0)>, <Node: node073 (i-d022feb2)>, <Node: node074 (i-d622feb4)>, <Node: node075 (i-d422feb6)>, <Node: node076 (i-da22feb8)>, <Node: node077 (i-d822feba)>, <Node: node078 (i-de22febc)>, <Node: node079 (i-dc22febe)>, <Node: node080 (i-a222fec0)>, <Node: node081 (i-a022fec2)>, <Node: node082 (i-a622fec4)>, <Node: node083 (i-a422fec6)>, <Node: node084 (i-aa22fec8)>, <Node: node085 (i-a822feca)>, <Node: node086 (i-ae22fecc)>, <Node: node087 (i-ac22fece)>, <Node: node088 (i-b222fed0)>, <Node: node089 (i-b022fed2)>, <Node: node090 (i-b622fed4)>, <Node: node091 (i-b422fed6)>, <Node: node092 (i-ba22fed8)>, <Node: node093 (i-b822feda)>, <Node: node094 (i-be22fedc)>, <Node: node095 (i-bc22fede)>, <Node: node096 (i-8222fee0)>, <Node: node097 (i-8022fee2)>, <Node: node098 (i-8622fee4)>, <Node: node099 (i-8422fee6)>, <Node: node100 (i-8a22fee8)>, <Node: node101 (i-8822feea)>, <Node: node102 (i-8e22feec)>, <Node: node103 (i-8c22feee)>, <Node: node104 (i-9222fef0)>, <Node: node105 (i-9022fef2)>, <Node: node106 (i-9622fef4)>, <Node: node107 (i-9422fef6)>, <Node: node108 (i-9a22fef8)>, <Node: node109 (i-9822fefa)>, <Node: node110 (i-9e22fefc)>, <Node: node111 (i-9c22fefe)>, <Node: node112 (i-6223ff00)>, <Node: node113 (i-6023ff02)>, <Node: node114 (i-6623ff04)>, <Node: node115 (i-6423ff06)>, <Node: node116 (i-6a23ff08)>, <Node: node117 (i-6823ff0a)>, <Node: node118 (i-6e23ff0c)>, <Node: node119 (i-6c23ff0e)>, <Node: node120 (i-7223ff10)>, <Node: node121 (i-7023ff12)>, <Node: node122 (i-7623ff14)>, <Node: node123 (i-7423ff16)>, <Node: node124 (i-7a23ff18)>, <Node: node125 (i-7823ff1a)>, <Node: node126 (i-7e23ff1c)>, <Node: node127 (i-7c23ff1e)>, <Node: node128 (i-4223ff20)>, <Node: node129 (i-4023ff22)>, <Node: node130 (i-4623ff24)>, <Node: node131 (i-4423ff26)>, <Node: node132 (i-4a23ff28)>, <Node: node133 (i-4823ff2a)>, <Node: node134 (i-4e23ff2c)>, <Node: node135 (i-4c23ff2e)>, <Node: node136 (i-5223ff30)>, <Node: node137 (i-5023ff32)>, <Node: node138 (i-5623ff34)>, <Node: node139 (i-5423ff36)>, <Node: node140 (i-5a23ff38)>, <Node: node141 (i-5823ff3a)>, <Node: node142 (i-5e23ff3c)>, <Node: node143 (i-5c23ff3e)>, <Node: node144 (i-2223ff40)>, <Node: node145 (i-2023ff42)>, <Node: node146 (i-2623ff44)>, <Node: node147 (i-2423ff46)>, <Node: node148 (i-2a23ff48)>, <Node: node149 (i-2823ff4a)>, <Node: node150 (i-2e23ff4c)>, <Node: node151 (i-2c23ff4e)>, <Node: node152 (i-3223ff50)>, <Node: node153 (i-3023ff52)>, <Node: node154 (i-3623ff54)>, <Node: node155 (i-3423ff56)>, <Node: node156 (i-3a23ff58)>, <Node: node157 (i-3823ff5a)>, <Node: node158 (i-3e23ff5c)>, <Node: node159 (i-3c23ff5e)>, <Node: node160 (i-0223ff60)>, <Node: node161 (i-0023ff62)>, <Node: node162 (i-0623ff64)>, <Node: node163 (i-0423ff66)>, <Node: node164 (i-0a23ff68)>, <Node: node165 (i-0823ff6a)>, <Node: node166 (i-0e23ff6c)>, <Node: node167 (i-0c23ff6e)>, <Node: node168 (i-1223ff70)>, <Node: node169 (i-1023ff72)>, <Node: node170 (i-1623ff74)>, <Node: node171 (i-1423ff76)>, <Node: node172 (i-1a23ff78)>, <Node: node173 (i-1823ff7a)>, <Node: node174 (i-1e23ff7c)>, <Node: node175 (i-1c23ff7e)>, <Node: node176 (i-e223ff80)>, <Node: node177 (i-e023ff82)>, <Node: node178 (i-e623ff84)>, <Node: node179 (i-e423ff86)>, <Node: node180 (i-ea23ff88)>, <Node: node181 (i-e823ff8a)>, <Node: node182 (i-ee23ff8c)>, <Node: node183 (i-ec23ff8e)>, <Node: node184 (i-f223ff90)>, <Node: node185 (i-f023ff92)>, <Node: node186 (i-f623ff94)>, <Node: node187 (i-f423ff96)>, <Node: node188 (i-fa23ff98)>, <Node: node189 (i-f823ff9a)>, <Node: node190 (i-fe23ff9c)>, <Node: node191 (i-fc23ff9e)>, <Node: node192 (i-c223ffa0)>, <Node: node193 (i-c023ffa2)>, <Node: node194 (i-c623ffa4)>, <Node: node195 (i-c423ffa6)>, <Node: node196 (i-ca23ffa8)>, <Node: node197 (i-c823ffaa)>, <Node: node198 (i-ce23ffac)>, <Node: node199 (i-cc23ffae)>]
2011-12-22 03:19:38,604 PID: 30641 ssh.py:91 - DEBUG - connecting to host ec2-107-21-128-191.compute-1.amazonaws.com on port 22 as user root
2011-12-22 03:19:42,769 PID: 30641 ssh.py:91 - DEBUG - connecting to host ec2-107-21-67-51.compute-1.amazonaws.com on port 22 as user root
2011-12-22 03:20:16,808 PID: 30641 ssh.py:91 - DEBUG - connecting to host ec2-50-17-49-61.compute-1.amazonaws.com on port 22 as user root
2011-12-22 03:20:20,469 PID: 30641 ssh.py:91 - DEBUG - connecting to host ec2-174-129-113-209.compute-1.amazonaws.com on port 22 as user root
2011-12-22 03:20:40,881 PID: 30641 cluster.py:660 - DEBUG - existing nodes: {u'i-6423ff06': <Node: node115 (i-6423ff06)>, u'i-0022fe62': <Node: node033 (i-0022fe62)>, u'i-ae22fecc': <Node: node086 (i-ae22fecc)>, u'i-a822feca': <Node: node085 (i-a822feca)>, u'i-1e23ff7c': <Node: node174 (i-1e23ff7c)>, u'i-f423ff96': <Node: node187 (i-f423ff96)>, u'i-d622feb4': <Node: node074 (i-d622feb4)>, u'i-2022fe42': <Node: node017 (i-2022fe42)>, u'i-f422fe96': <Node: node059 (i-f422fe96)>, u'i-e222fe80': <Node: node048 (i-e222fe80)>, u'i-b222fed0': <Node: node088 (i-b222fed0)>, u'i-2c22fe4e': <Node: node023 (i-2c22fe4e)>, u'i-3822fe5a': <Node: node029 (i-3822fe5a)>, u'i-0c23ff6e': <Node: node167 (i-0c23ff6e)>, u'i-8c22feee': <Node: node103 (i-8c22feee)>, u'i-7c23ff1e': <Node: node127 (i-7c23ff1e)>, u'i-f623ff94': <Node: node186 (i-f623ff94)>, u'i-8822feea': <Node: node101 (i-8822feea)>, u'i-3222fe50': <Node: node024 (i-3222fe50)>, u'i-5222fe30': <Node: node009 (i-5222fe30)>, u'i-4822fe2a': <Node: node006 (i-4822fe2a)>, u'i-a622fec4': <Node: node082 (i-a622fec4)>, u'i-f823ff9a': <Node: node189 (i-f823ff9a)>, u'i-4423ff26': <Node: node131 (i-4423ff26)>, u'i-6223ff00': <Node: node112 (i-6223ff00)>, u'i-4a23ff28': <Node: node132 (i-4a23ff28)>, u'i-7c22fe1e': <Node: master (i-7c22fe1e)>, u'i-2623ff44': <Node: node146 (i-2623ff44)>, u'i-c222fea0': <Node: node064 (i-c222fea0)>, u'i-2823ff4a': <Node: node149 (i-2823ff4a)>, u'i-1c22fe7e': <Node: node047 (i-1c22fe7e)>, u'i-5e23ff3c': <Node: node142 (i-5e23ff3c)>, u'i-4e22fe2c': <Node: node007 (i-4e22fe2c)>, u'i-4c23ff2e': <Node: node135 (i-4c23ff2e)>, u'i-9222fef0': <Node: node104 (i-9222fef0)>, u'i-da22feb8': <Node: node076 (i-da22feb8)>, u'i-7e23ff1c': <Node: node126 (i-7e23ff1c)>, u'i-5e22fe3c': <Node: node014 (i-5e22fe3c)>, u'i-5a23ff38': <Node: node140 (i-5a23ff38)>, u'i-ce22feac': <Node: node070 (i-ce22feac)>, u'i-8022fee2': <Node: node097 (i-8022fee2)>, u'i-f822fe9a': <Node: node061 (i-f822fe9a)>, u'i-e223ff80': <Node: node176 (i-e223ff80)>, u'i-0c22fe6e': <Node: node039 (i-0c22fe6e)>, u'i-5223ff30': <Node: node136 (i-5223ff30)>, u'i-2622fe44': <Node: node018 (i-2622fe44)>, u'i-5423ff36': <Node: node139 (i-5423ff36)>, u'i-6823ff0a': <Node: node117 (i-6823ff0a)>, u'i-4222fe20': <Node: node001 (i-4222fe20)>, u'i-4823ff2a': <Node: node133 (i-4823ff2a)>, u'i-9422fef6': <Node: node107 (i-9422fef6)>, u'i-7423ff16': <Node: node123 (i-7423ff16)>, u'i-1622fe74': <Node: node042 (i-1622fe74)>, u'i-1c23ff7e': <Node: node175 (i-1c23ff7e)>, u'i-0423ff66': <Node: node163 (i-0423ff66)>, u'i-7823ff1a': <Node: node125 (i-7823ff1a)>, u'i-1a22fe78': <Node: node044 (i-1a22fe78)>, u'i-5023ff32': <Node: node137 (i-5023ff32)>, u'i-2423ff46': <Node: node147 (i-2423ff46)>, u'i-4022fe22': <Node: node002 (i-4022fe22)>, u'i-7023ff12': <Node: node121 (i-7023ff12)>, u'i-b622fed4': <Node: node090 (i-b622fed4)>, u'i-f222fe90': <Node: node056 (i-f222fe90)>, u'i-ee22fe8c': <Node: node054 (i-ee22fe8c)>, u'i-c022fea2': <Node: node065 (i-c022fea2)>, u'i-5c23ff3e': <Node: node143 (i-5c23ff3e)>, u'i-1a23ff78': <Node: node172 (i-1a23ff78)>, u'i-1623ff74': <Node: node170 (i-1623ff74)>, u'i-fc23ff9e': <Node: node191 (i-fc23ff9e)>, u'i-2e22fe4c': <Node: node022 (i-2e22fe4c)>, u'i-ee23ff8c': <Node: node182 (i-ee23ff8c)>, u'i-e022fe82': <Node: node049 (i-e022fe82)>, u'i-8e22feec': <Node: node102 (i-8e22feec)>, u'i-9a22fef8': <Node: node108 (i-9a22fef8)>, u'i-5a22fe38': <Node: node012 (i-5a22fe38)>, u'i-3c23ff5e': <Node: node159 (i-3c23ff5e)>, u'i-de22febc': <Node: node078 (i-de22febc)>, u'i-fa23ff98': <Node: node188 (i-fa23ff98)>, u'i-4622fe24': <Node: node003 (i-4622fe24)>, u'i-b422fed6': <Node: node091 (i-b422fed6)>, u'i-9622fef4': <Node: node106 (i-9622fef4)>, u'i-6023ff02': <Node: node113 (i-6023ff02)>, u'i-1823ff7a': <Node: node173 (i-1823ff7a)>, u'i-f022fe92': <Node: node057 (i-f022fe92)>, u'i-3423ff56': <Node: node155 (i-3423ff56)>, u'i-fc22fe9e': <Node: node063 (i-fc22fe9e)>, u'i-c623ffa4': <Node: node194 (i-c623ffa4)>, u'i-a222fec0': <Node: node080 (i-a222fec0)>, u'i-0223ff60': <Node: node160 (i-0223ff60)>, u'i-3823ff5a': <Node: node157 (i-3823ff5a)>, u'i-ce23ffac': <Node: node198 (i-ce23ffac)>, u'i-2a22fe48': <Node: node020 (i-2a22fe48)>, u'i-2a23ff48': <Node: node148 (i-2a23ff48)>, u'i-2222fe40': <Node: node016 (i-2222fe40)>, u'i-0422fe66': <Node: node035 (i-0422fe66)>, u'i-7223ff10': <Node: node120 (i-7223ff10)>, u'i-ec22fe8e': <Node: node055 (i-ec22fe8e)>, u'i-ea22fe88': <Node: node052 (i-ea22fe88)>, u'i-e422fe86': <Node: node051 (i-e422fe86)>, u'i-c223ffa0': <Node: node192 (i-c223ffa0)>, u'i-1023ff72': <Node: node169 (i-1023ff72)>, u'i-7a23ff18': <Node: node124 (i-7a23ff18)>, u'i-fe22fe9c': <Node: node062 (i-fe22fe9c)>, u'i-c423ffa6': <Node: node195 (i-c423ffa6)>, u'i-f622fe94': <Node: node058 (i-f622fe94)>, u'i-0622fe64': <Node: node034 (i-0622fe64)>, u'i-2023ff42': <Node: node145 (i-2023ff42)>, u'i-0e23ff6c': <Node: node166 (i-0e23ff6c)>, u'i-0823ff6a': <Node: node165 (i-0823ff6a)>, u'i-1022fe72': <Node: node041 (i-1022fe72)>, u'i-0623ff64': <Node: node162 (i-0623ff64)>, u'i-cc22feae': <Node: node071 (i-cc22feae)>, u'i-0a22fe68': <Node: node036 (i-0a22fe68)>, u'i-6623ff04': <Node: node114 (i-6623ff04)>, u'i-aa22fec8': <Node: node084 (i-aa22fec8)>, u'i-2e23ff4c': <Node: node150 (i-2e23ff4c)>, u'i-c422fea6': <Node: node067 (i-c422fea6)>, u'i-ea23ff88': <Node: node180 (i-ea23ff88)>, u'i-d022feb2': <Node: node073 (i-d022feb2)>, u'i-4e23ff2c': <Node: node134 (i-4e23ff2c)>, u'i-3e23ff5c': <Node: node158 (i-3e23ff5c)>, u'i-e623ff84': <Node: node178 (i-e623ff84)>, u'i-5823ff3a': <Node: node141 (i-5823ff3a)>, u'i-3e22fe5c': <Node: node030 (i-3e22fe5c)>, u'i-0822fe6a': <Node: node037 (i-0822fe6a)>, u'i-c622fea4': <Node: node066 (i-c622fea4)>, u'i-dc22febe': <Node: node079 (i-dc22febe)>, u'i-0023ff62': <Node: node161 (i-0023ff62)>, u'i-1223ff70': <Node: node168 (i-1223ff70)>, u'i-c023ffa2': <Node: node193 (i-c023ffa2)>, u'i-0e22fe6c': <Node: node038 (i-0e22fe6c)>, u'i-6e23ff0c': <Node: node118 (i-6e23ff0c)>, u'i-c823ffaa': <Node: node197 (i-c823ffaa)>, u'i-2822fe4a': <Node: node021 (i-2822fe4a)>, u'i-1e22fe7c': <Node: node046 (i-1e22fe7c)>, u'i-3a22fe58': <Node: node028 (i-3a22fe58)>, u'i-e023ff82': <Node: node177 (i-e023ff82)>, u'i-bc22fede': <Node: node095 (i-bc22fede)>, u'i-d422feb6': <Node: node075 (i-d422feb6)>, u'i-5623ff34': <Node: node138 (i-5623ff34)>, u'i-1222fe70': <Node: node040 (i-1222fe70)>, u'i-9022fef2': <Node: node105 (i-9022fef2)>, u'i-b022fed2': <Node: node089 (i-b022fed2)>, u'i-be22fedc': <Node: node094 (i-be22fedc)>, u'i-a422fec6': <Node: node083 (i-a422fec6)>, u'i-0a23ff68': <Node: node164 (i-0a23ff68)>, u'i-3022fe52': <Node: node025 (i-3022fe52)>, u'i-d222feb0': <Node: node072 (i-d222feb0)>, u'i-4223ff20': <Node: node128 (i-4223ff20)>, u'i-c822feaa': <Node: node069 (i-c822feaa)>, u'i-8622fee4': <Node: node098 (i-8622fee4)>, u'i-4c22fe2e': <Node: node008 (i-4c22fe2e)>, u'i-4623ff24': <Node: node130 (i-4623ff24)>, u'i-cc23ffae': <Node: node199 (i-cc23ffae)>, u'i-1822fe7a': <Node: node045 (i-1822fe7a)>, u'i-1422fe76': <Node: node043 (i-1422fe76)>, u'i-fe23ff9c': <Node: node190 (i-fe23ff9c)>, u'i-5822fe3a': <Node: node013 (i-5822fe3a)>, u'i-2223ff40': <Node: node144 (i-2223ff40)>, u'i-f223ff90': <Node: node184 (i-f223ff90)>, u'i-b822feda': <Node: node093 (i-b822feda)>, u'i-3422fe56': <Node: node027 (i-3422fe56)>, u'i-3223ff50': <Node: node152 (i-3223ff50)>, u'i-0222fe60': <Node: node032 (i-0222fe60)>, u'i-ec23ff8e': <Node: node183 (i-ec23ff8e)>, u'i-2422fe46': <Node: node019 (i-2422fe46)>, u'i-3623ff54': <Node: node154 (i-3623ff54)>, u'i-4422fe26': <Node: node004 (i-4422fe26)>, u'i-4a22fe28': <Node: node005 (i-4a22fe28)>, u'i-3023ff52': <Node: node153 (i-3023ff52)>, u'i-5622fe34': <Node: node010 (i-5622fe34)>, u'i-3c22fe5e': <Node: node031 (i-3c22fe5e)>, u'i-a022fec2': <Node: node081 (i-a022fec2)>, u'i-9822fefa': <Node: node109 (i-9822fefa)>, u'i-3622fe54': <Node: node026 (i-3622fe54)>, u'i-4023ff22': <Node: node129 (i-4023ff22)>, u'i-e622fe84': <Node: node050 (i-e622fe84)>, u'i-d822feba': <Node: node077 (i-d822feba)>, u'i-5c22fe3e': <Node: node015 (i-5c22fe3e)>, u'i-3a23ff58': <Node: node156 (i-3a23ff58)>, u'i-ca23ffa8': <Node: node196 (i-ca23ffa8)>, u'i-e423ff86': <Node: node179 (i-e423ff86)>, u'i-e823ff8a': <Node: node181 (i-e823ff8a)>, u'i-8422fee6': <Node: node099 (i-8422fee6)>, u'i-1423ff76': <Node: node171 (i-1423ff76)>, u'i-8222fee0': <Node: node096 (i-8222fee0)>, u'i-f023ff92': <Node: node185 (i-f023ff92)>, u'i-ac22fece': <Node: node087 (i-ac22fece)>, u'i-9e22fefc': <Node: node110 (i-9e22fefc)>, u'i-8a22fee8': <Node: node100 (i-8a22fee8)>, u'i-5422fe36': <Node: node011 (i-5422fe36)>, u'i-2c23ff4e': <Node: node151 (i-2c23ff4e)>, u'i-9c22fefe': <Node: node111 (i-9c22fefe)>, u'i-7623ff14': <Node: node122 (i-7623ff14)>, u'i-6a23ff08': <Node: node116 (i-6a23ff08)>, u'i-fa22fe98': <Node: node060 (i-fa22fe98)>, u'i-ca22fea8': <Node: node068 (i-ca22fea8)>, u'i-e822fe8a': <Node: node053 (i-e822fe8a)>, u'i-ba22fed8': <Node: node092 (i-ba22fed8)>, u'i-6c23ff0e': <Node: node119 (i-6c23ff0e)>}
2011-12-22 03:20:40,882 PID: 30641 cluster.py:663 - DEBUG - updating existing node i-7c22fe1e in self._nodes
2011-12-22 03:20:40,882 PID: 30641 cluster.py:663 - DEBUG - updating existing node i-4222fe20 in self._nodes
2011-12-22 03:20:40,882 PID: 30641 cluster.py:663 - DEBUG - updating existing node i-4022fe22 in self._nodes
2011-12-22 03:20:40,882 PID: 30641 cluster.py:663 - DEBUG - updating existing node i-4622fe24 in self._nodes
2011-12-22 03:20:40,882 PID: 30641 cluster.py:663 - DEBUG - updating existing node i-4422fe26 in self._nodes
2011-12-22 03:20:40,883 PID: 30641 cluster.py:663 - DEBUG - updating existing node i-4a22fe28 in self._nodes
2011-12-22 03:20:40,883 PID: 30641 cluster.py:663 - DEBUG - updating existing node i-4822fe2a in self._nodes
2011-12-22 03:20:40,883 PID: 30641 cluster.py:663 - DEBUG - updating existing node i-4e22fe2c in self._nodes
2011-12-22 03:20:40,883 PID: 30641 cluster.py:663 - DEBUG - updating existing node i-4c22fe2e in self._nodes
2011-12-22 03:20:40,884 PID: 30641 cluster.py:663 - DEBUG - updating existing node i-5222fe30 in self._nodes
2011-12-22 03:20:40,884 PID: 30641 cluster.py:663 - DEBUG - updating existing node i-5622fe34 in self._nodes
2011-12-22 03:20:40,884 PID: 30641 cluster.py:663 - DEBUG - updating existing node i-5422fe36 in self._nodes
2011-12-22 03:20:40,884 PID: 30641 cluster.py:663 - DEBUG - updating existing node i-5a22fe38 in self._nodes
2011-12-22 03:20:40,885 PID: 30641 cluster.py:663 - DEBUG - updating existing node i-5822fe3a in self._nodes
2011-12-22 03:20:40,885 PID: 30641 cluster.py:663 - DEBUG - updating existing node i-5e22fe3c in self._nodes
2011-12-22 03:20:40,885 PID: 30641 cluster.py:663 - DEBUG - updating existing node i-5c22fe3e in self._nodes
2011-12-22 03:20:40,885 PID: 30641 cluster.py:663 - DEBUG - updating existing node i-2222fe40 in self._nodes
2011-12-22 03:20:40,885 PID: 30641 cluster.py:663 - DEBUG - updating existing node i-2022fe42 in self._nodes
2011-12-22 03:20:40,886 PID: 30641 cluster.py:663 - DEBUG - updating existing node i-2622fe44 in self._nodes
2011-12-22 03:20:40,886 PID: 30641 cluster.py:663 - DEBUG - updating existing node i-2422fe46 in self._nodes
2011-12-22 03:20:40,886 PID: 30641 cluster.py:663 - DEBUG - updating existing node i-2a22fe48 in self._nodes
2011-12-22 03:20:40,886 PID: 30641 cluster.py:663 - DEBUG - updating existing node i-2822fe4a in self._nodes
2011-12-22 03:20:40,887 PID: 30641 cluster.py:663 - DEBUG - updating existing node i-2e22fe4c in self._nodes
2011-12-22 03:20:40,887 PID: 30641 cluster.py:663 - DEBUG - updating existing node i-2c22fe4e in self._nodes
2011-12-22 03:20:40,887 PID: 30641 cluster.py:663 - DEBUG - updating existing node i-3222fe50 in self._nodes
2011-12-22 03:20:40,887 PID: 30641 cluster.py:663 - DEBUG - updating existing node i-3022fe52 in self._nodes
2011-12-22 03:20:40,887 PID: 30641 cluster.py:663 - DEBUG - updating existing node i-3622fe54 in self._nodes
2011-12-22 03:20:40,888 PID: 30641 cluster.py:663 - DEBUG - updating existing node i-3422fe56 in self._nodes
2011-12-22 03:20:40,888 PID: 30641 cluster.py:663 - DEBUG - updating existing node i-3a22fe58 in self._nodes
2011-12-22 03:20:40,888 PID: 30641 cluster.py:663 - DEBUG - updating existing node i-3822fe5a in self._nodes
2011-12-22 03:20:40,888 PID: 30641 cluster.py:663 - DEBUG - updating existing node i-3e22fe5c in self._nodes
2011-12-22 03:20:40,889 PID: 30641 cluster.py:663 - DEBUG - updating existing node i-3c22fe5e in self._nodes
2011-12-22 03:20:40,889 PID: 30641 cluster.py:663 - DEBUG - updating existing node i-0222fe60 in self._nodes
2011-12-22 03:20:40,889 PID: 30641 cluster.py:663 - DEBUG - updating existing node i-0022fe62 in self._nodes
2011-12-22 03:20:40,889 PID: 30641 cluster.py:663 - DEBUG - updating existing node i-0622fe64 in self._nodes
2011-12-22 03:20:40,889 PID: 30641 cluster.py:663 - DEBUG - updating existing node i-0422fe66 in self._nodes
2011-12-22 03:20:40,890 PID: 30641 cluster.py:663 - DEBUG - updating existing node i-0a22fe68 in self._nodes
2011-12-22 03:20:40,890 PID: 30641 cluster.py:663 - DEBUG - updating existing node i-0822fe6a in self._nodes
2011-12-22 03:20:40,890 PID: 30641 cluster.py:663 - DEBUG - updating existing node i-0e22fe6c in self._nodes
2011-12-22 03:20:40,890 PID: 30641 cluster.py:663 - DEBUG - updating existing node i-0c22fe6e in self._nodes
2011-12-22 03:20:40,891 PID: 30641 cluster.py:663 - DEBUG - updating existing node i-1222fe70 in self._nodes
2011-12-22 03:20:40,891 PID: 30641 cluster.py:663 - DEBUG - updating existing node i-1022fe72 in self._nodes
2011-12-22 03:20:40,891 PID: 30641 cluster.py:663 - DEBUG - updating existing node i-1622fe74 in self._nodes
2011-12-22 03:20:40,891 PID: 30641 cluster.py:663 - DEBUG - updating existing node i-1422fe76 in self._nodes
2011-12-22 03:20:40,892 PID: 30641 cluster.py:663 - DEBUG - updating existing node i-1a22fe78 in self._nodes
2011-12-22 03:20:40,892 PID: 30641 cluster.py:663 - DEBUG - updating existing node i-1822fe7a in self._nodes
2011-12-22 03:20:40,892 PID: 30641 cluster.py:663 - DEBUG - updating existing node i-1e22fe7c in self._nodes
2011-12-22 03:20:40,892 PID: 30641 cluster.py:663 - DEBUG - updating existing node i-1c22fe7e in self._nodes
2011-12-22 03:20:40,892 PID: 30641 cluster.py:663 - DEBUG - updating existing node i-e222fe80 in self._nodes
2011-12-22 03:20:40,893 PID: 30641 cluster.py:663 - DEBUG - updating existing node i-e022fe82 in self._nodes
2011-12-22 03:20:40,893 PID: 30641 cluster.py:663 - DEBUG - updating existing node i-e622fe84 in self._nodes
2011-12-22 03:20:40,893 PID: 30641 cluster.py:663 - DEBUG - updating existing node i-e422fe86 in self._nodes
2011-12-22 03:20:40,893 PID: 30641 cluster.py:663 - DEBUG - updating existing node i-ea22fe88 in self._nodes
2011-12-22 03:20:40,894 PID: 30641 cluster.py:663 - DEBUG - updating existing node i-e822fe8a in self._nodes
2011-12-22 03:20:40,894 PID: 30641 cluster.py:663 - DEBUG - updating existing node i-ee22fe8c in self._nodes
2011-12-22 03:20:40,894 PID: 30641 cluster.py:663 - DEBUG - updating existing node i-ec22fe8e in self._nodes
2011-12-22 03:20:40,894 PID: 30641 cluster.py:663 - DEBUG - updating existing node i-f222fe90 in self._nodes
2011-12-22 03:20:40,894 PID: 30641 cluster.py:663 - DEBUG - updating existing node i-f022fe92 in self._nodes
2011-12-22 03:20:40,895 PID: 30641 cluster.py:663 - DEBUG - updating existing node i-f622fe94 in self._nodes
2011-12-22 03:20:40,895 PID: 30641 cluster.py:663 - DEBUG - updating existing node i-f422fe96 in self._nodes
2011-12-22 03:20:40,895 PID: 30641 cluster.py:663 - DEBUG - updating existing node i-fa22fe98 in self._nodes
2011-12-22 03:20:40,895 PID: 30641 cluster.py:663 - DEBUG - updating existing node i-f822fe9a in self._nodes
2011-12-22 03:20:40,896 PID: 30641 cluster.py:663 - DEBUG - updating existing node i-fe22fe9c in self._nodes
2011-12-22 03:20:40,896 PID: 30641 cluster.py:663 - DEBUG - updating existing node i-fc22fe9e in self._nodes
2011-12-22 03:20:40,896 PID: 30641 cluster.py:663 - DEBUG - updating existing node i-c222fea0 in self._nodes
2011-12-22 03:20:40,896 PID: 30641 cluster.py:663 - DEBUG - updating existing node i-c022fea2 in self._nodes
2011-12-22 03:20:40,896 PID: 30641 cluster.py:663 - DEBUG - updating existing node i-c622fea4 in self._nodes
2011-12-22 03:20:40,897 PID: 30641 cluster.py:663 - DEBUG - updating existing node i-c422fea6 in self._nodes
2011-12-22 03:20:40,897 PID: 30641 cluster.py:663 - DEBUG - updating existing node i-ca22fea8 in self._nodes
2011-12-22 03:20:40,897 PID: 30641 cluster.py:663 - DEBUG - updating existing node i-c822feaa in self._nodes
2011-12-22 03:20:40,897 PID: 30641 cluster.py:663 - DEBUG - updating existing node i-ce22feac in self._nodes
2011-12-22 03:20:40,898 PID: 30641 cluster.py:663 - DEBUG - updating existing node i-cc22feae in self._nodes
2011-12-22 03:20:40,898 PID: 30641 cluster.py:663 - DEBUG - updating existing node i-d222feb0 in self._nodes
2011-12-22 03:20:40,898 PID: 30641 cluster.py:663 - DEBUG - updating existing node i-d022feb2 in self._nodes
2011-12-22 03:20:40,898 PID: 30641 cluster.py:663 - DEBUG - updating existing node i-d622feb4 in self._nodes
2011-12-22 03:20:40,899 PID: 30641 cluster.py:663 - DEBUG - updating existing node i-d422feb6 in self._nodes
2011-12-22 03:20:40,899 PID: 30641 cluster.py:663 - DEBUG - updating existing node i-da22feb8 in self._nodes
2011-12-22 03:20:40,899 PID: 30641 cluster.py:663 - DEBUG - updating existing node i-d822feba in self._nodes
2011-12-22 03:20:40,899 PID: 30641 cluster.py:663 - DEBUG - updating existing node i-de22febc in self._nodes
2011-12-22 03:20:40,899 PID: 30641 cluster.py:663 - DEBUG - updating existing node i-dc22febe in self._nodes
2011-12-22 03:20:40,900 PID: 30641 cluster.py:663 - DEBUG - updating existing node i-a222fec0 in self._nodes
2011-12-22 03:20:40,900 PID: 30641 cluster.py:663 - DEBUG - updating existing node i-a022fec2 in self._nodes
2011-12-22 03:20:40,900 PID: 30641 cluster.py:663 - DEBUG - updating existing node i-a622fec4 in self._nodes
2011-12-22 03:20:40,900 PID: 30641 cluster.py:663 - DEBUG - updating existing node i-a422fec6 in self._nodes
2011-12-22 03:20:40,901 PID: 30641 cluster.py:663 - DEBUG - updating existing node i-aa22fec8 in self._nodes
2011-12-22 03:20:40,901 PID: 30641 cluster.py:663 - DEBUG - updating existing node i-a822feca in self._nodes
2011-12-22 03:20:40,901 PID: 30641 cluster.py:663 - DEBUG - updating existing node i-ae22fecc in self._nodes
2011-12-22 03:20:40,901 PID: 30641 cluster.py:663 - DEBUG - updating existing node i-ac22fece in self._nodes
2011-12-22 03:20:40,901 PID: 30641 cluster.py:663 - DEBUG - updating existing node i-b222fed0 in self._nodes
2011-12-22 03:20:40,902 PID: 30641 cluster.py:663 - DEBUG - updating existing node i-b022fed2 in self._nodes
2011-12-22 03:20:40,902 PID: 30641 cluster.py:663 - DEBUG - updating existing node i-b622fed4 in self._nodes
2011-12-22 03:20:40,902 PID: 30641 cluster.py:663 - DEBUG - updating existing node i-b422fed6 in self._nodes
2011-12-22 03:20:40,902 PID: 30641 cluster.py:663 - DEBUG - updating existing node i-ba22fed8 in self._nodes
2011-12-22 03:20:40,903 PID: 30641 cluster.py:663 - DEBUG - updating existing node i-b822feda in self._nodes
2011-12-22 03:20:40,903 PID: 30641 cluster.py:663 - DEBUG - updating existing node i-be22fedc in self._nodes
2011-12-22 03:20:40,903 PID: 30641 cluster.py:663 - DEBUG - updating existing node i-bc22fede in self._nodes
2011-12-22 03:20:40,903 PID: 30641 cluster.py:663 - DEBUG - updating existing node i-8222fee0 in self._nodes
2011-12-22 03:20:40,903 PID: 30641 cluster.py:663 - DEBUG - updating existing node i-8022fee2 in self._nodes
2011-12-22 03:20:40,904 PID: 30641 cluster.py:663 - DEBUG - updating existing node i-8622fee4 in self._nodes
2011-12-22 03:20:40,904 PID: 30641 cluster.py:663 - DEBUG - updating existing node i-8422fee6 in self._nodes
2011-12-22 03:20:40,904 PID: 30641 cluster.py:663 - DEBUG - updating existing node i-8a22fee8 in self._nodes
2011-12-22 03:20:40,904 PID: 30641 cluster.py:663 - DEBUG - updating existing node i-8822feea in self._nodes
2011-12-22 03:20:40,905 PID: 30641 cluster.py:663 - DEBUG - updating existing node i-8e22feec in self._nodes
2011-12-22 03:20:40,905 PID: 30641 cluster.py:663 - DEBUG - updating existing node i-8c22feee in self._nodes
2011-12-22 03:20:40,905 PID: 30641 cluster.py:663 - DEBUG - updating existing node i-9222fef0 in self._nodes
2011-12-22 03:20:40,905 PID: 30641 cluster.py:663 - DEBUG - updating existing node i-9022fef2 in self._nodes
2011-12-22 03:20:40,906 PID: 30641 cluster.py:663 - DEBUG - updating existing node i-9622fef4 in self._nodes
2011-12-22 03:20:40,906 PID: 30641 cluster.py:663 - DEBUG - updating existing node i-9422fef6 in self._nodes
2011-12-22 03:20:40,906 PID: 30641 cluster.py:663 - DEBUG - updating existing node i-9a22fef8 in self._nodes
2011-12-22 03:20:40,906 PID: 30641 cluster.py:663 - DEBUG - updating existing node i-9822fefa in self._nodes
2011-12-22 03:20:40,906 PID: 30641 cluster.py:663 - DEBUG - updating existing node i-9e22fefc in self._nodes
2011-12-22 03:20:40,907 PID: 30641 cluster.py:663 - DEBUG - updating existing node i-9c22fefe in self._nodes
2011-12-22 03:20:40,907 PID: 30641 cluster.py:663 - DEBUG - updating existing node i-6223ff00 in self._nodes
2011-12-22 03:20:40,907 PID: 30641 cluster.py:663 - DEBUG - updating existing node i-6023ff02 in self._nodes
2011-12-22 03:20:40,908 PID: 30641 cluster.py:663 - DEBUG - updating existing node i-6623ff04 in self._nodes
2011-12-22 03:20:40,908 PID: 30641 cluster.py:663 - DEBUG - updating existing node i-6423ff06 in self._nodes
2011-12-22 03:20:40,908 PID: 30641 cluster.py:663 - DEBUG - updating existing node i-6a23ff08 in self._nodes
2011-12-22 03:20:40,908 PID: 30641 cluster.py:663 - DEBUG - updating existing node i-6823ff0a in self._nodes
2011-12-22 03:20:40,909 PID: 30641 cluster.py:663 - DEBUG - updating existing node i-6e23ff0c in self._nodes
2011-12-22 03:20:40,909 PID: 30641 cluster.py:663 - DEBUG - updating existing node i-6c23ff0e in self._nodes
2011-12-22 03:20:40,909 PID: 30641 cluster.py:663 - DEBUG - updating existing node i-7223ff10 in self._nodes
2011-12-22 03:20:40,909 PID: 30641 cluster.py:663 - DEBUG - updating existing node i-7023ff12 in self._nodes
2011-12-22 03:20:40,910 PID: 30641 cluster.py:663 - DEBUG - updating existing node i-7623ff14 in self._nodes
2011-12-22 03:20:40,910 PID: 30641 cluster.py:663 - DEBUG - updating existing node i-7423ff16 in self._nodes
2011-12-22 03:20:40,910 PID: 30641 cluster.py:663 - DEBUG - updating existing node i-7a23ff18 in self._nodes
2011-12-22 03:20:40,910 PID: 30641 cluster.py:663 - DEBUG - updating existing node i-7823ff1a in self._nodes
2011-12-22 03:20:40,911 PID: 30641 cluster.py:663 - DEBUG - updating existing node i-7e23ff1c in self._nodes
2011-12-22 03:20:40,911 PID: 30641 cluster.py:663 - DEBUG - updating existing node i-7c23ff1e in self._nodes
2011-12-22 03:20:40,911 PID: 30641 cluster.py:663 - DEBUG - updating existing node i-4223ff20 in self._nodes
2011-12-22 03:20:40,911 PID: 30641 cluster.py:663 - DEBUG - updating existing node i-4023ff22 in self._nodes
2011-12-22 03:20:40,912 PID: 30641 cluster.py:663 - DEBUG - updating existing node i-4623ff24 in self._nodes
2011-12-22 03:20:40,912 PID: 30641 cluster.py:663 - DEBUG - updating existing node i-4423ff26 in self._nodes
2011-12-22 03:20:40,912 PID: 30641 cluster.py:663 - DEBUG - updating existing node i-4a23ff28 in self._nodes
2011-12-22 03:20:40,912 PID: 30641 cluster.py:663 - DEBUG - updating existing node i-4823ff2a in self._nodes
2011-12-22 03:20:40,913 PID: 30641 cluster.py:663 - DEBUG - updating existing node i-4e23ff2c in self._nodes
2011-12-22 03:20:40,913 PID: 30641 cluster.py:663 - DEBUG - updating existing node i-4c23ff2e in self._nodes
2011-12-22 03:20:40,913 PID: 30641 cluster.py:663 - DEBUG - updating existing node i-5223ff30 in self._nodes
2011-12-22 03:20:40,913 PID: 30641 cluster.py:663 - DEBUG - updating existing node i-5023ff32 in self._nodes
2011-12-22 03:20:40,913 PID: 30641 cluster.py:663 - DEBUG - updating existing node i-5623ff34 in self._nodes
2011-12-22 03:20:40,914 PID: 30641 cluster.py:663 - DEBUG - updating existing node i-5423ff36 in self._nodes
2011-12-22 03:20:40,914 PID: 30641 cluster.py:663 - DEBUG - updating existing node i-5a23ff38 in self._nodes
2011-12-22 03:20:40,914 PID: 30641 cluster.py:663 - DEBUG - updating existing node i-5823ff3a in self._nodes
2011-12-22 03:20:40,914 PID: 30641 cluster.py:663 - DEBUG - updating existing node i-5e23ff3c in self._nodes
2011-12-22 03:20:40,915 PID: 30641 cluster.py:663 - DEBUG - updating existing node i-5c23ff3e in self._nodes
2011-12-22 03:20:40,915 PID: 30641 cluster.py:663 - DEBUG - updating existing node i-2223ff40 in self._nodes
2011-12-22 03:20:40,915 PID: 30641 cluster.py:663 - DEBUG - updating existing node i-2023ff42 in self._nodes
2011-12-22 03:20:40,915 PID: 30641 cluster.py:663 - DEBUG - updating existing node i-2623ff44 in self._nodes
2011-12-22 03:20:40,916 PID: 30641 cluster.py:663 - DEBUG - updating existing node i-2423ff46 in self._nodes
2011-12-22 03:20:40,916 PID: 30641 cluster.py:663 - DEBUG - updating existing node i-2a23ff48 in self._nodes
2011-12-22 03:20:40,916 PID: 30641 cluster.py:663 - DEBUG - updating existing node i-2823ff4a in self._nodes
2011-12-22 03:20:40,916 PID: 30641 cluster.py:663 - DEBUG - updating existing node i-2e23ff4c in self._nodes
2011-12-22 03:20:40,916 PID: 30641 cluster.py:663 - DEBUG - updating existing node i-2c23ff4e in self._nodes
2011-12-22 03:20:40,917 PID: 30641 cluster.py:663 - DEBUG - updating existing node i-3223ff50 in self._nodes
2011-12-22 03:20:40,917 PID: 30641 cluster.py:663 - DEBUG - updating existing node i-3023ff52 in self._nodes
2011-12-22 03:20:40,917 PID: 30641 cluster.py:663 - DEBUG - updating existing node i-3623ff54 in self._nodes
2011-12-22 03:20:40,978 PID: 30641 cluster.py:663 - DEBUG - updating existing node i-3423ff56 in self._nodes
2011-12-22 03:20:40,982 PID: 30641 cluster.py:663 - DEBUG - updating existing node i-3a23ff58 in self._nodes
2011-12-22 03:20:40,982 PID: 30641 cluster.py:663 - DEBUG - updating existing node i-3823ff5a in self._nodes
2011-12-22 03:20:40,982 PID: 30641 cluster.py:663 - DEBUG - updating existing node i-3e23ff5c in self._nodes
2011-12-22 03:20:40,982 PID: 30641 cluster.py:663 - DEBUG - updating existing node i-3c23ff5e in self._nodes
2011-12-22 03:20:40,983 PID: 30641 cluster.py:663 - DEBUG - updating existing node i-0223ff60 in self._nodes
2011-12-22 03:20:40,983 PID: 30641 cluster.py:663 - DEBUG - updating existing node i-0023ff62 in self._nodes
2011-12-22 03:20:40,983 PID: 30641 cluster.py:663 - DEBUG - updating existing node i-0623ff64 in self._nodes
2011-12-22 03:20:40,983 PID: 30641 cluster.py:663 - DEBUG - updating existing node i-0423ff66 in self._nodes
2011-12-22 03:20:40,984 PID: 30641 cluster.py:663 - DEBUG - updating existing node i-0a23ff68 in self._nodes
2011-12-22 03:20:40,984 PID: 30641 cluster.py:663 - DEBUG - updating existing node i-0823ff6a in self._nodes
2011-12-22 03:20:40,984 PID: 30641 cluster.py:663 - DEBUG - updating existing node i-0e23ff6c in self._nodes
2011-12-22 03:20:40,984 PID: 30641 cluster.py:663 - DEBUG - updating existing node i-0c23ff6e in self._nodes
2011-12-22 03:20:40,985 PID: 30641 cluster.py:663 - DEBUG - updating existing node i-1223ff70 in self._nodes
2011-12-22 03:20:40,985 PID: 30641 cluster.py:663 - DEBUG - updating existing node i-1023ff72 in self._nodes
2011-12-22 03:20:40,985 PID: 30641 cluster.py:663 - DEBUG - updating existing node i-1623ff74 in self._nodes
2011-12-22 03:20:40,986 PID: 30641 cluster.py:663 - DEBUG - updating existing node i-1423ff76 in self._nodes
2011-12-22 03:20:40,986 PID: 30641 cluster.py:663 - DEBUG - updating existing node i-1a23ff78 in self._nodes
2011-12-22 03:20:40,986 PID: 30641 cluster.py:663 - DEBUG - updating existing node i-1823ff7a in self._nodes
2011-12-22 03:20:40,986 PID: 30641 cluster.py:663 - DEBUG - updating existing node i-1e23ff7c in self._nodes
2011-12-22 03:20:40,986 PID: 30641 cluster.py:663 - DEBUG - updating existing node i-1c23ff7e in self._nodes
2011-12-22 03:20:40,987 PID: 30641 cluster.py:663 - DEBUG - updating existing node i-e223ff80 in self._nodes
2011-12-22 03:20:40,987 PID: 30641 cluster.py:663 - DEBUG - updating existing node i-e023ff82 in self._nodes
2011-12-22 03:20:40,987 PID: 30641 cluster.py:663 - DEBUG - updating existing node i-e623ff84 in self._nodes
2011-12-22 03:20:40,987 PID: 30641 cluster.py:663 - DEBUG - updating existing node i-e423ff86 in self._nodes
2011-12-22 03:20:40,988 PID: 30641 cluster.py:663 - DEBUG - updating existing node i-ea23ff88 in self._nodes
2011-12-22 03:20:40,988 PID: 30641 cluster.py:663 - DEBUG - updating existing node i-e823ff8a in self._nodes
2011-12-22 03:20:40,988 PID: 30641 cluster.py:663 - DEBUG - updating existing node i-ee23ff8c in self._nodes
2011-12-22 03:20:40,988 PID: 30641 cluster.py:663 - DEBUG - updating existing node i-ec23ff8e in self._nodes
2011-12-22 03:20:40,989 PID: 30641 cluster.py:663 - DEBUG - updating existing node i-f223ff90 in self._nodes
2011-12-22 03:20:40,989 PID: 30641 cluster.py:663 - DEBUG - updating existing node i-f023ff92 in self._nodes
2011-12-22 03:20:40,989 PID: 30641 cluster.py:663 - DEBUG - updating existing node i-f623ff94 in self._nodes
2011-12-22 03:20:40,989 PID: 30641 cluster.py:663 - DEBUG - updating existing node i-f423ff96 in self._nodes
2011-12-22 03:20:40,990 PID: 30641 cluster.py:663 - DEBUG - updating existing node i-fa23ff98 in self._nodes
2011-12-22 03:20:40,990 PID: 30641 cluster.py:663 - DEBUG - updating existing node i-f823ff9a in self._nodes
2011-12-22 03:20:40,990 PID: 30641 cluster.py:663 - DEBUG - updating existing node i-fe23ff9c in self._nodes
2011-12-22 03:20:40,990 PID: 30641 cluster.py:663 - DEBUG - updating existing node i-fc23ff9e in self._nodes
2011-12-22 03:20:40,991 PID: 30641 cluster.py:663 - DEBUG - updating existing node i-c223ffa0 in self._nodes
2011-12-22 03:20:40,991 PID: 30641 cluster.py:663 - DEBUG - updating existing node i-c023ffa2 in self._nodes
2011-12-22 03:20:40,991 PID: 30641 cluster.py:663 - DEBUG - updating existing node i-c623ffa4 in self._nodes
2011-12-22 03:20:40,991 PID: 30641 cluster.py:663 - DEBUG - updating existing node i-c423ffa6 in self._nodes
2011-12-22 03:20:40,991 PID: 30641 cluster.py:663 - DEBUG - updating existing node i-ca23ffa8 in self._nodes
2011-12-22 03:20:40,992 PID: 30641 cluster.py:663 - DEBUG - updating existing node i-c823ffaa in self._nodes
2011-12-22 03:20:40,992 PID: 30641 cluster.py:663 - DEBUG - updating existing node i-ce23ffac in self._nodes
2011-12-22 03:20:40,992 PID: 30641 cluster.py:663 - DEBUG - updating existing node i-cc23ffae in self._nodes
2011-12-22 03:20:40,994 PID: 30641 cluster.py:676 - DEBUG - returning self._nodes = [<Node: master (i-7c22fe1e)>, <Node: node001 (i-4222fe20)>, <Node: node002 (i-4022fe22)>, <Node: node003 (i-4622fe24)>, <Node: node004 (i-4422fe26)>, <Node: node005 (i-4a22fe28)>, <Node: node006 (i-4822fe2a)>, <Node: node007 (i-4e22fe2c)>, <Node: node008 (i-4c22fe2e)>, <Node: node009 (i-5222fe30)>, <Node: node010 (i-5622fe34)>, <Node: node011 (i-5422fe36)>, <Node: node012 (i-5a22fe38)>, <Node: node013 (i-5822fe3a)>, <Node: node014 (i-5e22fe3c)>, <Node: node015 (i-5c22fe3e)>, <Node: node016 (i-2222fe40)>, <Node: node017 (i-2022fe42)>, <Node: node018 (i-2622fe44)>, <Node: node019 (i-2422fe46)>, <Node: node020 (i-2a22fe48)>, <Node: node021 (i-2822fe4a)>, <Node: node022 (i-2e22fe4c)>, <Node: node023 (i-2c22fe4e)>, <Node: node024 (i-3222fe50)>, <Node: node025 (i-3022fe52)>, <Node: node026 (i-3622fe54)>, <Node: node027 (i-3422fe56)>, <Node: node028 (i-3a22fe58)>, <Node: node029 (i-3822fe5a)>, <Node: node030 (i-3e22fe5c)>, <Node: node031 (i-3c22fe5e)>, <Node: node032 (i-0222fe60)>, <Node: node033 (i-0022fe62)>, <Node: node034 (i-0622fe64)>, <Node: node035 (i-0422fe66)>, <Node: node036 (i-0a22fe68)>, <Node: node037 (i-0822fe6a)>, <Node: node038 (i-0e22fe6c)>, <Node: node039 (i-0c22fe6e)>, <Node: node040 (i-1222fe70)>, <Node: node041 (i-1022fe72)>, <Node: node042 (i-1622fe74)>, <Node: node043 (i-1422fe76)>, <Node: node044 (i-1a22fe78)>, <Node: node045 (i-1822fe7a)>, <Node: node046 (i-1e22fe7c)>, <Node: node047 (i-1c22fe7e)>, <Node: node048 (i-e222fe80)>, <Node: node049 (i-e022fe82)>, <Node: node050 (i-e622fe84)>, <Node: node051 (i-e422fe86)>, <Node: node052 (i-ea22fe88)>, <Node: node053 (i-e822fe8a)>, <Node: node054 (i-ee22fe8c)>, <Node: node055 (i-ec22fe8e)>, <Node: node056 (i-f222fe90)>, <Node: node057 (i-f022fe92)>, <Node: node058 (i-f622fe94)>, <Node: node059 (i-f422fe96)>, <Node: node060 (i-fa22fe98)>, <Node: node061 (i-f822fe9a)>, <Node: node062 (i-fe22fe9c)>, <Node: node063 (i-fc22fe9e)>, <Node: node064 (i-c222fea0)>, <Node: node065 (i-c022fea2)>, <Node: node066 (i-c622fea4)>, <Node: node067 (i-c422fea6)>, <Node: node068 (i-ca22fea8)>, <Node: node069 (i-c822feaa)>, <Node: node070 (i-ce22feac)>, <Node: node071 (i-cc22feae)>, <Node: node072 (i-d222feb0)>, <Node: node073 (i-d022feb2)>, <Node: node074 (i-d622feb4)>, <Node: node075 (i-d422feb6)>, <Node: node076 (i-da22feb8)>, <Node: node077 (i-d822feba)>, <Node: node078 (i-de22febc)>, <Node: node079 (i-dc22febe)>, <Node: node080 (i-a222fec0)>, <Node: node081 (i-a022fec2)>, <Node: node082 (i-a622fec4)>, <Node: node083 (i-a422fec6)>, <Node: node084 (i-aa22fec8)>, <Node: node085 (i-a822feca)>, <Node: node086 (i-ae22fecc)>, <Node: node087 (i-ac22fece)>, <Node: node088 (i-b222fed0)>, <Node: node089 (i-b022fed2)>, <Node: node090 (i-b622fed4)>, <Node: node091 (i-b422fed6)>, <Node: node092 (i-ba22fed8)>, <Node: node093 (i-b822feda)>, <Node: node094 (i-be22fedc)>, <Node: node095 (i-bc22fede)>, <Node: node096 (i-8222fee0)>, <Node: node097 (i-8022fee2)>, <Node: node098 (i-8622fee4)>, <Node: node099 (i-8422fee6)>, <Node: node100 (i-8a22fee8)>, <Node: node101 (i-8822feea)>, <Node: node102 (i-8e22feec)>, <Node: node103 (i-8c22feee)>, <Node: node104 (i-9222fef0)>, <Node: node105 (i-9022fef2)>, <Node: node106 (i-9622fef4)>, <Node: node107 (i-9422fef6)>, <Node: node108 (i-9a22fef8)>, <Node: node109 (i-9822fefa)>, <Node: node110 (i-9e22fefc)>, <Node: node111 (i-9c22fefe)>, <Node: node112 (i-6223ff00)>, <Node: node113 (i-6023ff02)>, <Node: node114 (i-6623ff04)>, <Node: node115 (i-6423ff06)>, <Node: node116 (i-6a23ff08)>, <Node: node117 (i-6823ff0a)>, <Node: node118 (i-6e23ff0c)>, <Node: node119 (i-6c23ff0e)>, <Node: node120 (i-7223ff10)>, <Node: node121 (i-7023ff12)>, <Node: node122 (i-7623ff14)>, <Node: node123 (i-7423ff16)>, <Node: node124 (i-7a23ff18)>, <Node: node125 (i-7823ff1a)>, <Node: node126 (i-7e23ff1c)>, <Node: node127 (i-7c23ff1e)>, <Node: node128 (i-4223ff20)>, <Node: node129 (i-4023ff22)>, <Node: node130 (i-4623ff24)>, <Node: node131 (i-4423ff26)>, <Node: node132 (i-4a23ff28)>, <Node: node133 (i-4823ff2a)>, <Node: node134 (i-4e23ff2c)>, <Node: node135 (i-4c23ff2e)>, <Node: node136 (i-5223ff30)>, <Node: node137 (i-5023ff32)>, <Node: node138 (i-5623ff34)>, <Node: node139 (i-5423ff36)>, <Node: node140 (i-5a23ff38)>, <Node: node141 (i-5823ff3a)>, <Node: node142 (i-5e23ff3c)>, <Node: node143 (i-5c23ff3e)>, <Node: node144 (i-2223ff40)>, <Node: node145 (i-2023ff42)>, <Node: node146 (i-2623ff44)>, <Node: node147 (i-2423ff46)>, <Node: node148 (i-2a23ff48)>, <Node: node149 (i-2823ff4a)>, <Node: node150 (i-2e23ff4c)>, <Node: node151 (i-2c23ff4e)>, <Node: node152 (i-3223ff50)>, <Node: node153 (i-3023ff52)>, <Node: node154 (i-3623ff54)>, <Node: node155 (i-3423ff56)>, <Node: node156 (i-3a23ff58)>, <Node: node157 (i-3823ff5a)>, <Node: node158 (i-3e23ff5c)>, <Node: node159 (i-3c23ff5e)>, <Node: node160 (i-0223ff60)>, <Node: node161 (i-0023ff62)>, <Node: node162 (i-0623ff64)>, <Node: node163 (i-0423ff66)>, <Node: node164 (i-0a23ff68)>, <Node: node165 (i-0823ff6a)>, <Node: node166 (i-0e23ff6c)>, <Node: node167 (i-0c23ff6e)>, <Node: node168 (i-1223ff70)>, <Node: node169 (i-1023ff72)>, <Node: node170 (i-1623ff74)>, <Node: node171 (i-1423ff76)>, <Node: node172 (i-1a23ff78)>, <Node: node173 (i-1823ff7a)>, <Node: node174 (i-1e23ff7c)>, <Node: node175 (i-1c23ff7e)>, <Node: node176 (i-e223ff80)>, <Node: node177 (i-e023ff82)>, <Node: node178 (i-e623ff84)>, <Node: node179 (i-e423ff86)>, <Node: node180 (i-ea23ff88)>, <Node: node181 (i-e823ff8a)>, <Node: node182 (i-ee23ff8c)>, <Node: node183 (i-ec23ff8e)>, <Node: node184 (i-f223ff90)>, <Node: node185 (i-f023ff92)>, <Node: node186 (i-f623ff94)>, <Node: node187 (i-f423ff96)>, <Node: node188 (i-fa23ff98)>, <Node: node189 (i-f823ff9a)>, <Node: node190 (i-fe23ff9c)>, <Node: node191 (i-fc23ff9e)>, <Node: node192 (i-c223ffa0)>, <Node: node193 (i-c023ffa2)>, <Node: node194 (i-c623ffa4)>, <Node: node195 (i-c423ffa6)>, <Node: node196 (i-ca23ffa8)>, <Node: node197 (i-c823ffaa)>, <Node: node198 (i-ce23ffac)>, <Node: node199 (i-cc23ffae)>]
2011-12-22 03:20:48,764 PID: 30641 ssh.py:91 - DEBUG - connecting to host ec2-107-21-128-191.compute-1.amazonaws.com on port 22 as user root
2011-12-22 03:20:52,857 PID: 30641 ssh.py:91 - DEBUG - connecting to host ec2-107-21-67-51.compute-1.amazonaws.com on port 22 as user root
2011-12-22 03:21:26,626 PID: 30641 ssh.py:91 - DEBUG - connecting to host ec2-50-17-49-61.compute-1.amazonaws.com on port 22 as user root
2011-12-22 03:21:30,293 PID: 30641 ssh.py:91 - DEBUG - connecting to host ec2-174-129-113-209.compute-1.amazonaws.com on port 22 as user root
2011-12-22 03:21:50,484 PID: 30641 cluster.py:660 - DEBUG - existing nodes: {u'i-6423ff06': <Node: node115 (i-6423ff06)>, u'i-0022fe62': <Node: node033 (i-0022fe62)>, u'i-ae22fecc': <Node: node086 (i-ae22fecc)>, u'i-a822feca': <Node: node085 (i-a822feca)>, u'i-1e23ff7c': <Node: node174 (i-1e23ff7c)>, u'i-f423ff96': <Node: node187 (i-f423ff96)>, u'i-d622feb4': <Node: node074 (i-d622feb4)>, u'i-2022fe42': <Node: node017 (i-2022fe42)>, u'i-f422fe96': <Node: node059 (i-f422fe96)>, u'i-e222fe80': <Node: node048 (i-e222fe80)>, u'i-b222fed0': <Node: node088 (i-b222fed0)>, u'i-2c22fe4e': <Node: node023 (i-2c22fe4e)>, u'i-3822fe5a': <Node: node029 (i-3822fe5a)>, u'i-0c23ff6e': <Node: node167 (i-0c23ff6e)>, u'i-8c22feee': <Node: node103 (i-8c22feee)>, u'i-7c23ff1e': <Node: node127 (i-7c23ff1e)>, u'i-f623ff94': <Node: node186 (i-f623ff94)>, u'i-8822feea': <Node: node101 (i-8822feea)>, u'i-3222fe50': <Node: node024 (i-3222fe50)>, u'i-5222fe30': <Node: node009 (i-5222fe30)>, u'i-4822fe2a': <Node: node006 (i-4822fe2a)>, u'i-a622fec4': <Node: node082 (i-a622fec4)>, u'i-f823ff9a': <Node: node189 (i-f823ff9a)>, u'i-4423ff26': <Node: node131 (i-4423ff26)>, u'i-6223ff00': <Node: node112 (i-6223ff00)>, u'i-4a23ff28': <Node: node132 (i-4a23ff28)>, u'i-7c22fe1e': <Node: master (i-7c22fe1e)>, u'i-2623ff44': <Node: node146 (i-2623ff44)>, u'i-c222fea0': <Node: node064 (i-c222fea0)>, u'i-2823ff4a': <Node: node149 (i-2823ff4a)>, u'i-1c22fe7e': <Node: node047 (i-1c22fe7e)>, u'i-5e23ff3c': <Node: node142 (i-5e23ff3c)>, u'i-4e22fe2c': <Node: node007 (i-4e22fe2c)>, u'i-4c23ff2e': <Node: node135 (i-4c23ff2e)>, u'i-9222fef0': <Node: node104 (i-9222fef0)>, u'i-da22feb8': <Node: node076 (i-da22feb8)>, u'i-7e23ff1c': <Node: node126 (i-7e23ff1c)>, u'i-5e22fe3c': <Node: node014 (i-5e22fe3c)>, u'i-5a23ff38': <Node: node140 (i-5a23ff38)>, u'i-ce22feac': <Node: node070 (i-ce22feac)>, u'i-8022fee2': <Node: node097 (i-8022fee2)>, u'i-f822fe9a': <Node: node061 (i-f822fe9a)>, u'i-e223ff80': <Node: node176 (i-e223ff80)>, u'i-0c22fe6e': <Node: node039 (i-0c22fe6e)>, u'i-5223ff30': <Node: node136 (i-5223ff30)>, u'i-2622fe44': <Node: node018 (i-2622fe44)>, u'i-5423ff36': <Node: node139 (i-5423ff36)>, u'i-6823ff0a': <Node: node117 (i-6823ff0a)>, u'i-4222fe20': <Node: node001 (i-4222fe20)>, u'i-4823ff2a': <Node: node133 (i-4823ff2a)>, u'i-9422fef6': <Node: node107 (i-9422fef6)>, u'i-7423ff16': <Node: node123 (i-7423ff16)>, u'i-1622fe74': <Node: node042 (i-1622fe74)>, u'i-1c23ff7e': <Node: node175 (i-1c23ff7e)>, u'i-0423ff66': <Node: node163 (i-0423ff66)>, u'i-7823ff1a': <Node: node125 (i-7823ff1a)>, u'i-1a22fe78': <Node: node044 (i-1a22fe78)>, u'i-5023ff32': <Node: node137 (i-5023ff32)>, u'i-2423ff46': <Node: node147 (i-2423ff46)>, u'i-4022fe22': <Node: node002 (i-4022fe22)>, u'i-7023ff12': <Node: node121 (i-7023ff12)>, u'i-b622fed4': <Node: node090 (i-b622fed4)>, u'i-f222fe90': <Node: node056 (i-f222fe90)>, u'i-ee22fe8c': <Node: node054 (i-ee22fe8c)>, u'i-c022fea2': <Node: node065 (i-c022fea2)>, u'i-5c23ff3e': <Node: node143 (i-5c23ff3e)>, u'i-1a23ff78': <Node: node172 (i-1a23ff78)>, u'i-1623ff74': <Node: node170 (i-1623ff74)>, u'i-fc23ff9e': <Node: node191 (i-fc23ff9e)>, u'i-2e22fe4c': <Node: node022 (i-2e22fe4c)>, u'i-ee23ff8c': <Node: node182 (i-ee23ff8c)>, u'i-e022fe82': <Node: node049 (i-e022fe82)>, u'i-8e22feec': <Node: node102 (i-8e22feec)>, u'i-9a22fef8': <Node: node108 (i-9a22fef8)>, u'i-5a22fe38': <Node: node012 (i-5a22fe38)>, u'i-3c23ff5e': <Node: node159 (i-3c23ff5e)>, u'i-de22febc': <Node: node078 (i-de22febc)>, u'i-fa23ff98': <Node: node188 (i-fa23ff98)>, u'i-4622fe24': <Node: node003 (i-4622fe24)>, u'i-b422fed6': <Node: node091 (i-b422fed6)>, u'i-9622fef4': <Node: node106 (i-9622fef4)>, u'i-6023ff02': <Node: node113 (i-6023ff02)>, u'i-1823ff7a': <Node: node173 (i-1823ff7a)>, u'i-f022fe92': <Node: node057 (i-f022fe92)>, u'i-3423ff56': <Node: node155 (i-3423ff56)>, u'i-fc22fe9e': <Node: node063 (i-fc22fe9e)>, u'i-c623ffa4': <Node: node194 (i-c623ffa4)>, u'i-a222fec0': <Node: node080 (i-a222fec0)>, u'i-0223ff60': <Node: node160 (i-0223ff60)>, u'i-3823ff5a': <Node: node157 (i-3823ff5a)>, u'i-ce23ffac': <Node: node198 (i-ce23ffac)>, u'i-2a22fe48': <Node: node020 (i-2a22fe48)>, u'i-2a23ff48': <Node: node148 (i-2a23ff48)>, u'i-2222fe40': <Node: node016 (i-2222fe40)>, u'i-0422fe66': <Node: node035 (i-0422fe66)>, u'i-7223ff10': <Node: node120 (i-7223ff10)>, u'i-ec22fe8e': <Node: node055 (i-ec22fe8e)>, u'i-ea22fe88': <Node: node052 (i-ea22fe88)>, u'i-e422fe86': <Node: node051 (i-e422fe86)>, u'i-c223ffa0': <Node: node192 (i-c223ffa0)>, u'i-1023ff72': <Node: node169 (i-1023ff72)>, u'i-7a23ff18': <Node: node124 (i-7a23ff18)>, u'i-fe22fe9c': <Node: node062 (i-fe22fe9c)>, u'i-c423ffa6': <Node: node195 (i-c423ffa6)>, u'i-f622fe94': <Node: node058 (i-f622fe94)>, u'i-0622fe64': <Node: node034 (i-0622fe64)>, u'i-2023ff42': <Node: node145 (i-2023ff42)>, u'i-0e23ff6c': <Node: node166 (i-0e23ff6c)>, u'i-0823ff6a': <Node: node165 (i-0823ff6a)>, u'i-1022fe72': <Node: node041 (i-1022fe72)>, u'i-0623ff64': <Node: node162 (i-0623ff64)>, u'i-cc22feae': <Node: node071 (i-cc22feae)>, u'i-0a22fe68': <Node: node036 (i-0a22fe68)>, u'i-6623ff04': <Node: node114 (i-6623ff04)>, u'i-aa22fec8': <Node: node084 (i-aa22fec8)>, u'i-2e23ff4c': <Node: node150 (i-2e23ff4c)>, u'i-c422fea6': <Node: node067 (i-c422fea6)>, u'i-ea23ff88': <Node: node180 (i-ea23ff88)>, u'i-d022feb2': <Node: node073 (i-d022feb2)>, u'i-4e23ff2c': <Node: node134 (i-4e23ff2c)>, u'i-3e23ff5c': <Node: node158 (i-3e23ff5c)>, u'i-e623ff84': <Node: node178 (i-e623ff84)>, u'i-5823ff3a': <Node: node141 (i-5823ff3a)>, u'i-3e22fe5c': <Node: node030 (i-3e22fe5c)>, u'i-0822fe6a': <Node: node037 (i-0822fe6a)>, u'i-c622fea4': <Node: node066 (i-c622fea4)>, u'i-dc22febe': <Node: node079 (i-dc22febe)>, u'i-0023ff62': <Node: node161 (i-0023ff62)>, u'i-1223ff70': <Node: node168 (i-1223ff70)>, u'i-c023ffa2': <Node: node193 (i-c023ffa2)>, u'i-0e22fe6c': <Node: node038 (i-0e22fe6c)>, u'i-6e23ff0c': <Node: node118 (i-6e23ff0c)>, u'i-c823ffaa': <Node: node197 (i-c823ffaa)>, u'i-2822fe4a': <Node: node021 (i-2822fe4a)>, u'i-1e22fe7c': <Node: node046 (i-1e22fe7c)>, u'i-3a22fe58': <Node: node028 (i-3a22fe58)>, u'i-e023ff82': <Node: node177 (i-e023ff82)>, u'i-bc22fede': <Node: node095 (i-bc22fede)>, u'i-d422feb6': <Node: node075 (i-d422feb6)>, u'i-5623ff34': <Node: node138 (i-5623ff34)>, u'i-1222fe70': <Node: node040 (i-1222fe70)>, u'i-9022fef2': <Node: node105 (i-9022fef2)>, u'i-b022fed2': <Node: node089 (i-b022fed2)>, u'i-be22fedc': <Node: node094 (i-be22fedc)>, u'i-a422fec6': <Node: node083 (i-a422fec6)>, u'i-0a23ff68': <Node: node164 (i-0a23ff68)>, u'i-3022fe52': <Node: node025 (i-3022fe52)>, u'i-d222feb0': <Node: node072 (i-d222feb0)>, u'i-4223ff20': <Node: node128 (i-4223ff20)>, u'i-c822feaa': <Node: node069 (i-c822feaa)>, u'i-8622fee4': <Node: node098 (i-8622fee4)>, u'i-4c22fe2e': <Node: node008 (i-4c22fe2e)>, u'i-4623ff24': <Node: node130 (i-4623ff24)>, u'i-cc23ffae': <Node: node199 (i-cc23ffae)>, u'i-1822fe7a': <Node: node045 (i-1822fe7a)>, u'i-1422fe76': <Node: node043 (i-1422fe76)>, u'i-fe23ff9c': <Node: node190 (i-fe23ff9c)>, u'i-5822fe3a': <Node: node013 (i-5822fe3a)>, u'i-2223ff40': <Node: node144 (i-2223ff40)>, u'i-f223ff90': <Node: node184 (i-f223ff90)>, u'i-b822feda': <Node: node093 (i-b822feda)>, u'i-3422fe56': <Node: node027 (i-3422fe56)>, u'i-3223ff50': <Node: node152 (i-3223ff50)>, u'i-0222fe60': <Node: node032 (i-0222fe60)>, u'i-ec23ff8e': <Node: node183 (i-ec23ff8e)>, u'i-2422fe46': <Node: node019 (i-2422fe46)>, u'i-3623ff54': <Node: node154 (i-3623ff54)>, u'i-4422fe26': <Node: node004 (i-4422fe26)>, u'i-4a22fe28': <Node: node005 (i-4a22fe28)>, u'i-3023ff52': <Node: node153 (i-3023ff52)>, u'i-5622fe34': <Node: node010 (i-5622fe34)>, u'i-3c22fe5e': <Node: node031 (i-3c22fe5e)>, u'i-a022fec2': <Node: node081 (i-a022fec2)>, u'i-9822fefa': <Node: node109 (i-9822fefa)>, u'i-3622fe54': <Node: node026 (i-3622fe54)>, u'i-4023ff22': <Node: node129 (i-4023ff22)>, u'i-e622fe84': <Node: node050 (i-e622fe84)>, u'i-d822feba': <Node: node077 (i-d822feba)>, u'i-5c22fe3e': <Node: node015 (i-5c22fe3e)>, u'i-3a23ff58': <Node: node156 (i-3a23ff58)>, u'i-ca23ffa8': <Node: node196 (i-ca23ffa8)>, u'i-e423ff86': <Node: node179 (i-e423ff86)>, u'i-e823ff8a': <Node: node181 (i-e823ff8a)>, u'i-8422fee6': <Node: node099 (i-8422fee6)>, u'i-1423ff76': <Node: node171 (i-1423ff76)>, u'i-8222fee0': <Node: node096 (i-8222fee0)>, u'i-f023ff92': <Node: node185 (i-f023ff92)>, u'i-ac22fece': <Node: node087 (i-ac22fece)>, u'i-9e22fefc': <Node: node110 (i-9e22fefc)>, u'i-8a22fee8': <Node: node100 (i-8a22fee8)>, u'i-5422fe36': <Node: node011 (i-5422fe36)>, u'i-2c23ff4e': <Node: node151 (i-2c23ff4e)>, u'i-9c22fefe': <Node: node111 (i-9c22fefe)>, u'i-7623ff14': <Node: node122 (i-7623ff14)>, u'i-6a23ff08': <Node: node116 (i-6a23ff08)>, u'i-fa22fe98': <Node: node060 (i-fa22fe98)>, u'i-ca22fea8': <Node: node068 (i-ca22fea8)>, u'i-e822fe8a': <Node: node053 (i-e822fe8a)>, u'i-ba22fed8': <Node: node092 (i-ba22fed8)>, u'i-6c23ff0e': <Node: node119 (i-6c23ff0e)>}
2011-12-22 03:21:50,485 PID: 30641 cluster.py:663 - DEBUG - updating existing node i-7c22fe1e in self._nodes
2011-12-22 03:21:50,485 PID: 30641 cluster.py:663 - DEBUG - updating existing node i-4222fe20 in self._nodes
2011-12-22 03:21:50,486 PID: 30641 cluster.py:663 - DEBUG - updating existing node i-4022fe22 in self._nodes
2011-12-22 03:21:50,486 PID: 30641 cluster.py:663 - DEBUG - updating existing node i-4622fe24 in self._nodes
2011-12-22 03:21:50,486 PID: 30641 cluster.py:663 - DEBUG - updating existing node i-4422fe26 in self._nodes
2011-12-22 03:21:50,486 PID: 30641 cluster.py:663 - DEBUG - updating existing node i-4a22fe28 in self._nodes
2011-12-22 03:21:50,487 PID: 30641 cluster.py:663 - DEBUG - updating existing node i-4822fe2a in self._nodes
2011-12-22 03:21:50,487 PID: 30641 cluster.py:663 - DEBUG - updating existing node i-4e22fe2c in self._nodes
2011-12-22 03:21:50,487 PID: 30641 cluster.py:663 - DEBUG - updating existing node i-4c22fe2e in self._nodes
2011-12-22 03:21:50,487 PID: 30641 cluster.py:663 - DEBUG - updating existing node i-5222fe30 in self._nodes
2011-12-22 03:21:50,487 PID: 30641 cluster.py:663 - DEBUG - updating existing node i-5622fe34 in self._nodes
2011-12-22 03:21:50,488 PID: 30641 cluster.py:663 - DEBUG - updating existing node i-5422fe36 in self._nodes
2011-12-22 03:21:50,488 PID: 30641 cluster.py:663 - DEBUG - updating existing node i-5a22fe38 in self._nodes
2011-12-22 03:21:50,488 PID: 30641 cluster.py:663 - DEBUG - updating existing node i-5822fe3a in self._nodes
2011-12-22 03:21:50,488 PID: 30641 cluster.py:663 - DEBUG - updating existing node i-5e22fe3c in self._nodes
2011-12-22 03:21:50,489 PID: 30641 cluster.py:663 - DEBUG - updating existing node i-5c22fe3e in self._nodes
2011-12-22 03:21:50,489 PID: 30641 cluster.py:663 - DEBUG - updating existing node i-2222fe40 in self._nodes
2011-12-22 03:21:50,489 PID: 30641 cluster.py:663 - DEBUG - updating existing node i-2022fe42 in self._nodes
2011-12-22 03:21:50,489 PID: 30641 cluster.py:663 - DEBUG - updating existing node i-2622fe44 in self._nodes
2011-12-22 03:21:50,490 PID: 30641 cluster.py:663 - DEBUG - updating existing node i-2422fe46 in self._nodes
2011-12-22 03:21:50,490 PID: 30641 cluster.py:663 - DEBUG - updating existing node i-2a22fe48 in self._nodes
2011-12-22 03:21:50,490 PID: 30641 cluster.py:663 - DEBUG - updating existing node i-2822fe4a in self._nodes
2011-12-22 03:21:50,490 PID: 30641 cluster.py:663 - DEBUG - updating existing node i-2e22fe4c in self._nodes
2011-12-22 03:21:50,491 PID: 30641 cluster.py:663 - DEBUG - updating existing node i-2c22fe4e in self._nodes
2011-12-22 03:21:50,491 PID: 30641 cluster.py:663 - DEBUG - updating existing node i-3222fe50 in self._nodes
2011-12-22 03:21:50,491 PID: 30641 cluster.py:663 - DEBUG - updating existing node i-3022fe52 in self._nodes
2011-12-22 03:21:50,491 PID: 30641 cluster.py:663 - DEBUG - updating existing node i-3622fe54 in self._nodes
2011-12-22 03:21:50,491 PID: 30641 cluster.py:663 - DEBUG - updating existing node i-3422fe56 in self._nodes
2011-12-22 03:21:50,492 PID: 30641 cluster.py:663 - DEBUG - updating existing node i-3a22fe58 in self._nodes
2011-12-22 03:21:50,492 PID: 30641 cluster.py:663 - DEBUG - updating existing node i-3822fe5a in self._nodes
2011-12-22 03:21:50,492 PID: 30641 cluster.py:663 - DEBUG - updating existing node i-3e22fe5c in self._nodes
2011-12-22 03:21:50,493 PID: 30641 cluster.py:663 - DEBUG - updating existing node i-3c22fe5e in self._nodes
2011-12-22 03:21:50,493 PID: 30641 cluster.py:663 - DEBUG - updating existing node i-0222fe60 in self._nodes
2011-12-22 03:21:50,493 PID: 30641 cluster.py:663 - DEBUG - updating existing node i-0022fe62 in self._nodes
2011-12-22 03:21:50,494 PID: 30641 cluster.py:663 - DEBUG - updating existing node i-0622fe64 in self._nodes
2011-12-22 03:21:50,494 PID: 30641 cluster.py:663 - DEBUG - updating existing node i-0422fe66 in self._nodes
2011-12-22 03:21:50,494 PID: 30641 cluster.py:663 - DEBUG - updating existing node i-0a22fe68 in self._nodes
2011-12-22 03:21:50,494 PID: 30641 cluster.py:663 - DEBUG - updating existing node i-0822fe6a in self._nodes
2011-12-22 03:21:50,495 PID: 30641 cluster.py:663 - DEBUG - updating existing node i-0e22fe6c in self._nodes
2011-12-22 03:21:50,495 PID: 30641 cluster.py:663 - DEBUG - updating existing node i-0c22fe6e in self._nodes
2011-12-22 03:21:50,495 PID: 30641 cluster.py:663 - DEBUG - updating existing node i-1222fe70 in self._nodes
2011-12-22 03:21:50,495 PID: 30641 cluster.py:663 - DEBUG - updating existing node i-1022fe72 in self._nodes
2011-12-22 03:21:50,496 PID: 30641 cluster.py:663 - DEBUG - updating existing node i-1622fe74 in self._nodes
2011-12-22 03:21:50,496 PID: 30641 cluster.py:663 - DEBUG - updating existing node i-1422fe76 in self._nodes
2011-12-22 03:21:50,497 PID: 30641 cluster.py:663 - DEBUG - updating existing node i-1a22fe78 in self._nodes
2011-12-22 03:21:50,497 PID: 30641 cluster.py:663 - DEBUG - updating existing node i-1822fe7a in self._nodes
2011-12-22 03:21:50,497 PID: 30641 cluster.py:663 - DEBUG - updating existing node i-1e22fe7c in self._nodes
2011-12-22 03:21:50,498 PID: 30641 cluster.py:663 - DEBUG - updating existing node i-1c22fe7e in self._nodes
2011-12-22 03:21:50,499 PID: 30641 cluster.py:663 - DEBUG - updating existing node i-e222fe80 in self._nodes
2011-12-22 03:21:50,499 PID: 30641 cluster.py:663 - DEBUG - updating existing node i-e022fe82 in self._nodes
2011-12-22 03:21:50,500 PID: 30641 cluster.py:663 - DEBUG - updating existing node i-e622fe84 in self._nodes
2011-12-22 03:21:50,500 PID: 30641 cluster.py:663 - DEBUG - updating existing node i-e422fe86 in self._nodes
2011-12-22 03:21:50,500 PID: 30641 cluster.py:663 - DEBUG - updating existing node i-ea22fe88 in self._nodes
2011-12-22 03:21:50,500 PID: 30641 cluster.py:663 - DEBUG - updating existing node i-e822fe8a in self._nodes
2011-12-22 03:21:50,501 PID: 30641 cluster.py:663 - DEBUG - updating existing node i-ee22fe8c in self._nodes
2011-12-22 03:21:50,501 PID: 30641 cluster.py:663 - DEBUG - updating existing node i-ec22fe8e in self._nodes
2011-12-22 03:21:50,501 PID: 30641 cluster.py:663 - DEBUG - updating existing node i-f222fe90 in self._nodes
2011-12-22 03:21:50,501 PID: 30641 cluster.py:663 - DEBUG - updating existing node i-f022fe92 in self._nodes
2011-12-22 03:21:50,502 PID: 30641 cluster.py:663 - DEBUG - updating existing node i-f622fe94 in self._nodes
2011-12-22 03:21:50,502 PID: 30641 cluster.py:663 - DEBUG - updating existing node i-f422fe96 in self._nodes
2011-12-22 03:21:50,502 PID: 30641 cluster.py:663 - DEBUG - updating existing node i-fa22fe98 in self._nodes
2011-12-22 03:21:50,502 PID: 30641 cluster.py:663 - DEBUG - updating existing node i-f822fe9a in self._nodes
2011-12-22 03:21:50,502 PID: 30641 cluster.py:663 - DEBUG - updating existing node i-fe22fe9c in self._nodes
2011-12-22 03:21:50,503 PID: 30641 cluster.py:663 - DEBUG - updating existing node i-fc22fe9e in self._nodes
2011-12-22 03:21:50,503 PID: 30641 cluster.py:663 - DEBUG - updating existing node i-c222fea0 in self._nodes
2011-12-22 03:21:50,503 PID: 30641 cluster.py:663 - DEBUG - updating existing node i-c022fea2 in self._nodes
2011-12-22 03:21:50,503 PID: 30641 cluster.py:663 - DEBUG - updating existing node i-c622fea4 in self._nodes
2011-12-22 03:21:50,504 PID: 30641 cluster.py:663 - DEBUG - updating existing node i-c422fea6 in self._nodes
2011-12-22 03:21:50,504 PID: 30641 cluster.py:663 - DEBUG - updating existing node i-ca22fea8 in self._nodes
2011-12-22 03:21:50,504 PID: 30641 cluster.py:663 - DEBUG - updating existing node i-c822feaa in self._nodes
2011-12-22 03:21:50,504 PID: 30641 cluster.py:663 - DEBUG - updating existing node i-ce22feac in self._nodes
2011-12-22 03:21:50,505 PID: 30641 cluster.py:663 - DEBUG - updating existing node i-cc22feae in self._nodes
2011-12-22 03:21:50,505 PID: 30641 cluster.py:663 - DEBUG - updating existing node i-d222feb0 in self._nodes
2011-12-22 03:21:50,505 PID: 30641 cluster.py:663 - DEBUG - updating existing node i-d022feb2 in self._nodes
2011-12-22 03:21:50,505 PID: 30641 cluster.py:663 - DEBUG - updating existing node i-d622feb4 in self._nodes
2011-12-22 03:21:50,505 PID: 30641 cluster.py:663 - DEBUG - updating existing node i-d422feb6 in self._nodes
2011-12-22 03:21:50,506 PID: 30641 cluster.py:663 - DEBUG - updating existing node i-da22feb8 in self._nodes
2011-12-22 03:21:50,506 PID: 30641 cluster.py:663 - DEBUG - updating existing node i-d822feba in self._nodes
2011-12-22 03:21:50,506 PID: 30641 cluster.py:663 - DEBUG - updating existing node i-de22febc in self._nodes
2011-12-22 03:21:50,506 PID: 30641 cluster.py:663 - DEBUG - updating existing node i-dc22febe in self._nodes
2011-12-22 03:21:50,507 PID: 30641 cluster.py:663 - DEBUG - updating existing node i-a222fec0 in self._nodes
2011-12-22 03:21:50,507 PID: 30641 cluster.py:663 - DEBUG - updating existing node i-a022fec2 in self._nodes
2011-12-22 03:21:50,507 PID: 30641 cluster.py:663 - DEBUG - updating existing node i-a622fec4 in self._nodes
2011-12-22 03:21:50,507 PID: 30641 cluster.py:663 - DEBUG - updating existing node i-a422fec6 in self._nodes
2011-12-22 03:21:50,508 PID: 30641 cluster.py:663 - DEBUG - updating existing node i-aa22fec8 in self._nodes
2011-12-22 03:21:50,508 PID: 30641 cluster.py:663 - DEBUG - updating existing node i-a822feca in self._nodes
2011-12-22 03:21:50,508 PID: 30641 cluster.py:663 - DEBUG - updating existing node i-ae22fecc in self._nodes
2011-12-22 03:21:50,508 PID: 30641 cluster.py:663 - DEBUG - updating existing node i-ac22fece in self._nodes
2011-12-22 03:21:50,509 PID: 30641 cluster.py:663 - DEBUG - updating existing node i-b222fed0 in self._nodes
2011-12-22 03:21:50,509 PID: 30641 cluster.py:663 - DEBUG - updating existing node i-b022fed2 in self._nodes
2011-12-22 03:21:50,509 PID: 30641 cluster.py:663 - DEBUG - updating existing node i-b622fed4 in self._nodes
2011-12-22 03:21:50,509 PID: 30641 cluster.py:663 - DEBUG - updating existing node i-b422fed6 in self._nodes
2011-12-22 03:21:50,509 PID: 30641 cluster.py:663 - DEBUG - updating existing node i-ba22fed8 in self._nodes
2011-12-22 03:21:50,510 PID: 30641 cluster.py:663 - DEBUG - updating existing node i-b822feda in self._nodes
2011-12-22 03:21:50,510 PID: 30641 cluster.py:663 - DEBUG - updating existing node i-be22fedc in self._nodes
2011-12-22 03:21:50,510 PID: 30641 cluster.py:663 - DEBUG - updating existing node i-bc22fede in self._nodes
2011-12-22 03:21:50,510 PID: 30641 cluster.py:663 - DEBUG - updating existing node i-8222fee0 in self._nodes
2011-12-22 03:21:50,511 PID: 30641 cluster.py:663 - DEBUG - updating existing node i-8022fee2 in self._nodes
2011-12-22 03:21:50,511 PID: 30641 cluster.py:663 - DEBUG - updating existing node i-8622fee4 in self._nodes
2011-12-22 03:21:50,511 PID: 30641 cluster.py:663 - DEBUG - updating existing node i-8422fee6 in self._nodes
2011-12-22 03:21:50,512 PID: 30641 cluster.py:663 - DEBUG - updating existing node i-8a22fee8 in self._nodes
2011-12-22 03:21:50,512 PID: 30641 cluster.py:663 - DEBUG - updating existing node i-8822feea in self._nodes
2011-12-22 03:21:50,512 PID: 30641 cluster.py:663 - DEBUG - updating existing node i-8e22feec in self._nodes
2011-12-22 03:21:50,512 PID: 30641 cluster.py:663 - DEBUG - updating existing node i-8c22feee in self._nodes
2011-12-22 03:21:50,513 PID: 30641 cluster.py:663 - DEBUG - updating existing node i-9222fef0 in self._nodes
2011-12-22 03:21:50,513 PID: 30641 cluster.py:663 - DEBUG - updating existing node i-9022fef2 in self._nodes
2011-12-22 03:21:50,513 PID: 30641 cluster.py:663 - DEBUG - updating existing node i-9622fef4 in self._nodes
2011-12-22 03:21:50,513 PID: 30641 cluster.py:663 - DEBUG - updating existing node i-9422fef6 in self._nodes
2011-12-22 03:21:50,514 PID: 30641 cluster.py:663 - DEBUG - updating existing node i-9a22fef8 in self._nodes
2011-12-22 03:21:50,514 PID: 30641 cluster.py:663 - DEBUG - updating existing node i-9822fefa in self._nodes
2011-12-22 03:21:50,514 PID: 30641 cluster.py:663 - DEBUG - updating existing node i-9e22fefc in self._nodes
2011-12-22 03:21:50,514 PID: 30641 cluster.py:663 - DEBUG - updating existing node i-9c22fefe in self._nodes
2011-12-22 03:21:50,515 PID: 30641 cluster.py:663 - DEBUG - updating existing node i-6223ff00 in self._nodes
2011-12-22 03:21:50,515 PID: 30641 cluster.py:663 - DEBUG - updating existing node i-6023ff02 in self._nodes
2011-12-22 03:21:50,515 PID: 30641 cluster.py:663 - DEBUG - updating existing node i-6623ff04 in self._nodes
2011-12-22 03:21:50,515 PID: 30641 cluster.py:663 - DEBUG - updating existing node i-6423ff06 in self._nodes
2011-12-22 03:21:50,516 PID: 30641 cluster.py:663 - DEBUG - updating existing node i-6a23ff08 in self._nodes
2011-12-22 03:21:50,516 PID: 30641 cluster.py:663 - DEBUG - updating existing node i-6823ff0a in self._nodes
2011-12-22 03:21:50,516 PID: 30641 cluster.py:663 - DEBUG - updating existing node i-6e23ff0c in self._nodes
2011-12-22 03:21:50,516 PID: 30641 cluster.py:663 - DEBUG - updating existing node i-6c23ff0e in self._nodes
2011-12-22 03:21:50,517 PID: 30641 cluster.py:663 - DEBUG - updating existing node i-7223ff10 in self._nodes
2011-12-22 03:21:50,517 PID: 30641 cluster.py:663 - DEBUG - updating existing node i-7023ff12 in self._nodes
2011-12-22 03:21:50,517 PID: 30641 cluster.py:663 - DEBUG - updating existing node i-7623ff14 in self._nodes
2011-12-22 03:21:50,517 PID: 30641 cluster.py:663 - DEBUG - updating existing node i-7423ff16 in self._nodes
2011-12-22 03:21:50,518 PID: 30641 cluster.py:663 - DEBUG - updating existing node i-7a23ff18 in self._nodes
2011-12-22 03:21:50,518 PID: 30641 cluster.py:663 - DEBUG - updating existing node i-7823ff1a in self._nodes
2011-12-22 03:21:50,518 PID: 30641 cluster.py:663 - DEBUG - updating existing node i-7e23ff1c in self._nodes
2011-12-22 03:21:50,518 PID: 30641 cluster.py:663 - DEBUG - updating existing node i-7c23ff1e in self._nodes
2011-12-22 03:21:50,518 PID: 30641 cluster.py:663 - DEBUG - updating existing node i-4223ff20 in self._nodes
2011-12-22 03:21:50,519 PID: 30641 cluster.py:663 - DEBUG - updating existing node i-4023ff22 in self._nodes
2011-12-22 03:21:50,519 PID: 30641 cluster.py:663 - DEBUG - updating existing node i-4623ff24 in self._nodes
2011-12-22 03:21:50,519 PID: 30641 cluster.py:663 - DEBUG - updating existing node i-4423ff26 in self._nodes
2011-12-22 03:21:50,520 PID: 30641 cluster.py:663 - DEBUG - updating existing node i-4a23ff28 in self._nodes
2011-12-22 03:21:50,520 PID: 30641 cluster.py:663 - DEBUG - updating existing node i-4823ff2a in self._nodes
2011-12-22 03:21:50,520 PID: 30641 cluster.py:663 - DEBUG - updating existing node i-4e23ff2c in self._nodes
2011-12-22 03:21:50,520 PID: 30641 cluster.py:663 - DEBUG - updating existing node i-4c23ff2e in self._nodes
2011-12-22 03:21:50,521 PID: 30641 cluster.py:663 - DEBUG - updating existing node i-5223ff30 in self._nodes
2011-12-22 03:21:50,521 PID: 30641 cluster.py:663 - DEBUG - updating existing node i-5023ff32 in self._nodes
2011-12-22 03:21:50,521 PID: 30641 cluster.py:663 - DEBUG - updating existing node i-5623ff34 in self._nodes
2011-12-22 03:21:50,521 PID: 30641 cluster.py:663 - DEBUG - updating existing node i-5423ff36 in self._nodes
2011-12-22 03:21:50,521 PID: 30641 cluster.py:663 - DEBUG - updating existing node i-5a23ff38 in self._nodes
2011-12-22 03:21:50,522 PID: 30641 cluster.py:663 - DEBUG - updating existing node i-5823ff3a in self._nodes
2011-12-22 03:21:50,522 PID: 30641 cluster.py:663 - DEBUG - updating existing node i-5e23ff3c in self._nodes
2011-12-22 03:21:50,522 PID: 30641 cluster.py:663 - DEBUG - updating existing node i-5c23ff3e in self._nodes
2011-12-22 03:21:50,522 PID: 30641 cluster.py:663 - DEBUG - updating existing node i-2223ff40 in self._nodes
2011-12-22 03:21:50,523 PID: 30641 cluster.py:663 - DEBUG - updating existing node i-2023ff42 in self._nodes
2011-12-22 03:21:50,523 PID: 30641 cluster.py:663 - DEBUG - updating existing node i-2623ff44 in self._nodes
2011-12-22 03:21:50,523 PID: 30641 cluster.py:663 - DEBUG - updating existing node i-2423ff46 in self._nodes
2011-12-22 03:21:50,523 PID: 30641 cluster.py:663 - DEBUG - updating existing node i-2a23ff48 in self._nodes
2011-12-22 03:21:50,524 PID: 30641 cluster.py:663 - DEBUG - updating existing node i-2823ff4a in self._nodes
2011-12-22 03:21:50,524 PID: 30641 cluster.py:663 - DEBUG - updating existing node i-2e23ff4c in self._nodes
2011-12-22 03:21:50,524 PID: 30641 cluster.py:663 - DEBUG - updating existing node i-2c23ff4e in self._nodes
2011-12-22 03:21:50,524 PID: 30641 cluster.py:663 - DEBUG - updating existing node i-3223ff50 in self._nodes
2011-12-22 03:21:50,525 PID: 30641 cluster.py:663 - DEBUG - updating existing node i-3023ff52 in self._nodes
2011-12-22 03:21:50,525 PID: 30641 cluster.py:663 - DEBUG - updating existing node i-3623ff54 in self._nodes
2011-12-22 03:21:50,525 PID: 30641 cluster.py:663 - DEBUG - updating existing node i-3423ff56 in self._nodes
2011-12-22 03:21:50,525 PID: 30641 cluster.py:663 - DEBUG - updating existing node i-3a23ff58 in self._nodes
2011-12-22 03:21:50,526 PID: 30641 cluster.py:663 - DEBUG - updating existing node i-3823ff5a in self._nodes
2011-12-22 03:21:50,526 PID: 30641 cluster.py:663 - DEBUG - updating existing node i-3e23ff5c in self._nodes
2011-12-22 03:21:50,526 PID: 30641 cluster.py:663 - DEBUG - updating existing node i-3c23ff5e in self._nodes
2011-12-22 03:21:50,526 PID: 30641 cluster.py:663 - DEBUG - updating existing node i-0223ff60 in self._nodes
2011-12-22 03:21:50,526 PID: 30641 cluster.py:663 - DEBUG - updating existing node i-0023ff62 in self._nodes
2011-12-22 03:21:50,527 PID: 30641 cluster.py:663 - DEBUG - updating existing node i-0623ff64 in self._nodes
2011-12-22 03:21:50,527 PID: 30641 cluster.py:663 - DEBUG - updating existing node i-0423ff66 in self._nodes
2011-12-22 03:21:50,527 PID: 30641 cluster.py:663 - DEBUG - updating existing node i-0a23ff68 in self._nodes
2011-12-22 03:21:50,528 PID: 30641 cluster.py:663 - DEBUG - updating existing node i-0823ff6a in self._nodes
2011-12-22 03:21:50,528 PID: 30641 cluster.py:663 - DEBUG - updating existing node i-0e23ff6c in self._nodes
2011-12-22 03:21:50,528 PID: 30641 cluster.py:663 - DEBUG - updating existing node i-0c23ff6e in self._nodes
2011-12-22 03:21:50,528 PID: 30641 cluster.py:663 - DEBUG - updating existing node i-1223ff70 in self._nodes
2011-12-22 03:21:50,528 PID: 30641 cluster.py:663 - DEBUG - updating existing node i-1023ff72 in self._nodes
2011-12-22 03:21:50,529 PID: 30641 cluster.py:663 - DEBUG - updating existing node i-1623ff74 in self._nodes
2011-12-22 03:21:50,529 PID: 30641 cluster.py:663 - DEBUG - updating existing node i-1423ff76 in self._nodes
2011-12-22 03:21:50,529 PID: 30641 cluster.py:663 - DEBUG - updating existing node i-1a23ff78 in self._nodes
2011-12-22 03:21:50,529 PID: 30641 cluster.py:663 - DEBUG - updating existing node i-1823ff7a in self._nodes
2011-12-22 03:21:50,530 PID: 30641 cluster.py:663 - DEBUG - updating existing node i-1e23ff7c in self._nodes
2011-12-22 03:21:50,530 PID: 30641 cluster.py:663 - DEBUG - updating existing node i-1c23ff7e in self._nodes
2011-12-22 03:21:50,530 PID: 30641 cluster.py:663 - DEBUG - updating existing node i-e223ff80 in self._nodes
2011-12-22 03:21:50,530 PID: 30641 cluster.py:663 - DEBUG - updating existing node i-e023ff82 in self._nodes
2011-12-22 03:21:50,531 PID: 30641 cluster.py:663 - DEBUG - updating existing node i-e623ff84 in self._nodes
2011-12-22 03:21:50,531 PID: 30641 cluster.py:663 - DEBUG - updating existing node i-e423ff86 in self._nodes
2011-12-22 03:21:50,531 PID: 30641 cluster.py:663 - DEBUG - updating existing node i-ea23ff88 in self._nodes
2011-12-22 03:21:50,531 PID: 30641 cluster.py:663 - DEBUG - updating existing node i-e823ff8a in self._nodes
2011-12-22 03:21:50,532 PID: 30641 cluster.py:663 - DEBUG - updating existing node i-ee23ff8c in self._nodes
2011-12-22 03:21:50,532 PID: 30641 cluster.py:663 - DEBUG - updating existing node i-ec23ff8e in self._nodes
2011-12-22 03:21:50,532 PID: 30641 cluster.py:663 - DEBUG - updating existing node i-f223ff90 in self._nodes
2011-12-22 03:21:50,532 PID: 30641 cluster.py:663 - DEBUG - updating existing node i-f023ff92 in self._nodes
2011-12-22 03:21:50,533 PID: 30641 cluster.py:663 - DEBUG - updating existing node i-f623ff94 in self._nodes
2011-12-22 03:21:50,533 PID: 30641 cluster.py:663 - DEBUG - updating existing node i-f423ff96 in self._nodes
2011-12-22 03:21:50,533 PID: 30641 cluster.py:663 - DEBUG - updating existing node i-fa23ff98 in self._nodes
2011-12-22 03:21:50,533 PID: 30641 cluster.py:663 - DEBUG - updating existing node i-f823ff9a in self._nodes
2011-12-22 03:21:50,533 PID: 30641 cluster.py:663 - DEBUG - updating existing node i-fe23ff9c in self._nodes
2011-12-22 03:21:50,534 PID: 30641 cluster.py:663 - DEBUG - updating existing node i-fc23ff9e in self._nodes
2011-12-22 03:21:50,534 PID: 30641 cluster.py:663 - DEBUG - updating existing node i-c223ffa0 in self._nodes
2011-12-22 03:21:50,534 PID: 30641 cluster.py:663 - DEBUG - updating existing node i-c023ffa2 in self._nodes
2011-12-22 03:21:50,534 PID: 30641 cluster.py:663 - DEBUG - updating existing node i-c623ffa4 in self._nodes
2011-12-22 03:21:50,535 PID: 30641 cluster.py:663 - DEBUG - updating existing node i-c423ffa6 in self._nodes
2011-12-22 03:21:50,535 PID: 30641 cluster.py:663 - DEBUG - updating existing node i-ca23ffa8 in self._nodes
2011-12-22 03:21:50,535 PID: 30641 cluster.py:663 - DEBUG - updating existing node i-c823ffaa in self._nodes
2011-12-22 03:21:50,535 PID: 30641 cluster.py:663 - DEBUG - updating existing node i-ce23ffac in self._nodes
2011-12-22 03:21:50,536 PID: 30641 cluster.py:663 - DEBUG - updating existing node i-cc23ffae in self._nodes
2011-12-22 03:21:50,537 PID: 30641 cluster.py:676 - DEBUG - returning self._nodes = [<Node: master (i-7c22fe1e)>, <Node: node001 (i-4222fe20)>, <Node: node002 (i-4022fe22)>, <Node: node003 (i-4622fe24)>, <Node: node004 (i-4422fe26)>, <Node: node005 (i-4a22fe28)>, <Node: node006 (i-4822fe2a)>, <Node: node007 (i-4e22fe2c)>, <Node: node008 (i-4c22fe2e)>, <Node: node009 (i-5222fe30)>, <Node: node010 (i-5622fe34)>, <Node: node011 (i-5422fe36)>, <Node: node012 (i-5a22fe38)>, <Node: node013 (i-5822fe3a)>, <Node: node014 (i-5e22fe3c)>, <Node: node015 (i-5c22fe3e)>, <Node: node016 (i-2222fe40)>, <Node: node017 (i-2022fe42)>, <Node: node018 (i-2622fe44)>, <Node: node019 (i-2422fe46)>, <Node: node020 (i-2a22fe48)>, <Node: node021 (i-2822fe4a)>, <Node: node022 (i-2e22fe4c)>, <Node: node023 (i-2c22fe4e)>, <Node: node024 (i-3222fe50)>, <Node: node025 (i-3022fe52)>, <Node: node026 (i-3622fe54)>, <Node: node027 (i-3422fe56)>, <Node: node028 (i-3a22fe58)>, <Node: node029 (i-3822fe5a)>, <Node: node030 (i-3e22fe5c)>, <Node: node031 (i-3c22fe5e)>, <Node: node032 (i-0222fe60)>, <Node: node033 (i-0022fe62)>, <Node: node034 (i-0622fe64)>, <Node: node035 (i-0422fe66)>, <Node: node036 (i-0a22fe68)>, <Node: node037 (i-0822fe6a)>, <Node: node038 (i-0e22fe6c)>, <Node: node039 (i-0c22fe6e)>, <Node: node040 (i-1222fe70)>, <Node: node041 (i-1022fe72)>, <Node: node042 (i-1622fe74)>, <Node: node043 (i-1422fe76)>, <Node: node044 (i-1a22fe78)>, <Node: node045 (i-1822fe7a)>, <Node: node046 (i-1e22fe7c)>, <Node: node047 (i-1c22fe7e)>, <Node: node048 (i-e222fe80)>, <Node: node049 (i-e022fe82)>, <Node: node050 (i-e622fe84)>, <Node: node051 (i-e422fe86)>, <Node: node052 (i-ea22fe88)>, <Node: node053 (i-e822fe8a)>, <Node: node054 (i-ee22fe8c)>, <Node: node055 (i-ec22fe8e)>, <Node: node056 (i-f222fe90)>, <Node: node057 (i-f022fe92)>, <Node: node058 (i-f622fe94)>, <Node: node059 (i-f422fe96)>, <Node: node060 (i-fa22fe98)>, <Node: node061 (i-f822fe9a)>, <Node: node062 (i-fe22fe9c)>, <Node: node063 (i-fc22fe9e)>, <Node: node064 (i-c222fea0)>, <Node: node065 (i-c022fea2)>, <Node: node066 (i-c622fea4)>, <Node: node067 (i-c422fea6)>, <Node: node068 (i-ca22fea8)>, <Node: node069 (i-c822feaa)>, <Node: node070 (i-ce22feac)>, <Node: node071 (i-cc22feae)>, <Node: node072 (i-d222feb0)>, <Node: node073 (i-d022feb2)>, <Node: node074 (i-d622feb4)>, <Node: node075 (i-d422feb6)>, <Node: node076 (i-da22feb8)>, <Node: node077 (i-d822feba)>, <Node: node078 (i-de22febc)>, <Node: node079 (i-dc22febe)>, <Node: node080 (i-a222fec0)>, <Node: node081 (i-a022fec2)>, <Node: node082 (i-a622fec4)>, <Node: node083 (i-a422fec6)>, <Node: node084 (i-aa22fec8)>, <Node: node085 (i-a822feca)>, <Node: node086 (i-ae22fecc)>, <Node: node087 (i-ac22fece)>, <Node: node088 (i-b222fed0)>, <Node: node089 (i-b022fed2)>, <Node: node090 (i-b622fed4)>, <Node: node091 (i-b422fed6)>, <Node: node092 (i-ba22fed8)>, <Node: node093 (i-b822feda)>, <Node: node094 (i-be22fedc)>, <Node: node095 (i-bc22fede)>, <Node: node096 (i-8222fee0)>, <Node: node097 (i-8022fee2)>, <Node: node098 (i-8622fee4)>, <Node: node099 (i-8422fee6)>, <Node: node100 (i-8a22fee8)>, <Node: node101 (i-8822feea)>, <Node: node102 (i-8e22feec)>, <Node: node103 (i-8c22feee)>, <Node: node104 (i-9222fef0)>, <Node: node105 (i-9022fef2)>, <Node: node106 (i-9622fef4)>, <Node: node107 (i-9422fef6)>, <Node: node108 (i-9a22fef8)>, <Node: node109 (i-9822fefa)>, <Node: node110 (i-9e22fefc)>, <Node: node111 (i-9c22fefe)>, <Node: node112 (i-6223ff00)>, <Node: node113 (i-6023ff02)>, <Node: node114 (i-6623ff04)>, <Node: node115 (i-6423ff06)>, <Node: node116 (i-6a23ff08)>, <Node: node117 (i-6823ff0a)>, <Node: node118 (i-6e23ff0c)>, <Node: node119 (i-6c23ff0e)>, <Node: node120 (i-7223ff10)>, <Node: node121 (i-7023ff12)>, <Node: node122 (i-7623ff14)>, <Node: node123 (i-7423ff16)>, <Node: node124 (i-7a23ff18)>, <Node: node125 (i-7823ff1a)>, <Node: node126 (i-7e23ff1c)>, <Node: node127 (i-7c23ff1e)>, <Node: node128 (i-4223ff20)>, <Node: node129 (i-4023ff22)>, <Node: node130 (i-4623ff24)>, <Node: node131 (i-4423ff26)>, <Node: node132 (i-4a23ff28)>, <Node: node133 (i-4823ff2a)>, <Node: node134 (i-4e23ff2c)>, <Node: node135 (i-4c23ff2e)>, <Node: node136 (i-5223ff30)>, <Node: node137 (i-5023ff32)>, <Node: node138 (i-5623ff34)>, <Node: node139 (i-5423ff36)>, <Node: node140 (i-5a23ff38)>, <Node: node141 (i-5823ff3a)>, <Node: node142 (i-5e23ff3c)>, <Node: node143 (i-5c23ff3e)>, <Node: node144 (i-2223ff40)>, <Node: node145 (i-2023ff42)>, <Node: node146 (i-2623ff44)>, <Node: node147 (i-2423ff46)>, <Node: node148 (i-2a23ff48)>, <Node: node149 (i-2823ff4a)>, <Node: node150 (i-2e23ff4c)>, <Node: node151 (i-2c23ff4e)>, <Node: node152 (i-3223ff50)>, <Node: node153 (i-3023ff52)>, <Node: node154 (i-3623ff54)>, <Node: node155 (i-3423ff56)>, <Node: node156 (i-3a23ff58)>, <Node: node157 (i-3823ff5a)>, <Node: node158 (i-3e23ff5c)>, <Node: node159 (i-3c23ff5e)>, <Node: node160 (i-0223ff60)>, <Node: node161 (i-0023ff62)>, <Node: node162 (i-0623ff64)>, <Node: node163 (i-0423ff66)>, <Node: node164 (i-0a23ff68)>, <Node: node165 (i-0823ff6a)>, <Node: node166 (i-0e23ff6c)>, <Node: node167 (i-0c23ff6e)>, <Node: node168 (i-1223ff70)>, <Node: node169 (i-1023ff72)>, <Node: node170 (i-1623ff74)>, <Node: node171 (i-1423ff76)>, <Node: node172 (i-1a23ff78)>, <Node: node173 (i-1823ff7a)>, <Node: node174 (i-1e23ff7c)>, <Node: node175 (i-1c23ff7e)>, <Node: node176 (i-e223ff80)>, <Node: node177 (i-e023ff82)>, <Node: node178 (i-e623ff84)>, <Node: node179 (i-e423ff86)>, <Node: node180 (i-ea23ff88)>, <Node: node181 (i-e823ff8a)>, <Node: node182 (i-ee23ff8c)>, <Node: node183 (i-ec23ff8e)>, <Node: node184 (i-f223ff90)>, <Node: node185 (i-f023ff92)>, <Node: node186 (i-f623ff94)>, <Node: node187 (i-f423ff96)>, <Node: node188 (i-fa23ff98)>, <Node: node189 (i-f823ff9a)>, <Node: node190 (i-fe23ff9c)>, <Node: node191 (i-fc23ff9e)>, <Node: node192 (i-c223ffa0)>, <Node: node193 (i-c023ffa2)>, <Node: node194 (i-c623ffa4)>, <Node: node195 (i-c423ffa6)>, <Node: node196 (i-ca23ffa8)>, <Node: node197 (i-c823ffaa)>, <Node: node198 (i-ce23ffac)>, <Node: node199 (i-cc23ffae)>]
2011-12-22 03:21:58,038 PID: 30641 ssh.py:91 - DEBUG - connecting to host ec2-107-21-128-191.compute-1.amazonaws.com on port 22 as user root
2011-12-22 03:22:02,475 PID: 30641 ssh.py:91 - DEBUG - connecting to host ec2-107-21-67-51.compute-1.amazonaws.com on port 22 as user root
2011-12-22 03:22:36,334 PID: 30641 ssh.py:91 - DEBUG - connecting to host ec2-50-17-49-61.compute-1.amazonaws.com on port 22 as user root
2011-12-22 03:22:39,987 PID: 30641 ssh.py:91 - DEBUG - connecting to host ec2-174-129-113-209.compute-1.amazonaws.com on port 22 as user root
2011-12-22 03:23:00,127 PID: 30641 cluster.py:660 - DEBUG - existing nodes: {u'i-6423ff06': <Node: node115 (i-6423ff06)>, u'i-0022fe62': <Node: node033 (i-0022fe62)>, u'i-ae22fecc': <Node: node086 (i-ae22fecc)>, u'i-a822feca': <Node: node085 (i-a822feca)>, u'i-1e23ff7c': <Node: node174 (i-1e23ff7c)>, u'i-f423ff96': <Node: node187 (i-f423ff96)>, u'i-d622feb4': <Node: node074 (i-d622feb4)>, u'i-2022fe42': <Node: node017 (i-2022fe42)>, u'i-f422fe96': <Node: node059 (i-f422fe96)>, u'i-e222fe80': <Node: node048 (i-e222fe80)>, u'i-b222fed0': <Node: node088 (i-b222fed0)>, u'i-2c22fe4e': <Node: node023 (i-2c22fe4e)>, u'i-3822fe5a': <Node: node029 (i-3822fe5a)>, u'i-0c23ff6e': <Node: node167 (i-0c23ff6e)>, u'i-8c22feee': <Node: node103 (i-8c22feee)>, u'i-7c23ff1e': <Node: node127 (i-7c23ff1e)>, u'i-f623ff94': <Node: node186 (i-f623ff94)>, u'i-8822feea': <Node: node101 (i-8822feea)>, u'i-3222fe50': <Node: node024 (i-3222fe50)>, u'i-5222fe30': <Node: node009 (i-5222fe30)>, u'i-4822fe2a': <Node: node006 (i-4822fe2a)>, u'i-a622fec4': <Node: node082 (i-a622fec4)>, u'i-f823ff9a': <Node: node189 (i-f823ff9a)>, u'i-4423ff26': <Node: node131 (i-4423ff26)>, u'i-6223ff00': <Node: node112 (i-6223ff00)>, u'i-4a23ff28': <Node: node132 (i-4a23ff28)>, u'i-7c22fe1e': <Node: master (i-7c22fe1e)>, u'i-2623ff44': <Node: node146 (i-2623ff44)>, u'i-c222fea0': <Node: node064 (i-c222fea0)>, u'i-2823ff4a': <Node: node149 (i-2823ff4a)>, u'i-1c22fe7e': <Node: node047 (i-1c22fe7e)>, u'i-5e23ff3c': <Node: node142 (i-5e23ff3c)>, u'i-4e22fe2c': <Node: node007 (i-4e22fe2c)>, u'i-4c23ff2e': <Node: node135 (i-4c23ff2e)>, u'i-9222fef0': <Node: node104 (i-9222fef0)>, u'i-da22feb8': <Node: node076 (i-da22feb8)>, u'i-7e23ff1c': <Node: node126 (i-7e23ff1c)>, u'i-5e22fe3c': <Node: node014 (i-5e22fe3c)>, u'i-5a23ff38': <Node: node140 (i-5a23ff38)>, u'i-ce22feac': <Node: node070 (i-ce22feac)>, u'i-8022fee2': <Node: node097 (i-8022fee2)>, u'i-f822fe9a': <Node: node061 (i-f822fe9a)>, u'i-e223ff80': <Node: node176 (i-e223ff80)>, u'i-0c22fe6e': <Node: node039 (i-0c22fe6e)>, u'i-5223ff30': <Node: node136 (i-5223ff30)>, u'i-2622fe44': <Node: node018 (i-2622fe44)>, u'i-5423ff36': <Node: node139 (i-5423ff36)>, u'i-6823ff0a': <Node: node117 (i-6823ff0a)>, u'i-4222fe20': <Node: node001 (i-4222fe20)>, u'i-4823ff2a': <Node: node133 (i-4823ff2a)>, u'i-9422fef6': <Node: node107 (i-9422fef6)>, u'i-7423ff16': <Node: node123 (i-7423ff16)>, u'i-1622fe74': <Node: node042 (i-1622fe74)>, u'i-1c23ff7e': <Node: node175 (i-1c23ff7e)>, u'i-0423ff66': <Node: node163 (i-0423ff66)>, u'i-7823ff1a': <Node: node125 (i-7823ff1a)>, u'i-1a22fe78': <Node: node044 (i-1a22fe78)>, u'i-5023ff32': <Node: node137 (i-5023ff32)>, u'i-2423ff46': <Node: node147 (i-2423ff46)>, u'i-4022fe22': <Node: node002 (i-4022fe22)>, u'i-7023ff12': <Node: node121 (i-7023ff12)>, u'i-b622fed4': <Node: node090 (i-b622fed4)>, u'i-f222fe90': <Node: node056 (i-f222fe90)>, u'i-ee22fe8c': <Node: node054 (i-ee22fe8c)>, u'i-c022fea2': <Node: node065 (i-c022fea2)>, u'i-5c23ff3e': <Node: node143 (i-5c23ff3e)>, u'i-1a23ff78': <Node: node172 (i-1a23ff78)>, u'i-1623ff74': <Node: node170 (i-1623ff74)>, u'i-fc23ff9e': <Node: node191 (i-fc23ff9e)>, u'i-2e22fe4c': <Node: node022 (i-2e22fe4c)>, u'i-ee23ff8c': <Node: node182 (i-ee23ff8c)>, u'i-e022fe82': <Node: node049 (i-e022fe82)>, u'i-8e22feec': <Node: node102 (i-8e22feec)>, u'i-9a22fef8': <Node: node108 (i-9a22fef8)>, u'i-5a22fe38': <Node: node012 (i-5a22fe38)>, u'i-3c23ff5e': <Node: node159 (i-3c23ff5e)>, u'i-de22febc': <Node: node078 (i-de22febc)>, u'i-fa23ff98': <Node: node188 (i-fa23ff98)>, u'i-4622fe24': <Node: node003 (i-4622fe24)>, u'i-b422fed6': <Node: node091 (i-b422fed6)>, u'i-9622fef4': <Node: node106 (i-9622fef4)>, u'i-6023ff02': <Node: node113 (i-6023ff02)>, u'i-1823ff7a': <Node: node173 (i-1823ff7a)>, u'i-f022fe92': <Node: node057 (i-f022fe92)>, u'i-3423ff56': <Node: node155 (i-3423ff56)>, u'i-fc22fe9e': <Node: node063 (i-fc22fe9e)>, u'i-c623ffa4': <Node: node194 (i-c623ffa4)>, u'i-a222fec0': <Node: node080 (i-a222fec0)>, u'i-0223ff60': <Node: node160 (i-0223ff60)>, u'i-3823ff5a': <Node: node157 (i-3823ff5a)>, u'i-ce23ffac': <Node: node198 (i-ce23ffac)>, u'i-2a22fe48': <Node: node020 (i-2a22fe48)>, u'i-2a23ff48': <Node: node148 (i-2a23ff48)>, u'i-2222fe40': <Node: node016 (i-2222fe40)>, u'i-0422fe66': <Node: node035 (i-0422fe66)>, u'i-7223ff10': <Node: node120 (i-7223ff10)>, u'i-ec22fe8e': <Node: node055 (i-ec22fe8e)>, u'i-ea22fe88': <Node: node052 (i-ea22fe88)>, u'i-e422fe86': <Node: node051 (i-e422fe86)>, u'i-c223ffa0': <Node: node192 (i-c223ffa0)>, u'i-1023ff72': <Node: node169 (i-1023ff72)>, u'i-7a23ff18': <Node: node124 (i-7a23ff18)>, u'i-fe22fe9c': <Node: node062 (i-fe22fe9c)>, u'i-c423ffa6': <Node: node195 (i-c423ffa6)>, u'i-f622fe94': <Node: node058 (i-f622fe94)>, u'i-0622fe64': <Node: node034 (i-0622fe64)>, u'i-2023ff42': <Node: node145 (i-2023ff42)>, u'i-0e23ff6c': <Node: node166 (i-0e23ff6c)>, u'i-0823ff6a': <Node: node165 (i-0823ff6a)>, u'i-1022fe72': <Node: node041 (i-1022fe72)>, u'i-0623ff64': <Node: node162 (i-0623ff64)>, u'i-cc22feae': <Node: node071 (i-cc22feae)>, u'i-0a22fe68': <Node: node036 (i-0a22fe68)>, u'i-6623ff04': <Node: node114 (i-6623ff04)>, u'i-aa22fec8': <Node: node084 (i-aa22fec8)>, u'i-2e23ff4c': <Node: node150 (i-2e23ff4c)>, u'i-c422fea6': <Node: node067 (i-c422fea6)>, u'i-ea23ff88': <Node: node180 (i-ea23ff88)>, u'i-d022feb2': <Node: node073 (i-d022feb2)>, u'i-4e23ff2c': <Node: node134 (i-4e23ff2c)>, u'i-3e23ff5c': <Node: node158 (i-3e23ff5c)>, u'i-e623ff84': <Node: node178 (i-e623ff84)>, u'i-5823ff3a': <Node: node141 (i-5823ff3a)>, u'i-3e22fe5c': <Node: node030 (i-3e22fe5c)>, u'i-0822fe6a': <Node: node037 (i-0822fe6a)>, u'i-c622fea4': <Node: node066 (i-c622fea4)>, u'i-dc22febe': <Node: node079 (i-dc22febe)>, u'i-0023ff62': <Node: node161 (i-0023ff62)>, u'i-1223ff70': <Node: node168 (i-1223ff70)>, u'i-c023ffa2': <Node: node193 (i-c023ffa2)>, u'i-0e22fe6c': <Node: node038 (i-0e22fe6c)>, u'i-6e23ff0c': <Node: node118 (i-6e23ff0c)>, u'i-c823ffaa': <Node: node197 (i-c823ffaa)>, u'i-2822fe4a': <Node: node021 (i-2822fe4a)>, u'i-1e22fe7c': <Node: node046 (i-1e22fe7c)>, u'i-3a22fe58': <Node: node028 (i-3a22fe58)>, u'i-e023ff82': <Node: node177 (i-e023ff82)>, u'i-bc22fede': <Node: node095 (i-bc22fede)>, u'i-d422feb6': <Node: node075 (i-d422feb6)>, u'i-5623ff34': <Node: node138 (i-5623ff34)>, u'i-1222fe70': <Node: node040 (i-1222fe70)>, u'i-9022fef2': <Node: node105 (i-9022fef2)>, u'i-b022fed2': <Node: node089 (i-b022fed2)>, u'i-be22fedc': <Node: node094 (i-be22fedc)>, u'i-a422fec6': <Node: node083 (i-a422fec6)>, u'i-0a23ff68': <Node: node164 (i-0a23ff68)>, u'i-3022fe52': <Node: node025 (i-3022fe52)>, u'i-d222feb0': <Node: node072 (i-d222feb0)>, u'i-4223ff20': <Node: node128 (i-4223ff20)>, u'i-c822feaa': <Node: node069 (i-c822feaa)>, u'i-8622fee4': <Node: node098 (i-8622fee4)>, u'i-4c22fe2e': <Node: node008 (i-4c22fe2e)>, u'i-4623ff24': <Node: node130 (i-4623ff24)>, u'i-cc23ffae': <Node: node199 (i-cc23ffae)>, u'i-1822fe7a': <Node: node045 (i-1822fe7a)>, u'i-1422fe76': <Node: node043 (i-1422fe76)>, u'i-fe23ff9c': <Node: node190 (i-fe23ff9c)>, u'i-5822fe3a': <Node: node013 (i-5822fe3a)>, u'i-2223ff40': <Node: node144 (i-2223ff40)>, u'i-f223ff90': <Node: node184 (i-f223ff90)>, u'i-b822feda': <Node: node093 (i-b822feda)>, u'i-3422fe56': <Node: node027 (i-3422fe56)>, u'i-3223ff50': <Node: node152 (i-3223ff50)>, u'i-0222fe60': <Node: node032 (i-0222fe60)>, u'i-ec23ff8e': <Node: node183 (i-ec23ff8e)>, u'i-2422fe46': <Node: node019 (i-2422fe46)>, u'i-3623ff54': <Node: node154 (i-3623ff54)>, u'i-4422fe26': <Node: node004 (i-4422fe26)>, u'i-4a22fe28': <Node: node005 (i-4a22fe28)>, u'i-3023ff52': <Node: node153 (i-3023ff52)>, u'i-5622fe34': <Node: node010 (i-5622fe34)>, u'i-3c22fe5e': <Node: node031 (i-3c22fe5e)>, u'i-a022fec2': <Node: node081 (i-a022fec2)>, u'i-9822fefa': <Node: node109 (i-9822fefa)>, u'i-3622fe54': <Node: node026 (i-3622fe54)>, u'i-4023ff22': <Node: node129 (i-4023ff22)>, u'i-e622fe84': <Node: node050 (i-e622fe84)>, u'i-d822feba': <Node: node077 (i-d822feba)>, u'i-5c22fe3e': <Node: node015 (i-5c22fe3e)>, u'i-3a23ff58': <Node: node156 (i-3a23ff58)>, u'i-ca23ffa8': <Node: node196 (i-ca23ffa8)>, u'i-e423ff86': <Node: node179 (i-e423ff86)>, u'i-e823ff8a': <Node: node181 (i-e823ff8a)>, u'i-8422fee6': <Node: node099 (i-8422fee6)>, u'i-1423ff76': <Node: node171 (i-1423ff76)>, u'i-8222fee0': <Node: node096 (i-8222fee0)>, u'i-f023ff92': <Node: node185 (i-f023ff92)>, u'i-ac22fece': <Node: node087 (i-ac22fece)>, u'i-9e22fefc': <Node: node110 (i-9e22fefc)>, u'i-8a22fee8': <Node: node100 (i-8a22fee8)>, u'i-5422fe36': <Node: node011 (i-5422fe36)>, u'i-2c23ff4e': <Node: node151 (i-2c23ff4e)>, u'i-9c22fefe': <Node: node111 (i-9c22fefe)>, u'i-7623ff14': <Node: node122 (i-7623ff14)>, u'i-6a23ff08': <Node: node116 (i-6a23ff08)>, u'i-fa22fe98': <Node: node060 (i-fa22fe98)>, u'i-ca22fea8': <Node: node068 (i-ca22fea8)>, u'i-e822fe8a': <Node: node053 (i-e822fe8a)>, u'i-ba22fed8': <Node: node092 (i-ba22fed8)>, u'i-6c23ff0e': <Node: node119 (i-6c23ff0e)>}
2011-12-22 03:23:00,127 PID: 30641 cluster.py:663 - DEBUG - updating existing node i-7c22fe1e in self._nodes
2011-12-22 03:23:00,127 PID: 30641 cluster.py:663 - DEBUG - updating existing node i-4222fe20 in self._nodes
2011-12-22 03:23:00,128 PID: 30641 cluster.py:663 - DEBUG - updating existing node i-4022fe22 in self._nodes
2011-12-22 03:23:00,128 PID: 30641 cluster.py:663 - DEBUG - updating existing node i-4622fe24 in self._nodes
2011-12-22 03:23:00,128 PID: 30641 cluster.py:663 - DEBUG - updating existing node i-4422fe26 in self._nodes
2011-12-22 03:23:00,128 PID: 30641 cluster.py:663 - DEBUG - updating existing node i-4a22fe28 in self._nodes
2011-12-22 03:23:00,129 PID: 30641 cluster.py:663 - DEBUG - updating existing node i-4822fe2a in self._nodes
2011-12-22 03:23:00,129 PID: 30641 cluster.py:663 - DEBUG - updating existing node i-4e22fe2c in self._nodes
2011-12-22 03:23:00,129 PID: 30641 cluster.py:663 - DEBUG - updating existing node i-4c22fe2e in self._nodes
2011-12-22 03:23:00,129 PID: 30641 cluster.py:663 - DEBUG - updating existing node i-5222fe30 in self._nodes
2011-12-22 03:23:00,130 PID: 30641 cluster.py:663 - DEBUG - updating existing node i-5622fe34 in self._nodes
2011-12-22 03:23:00,130 PID: 30641 cluster.py:663 - DEBUG - updating existing node i-5422fe36 in self._nodes
2011-12-22 03:23:00,130 PID: 30641 cluster.py:663 - DEBUG - updating existing node i-5a22fe38 in self._nodes
2011-12-22 03:23:00,130 PID: 30641 cluster.py:663 - DEBUG - updating existing node i-5822fe3a in self._nodes
2011-12-22 03:23:00,130 PID: 30641 cluster.py:663 - DEBUG - updating existing node i-5e22fe3c in self._nodes
2011-12-22 03:23:00,131 PID: 30641 cluster.py:663 - DEBUG - updating existing node i-5c22fe3e in self._nodes
2011-12-22 03:23:00,131 PID: 30641 cluster.py:663 - DEBUG - updating existing node i-2222fe40 in self._nodes
2011-12-22 03:23:00,131 PID: 30641 cluster.py:663 - DEBUG - updating existing node i-2022fe42 in self._nodes
2011-12-22 03:23:00,131 PID: 30641 cluster.py:663 - DEBUG - updating existing node i-2622fe44 in self._nodes
2011-12-22 03:23:00,132 PID: 30641 cluster.py:663 - DEBUG - updating existing node i-2422fe46 in self._nodes
2011-12-22 03:23:00,132 PID: 30641 cluster.py:663 - DEBUG - updating existing node i-2a22fe48 in self._nodes
2011-12-22 03:23:00,132 PID: 30641 cluster.py:663 - DEBUG - updating existing node i-2822fe4a in self._nodes
2011-12-22 03:23:00,132 PID: 30641 cluster.py:663 - DEBUG - updating existing node i-2e22fe4c in self._nodes
2011-12-22 03:23:00,132 PID: 30641 cluster.py:663 - DEBUG - updating existing node i-2c22fe4e in self._nodes
2011-12-22 03:23:00,133 PID: 30641 cluster.py:663 - DEBUG - updating existing node i-3222fe50 in self._nodes
2011-12-22 03:23:00,133 PID: 30641 cluster.py:663 - DEBUG - updating existing node i-3022fe52 in self._nodes
2011-12-22 03:23:00,133 PID: 30641 cluster.py:663 - DEBUG - updating existing node i-3622fe54 in self._nodes
2011-12-22 03:23:00,133 PID: 30641 cluster.py:663 - DEBUG - updating existing node i-3422fe56 in self._nodes
2011-12-22 03:23:00,134 PID: 30641 cluster.py:663 - DEBUG - updating existing node i-3a22fe58 in self._nodes
2011-12-22 03:23:00,134 PID: 30641 cluster.py:663 - DEBUG - updating existing node i-3822fe5a in self._nodes
2011-12-22 03:23:00,134 PID: 30641 cluster.py:663 - DEBUG - updating existing node i-3e22fe5c in self._nodes
2011-12-22 03:23:00,134 PID: 30641 cluster.py:663 - DEBUG - updating existing node i-3c22fe5e in self._nodes
2011-12-22 03:23:00,135 PID: 30641 cluster.py:663 - DEBUG - updating existing node i-0222fe60 in self._nodes
2011-12-22 03:23:00,136 PID: 30641 cluster.py:663 - DEBUG - updating existing node i-0022fe62 in self._nodes
2011-12-22 03:23:00,137 PID: 30641 cluster.py:663 - DEBUG - updating existing node i-0622fe64 in self._nodes
2011-12-22 03:23:00,137 PID: 30641 cluster.py:663 - DEBUG - updating existing node i-0422fe66 in self._nodes
2011-12-22 03:23:00,137 PID: 30641 cluster.py:663 - DEBUG - updating existing node i-0a22fe68 in self._nodes
2011-12-22 03:23:00,137 PID: 30641 cluster.py:663 - DEBUG - updating existing node i-0822fe6a in self._nodes
2011-12-22 03:23:00,138 PID: 30641 cluster.py:663 - DEBUG - updating existing node i-0e22fe6c in self._nodes
2011-12-22 03:23:00,138 PID: 30641 cluster.py:663 - DEBUG - updating existing node i-0c22fe6e in self._nodes
2011-12-22 03:23:00,138 PID: 30641 cluster.py:663 - DEBUG - updating existing node i-1222fe70 in self._nodes
2011-12-22 03:23:00,138 PID: 30641 cluster.py:663 - DEBUG - updating existing node i-1022fe72 in self._nodes
2011-12-22 03:23:00,139 PID: 30641 cluster.py:663 - DEBUG - updating existing node i-1622fe74 in self._nodes
2011-12-22 03:23:00,139 PID: 30641 cluster.py:663 - DEBUG - updating existing node i-1422fe76 in self._nodes
2011-12-22 03:23:00,139 PID: 30641 cluster.py:663 - DEBUG - updating existing node i-1a22fe78 in self._nodes
2011-12-22 03:23:00,139 PID: 30641 cluster.py:663 - DEBUG - updating existing node i-1822fe7a in self._nodes
2011-12-22 03:23:00,139 PID: 30641 cluster.py:663 - DEBUG - updating existing node i-1e22fe7c in self._nodes
2011-12-22 03:23:00,140 PID: 30641 cluster.py:663 - DEBUG - updating existing node i-1c22fe7e in self._nodes
2011-12-22 03:23:00,140 PID: 30641 cluster.py:663 - DEBUG - updating existing node i-e222fe80 in self._nodes
2011-12-22 03:23:00,140 PID: 30641 cluster.py:663 - DEBUG - updating existing node i-e022fe82 in self._nodes
2011-12-22 03:23:00,140 PID: 30641 cluster.py:663 - DEBUG - updating existing node i-e622fe84 in self._nodes
2011-12-22 03:23:00,141 PID: 30641 cluster.py:663 - DEBUG - updating existing node i-e422fe86 in self._nodes
2011-12-22 03:23:00,141 PID: 30641 cluster.py:663 - DEBUG - updating existing node i-ea22fe88 in self._nodes
2011-12-22 03:23:00,141 PID: 30641 cluster.py:663 - DEBUG - updating existing node i-e822fe8a in self._nodes
2011-12-22 03:23:00,141 PID: 30641 cluster.py:663 - DEBUG - updating existing node i-ee22fe8c in self._nodes
2011-12-22 03:23:00,142 PID: 30641 cluster.py:663 - DEBUG - updating existing node i-ec22fe8e in self._nodes
2011-12-22 03:23:00,142 PID: 30641 cluster.py:663 - DEBUG - updating existing node i-f222fe90 in self._nodes
2011-12-22 03:23:00,142 PID: 30641 cluster.py:663 - DEBUG - updating existing node i-f022fe92 in self._nodes
2011-12-22 03:23:00,142 PID: 30641 cluster.py:663 - DEBUG - updating existing node i-f622fe94 in self._nodes
2011-12-22 03:23:00,142 PID: 30641 cluster.py:663 - DEBUG - updating existing node i-f422fe96 in self._nodes
2011-12-22 03:23:00,143 PID: 30641 cluster.py:663 - DEBUG - updating existing node i-fa22fe98 in self._nodes
2011-12-22 03:23:00,143 PID: 30641 cluster.py:663 - DEBUG - updating existing node i-f822fe9a in self._nodes
2011-12-22 03:23:00,143 PID: 30641 cluster.py:663 - DEBUG - updating existing node i-fe22fe9c in self._nodes
2011-12-22 03:23:00,143 PID: 30641 cluster.py:663 - DEBUG - updating existing node i-fc22fe9e in self._nodes
2011-12-22 03:23:00,144 PID: 30641 cluster.py:663 - DEBUG - updating existing node i-c222fea0 in self._nodes
2011-12-22 03:23:00,144 PID: 30641 cluster.py:663 - DEBUG - updating existing node i-c022fea2 in self._nodes
2011-12-22 03:23:00,144 PID: 30641 cluster.py:663 - DEBUG - updating existing node i-c622fea4 in self._nodes
2011-12-22 03:23:00,144 PID: 30641 cluster.py:663 - DEBUG - updating existing node i-c422fea6 in self._nodes
2011-12-22 03:23:00,144 PID: 30641 cluster.py:663 - DEBUG - updating existing node i-ca22fea8 in self._nodes
2011-12-22 03:23:00,145 PID: 30641 cluster.py:663 - DEBUG - updating existing node i-c822feaa in self._nodes
2011-12-22 03:23:00,145 PID: 30641 cluster.py:663 - DEBUG - updating existing node i-ce22feac in self._nodes
2011-12-22 03:23:00,145 PID: 30641 cluster.py:663 - DEBUG - updating existing node i-cc22feae in self._nodes
2011-12-22 03:23:00,145 PID: 30641 cluster.py:663 - DEBUG - updating existing node i-d222feb0 in self._nodes
2011-12-22 03:23:00,146 PID: 30641 cluster.py:663 - DEBUG - updating existing node i-d022feb2 in self._nodes
2011-12-22 03:23:00,146 PID: 30641 cluster.py:663 - DEBUG - updating existing node i-d622feb4 in self._nodes
2011-12-22 03:23:00,146 PID: 30641 cluster.py:663 - DEBUG - updating existing node i-d422feb6 in self._nodes
2011-12-22 03:23:00,146 PID: 30641 cluster.py:663 - DEBUG - updating existing node i-da22feb8 in self._nodes
2011-12-22 03:23:00,147 PID: 30641 cluster.py:663 - DEBUG - updating existing node i-d822feba in self._nodes
2011-12-22 03:23:00,147 PID: 30641 cluster.py:663 - DEBUG - updating existing node i-de22febc in self._nodes
2011-12-22 03:23:00,147 PID: 30641 cluster.py:663 - DEBUG - updating existing node i-dc22febe in self._nodes
2011-12-22 03:23:00,147 PID: 30641 cluster.py:663 - DEBUG - updating existing node i-a222fec0 in self._nodes
2011-12-22 03:23:00,147 PID: 30641 cluster.py:663 - DEBUG - updating existing node i-a022fec2 in self._nodes
2011-12-22 03:23:00,148 PID: 30641 cluster.py:663 - DEBUG - updating existing node i-a622fec4 in self._nodes
2011-12-22 03:23:00,148 PID: 30641 cluster.py:663 - DEBUG - updating existing node i-a422fec6 in self._nodes
2011-12-22 03:23:00,148 PID: 30641 cluster.py:663 - DEBUG - updating existing node i-aa22fec8 in self._nodes
2011-12-22 03:23:00,148 PID: 30641 cluster.py:663 - DEBUG - updating existing node i-a822feca in self._nodes
2011-12-22 03:23:00,149 PID: 30641 cluster.py:663 - DEBUG - updating existing node i-ae22fecc in self._nodes
2011-12-22 03:23:00,149 PID: 30641 cluster.py:663 - DEBUG - updating existing node i-ac22fece in self._nodes
2011-12-22 03:23:00,149 PID: 30641 cluster.py:663 - DEBUG - updating existing node i-b222fed0 in self._nodes
2011-12-22 03:23:00,149 PID: 30641 cluster.py:663 - DEBUG - updating existing node i-b022fed2 in self._nodes
2011-12-22 03:23:00,149 PID: 30641 cluster.py:663 - DEBUG - updating existing node i-b622fed4 in self._nodes
2011-12-22 03:23:00,150 PID: 30641 cluster.py:663 - DEBUG - updating existing node i-b422fed6 in self._nodes
2011-12-22 03:23:00,150 PID: 30641 cluster.py:663 - DEBUG - updating existing node i-ba22fed8 in self._nodes
2011-12-22 03:23:00,150 PID: 30641 cluster.py:663 - DEBUG - updating existing node i-b822feda in self._nodes
2011-12-22 03:23:00,150 PID: 30641 cluster.py:663 - DEBUG - updating existing node i-be22fedc in self._nodes
2011-12-22 03:23:00,151 PID: 30641 cluster.py:663 - DEBUG - updating existing node i-bc22fede in self._nodes
2011-12-22 03:23:00,151 PID: 30641 cluster.py:663 - DEBUG - updating existing node i-8222fee0 in self._nodes
2011-12-22 03:23:00,151 PID: 30641 cluster.py:663 - DEBUG - updating existing node i-8022fee2 in self._nodes
2011-12-22 03:23:00,151 PID: 30641 cluster.py:663 - DEBUG - updating existing node i-8622fee4 in self._nodes
2011-12-22 03:23:00,152 PID: 30641 cluster.py:663 - DEBUG - updating existing node i-8422fee6 in self._nodes
2011-12-22 03:23:00,152 PID: 30641 cluster.py:663 - DEBUG - updating existing node i-8a22fee8 in self._nodes
2011-12-22 03:23:00,152 PID: 30641 cluster.py:663 - DEBUG - updating existing node i-8822feea in self._nodes
2011-12-22 03:23:00,152 PID: 30641 cluster.py:663 - DEBUG - updating existing node i-8e22feec in self._nodes
2011-12-22 03:23:00,152 PID: 30641 cluster.py:663 - DEBUG - updating existing node i-8c22feee in self._nodes
2011-12-22 03:23:00,155 PID: 30641 cluster.py:663 - DEBUG - updating existing node i-9222fef0 in self._nodes
2011-12-22 03:23:00,155 PID: 30641 cluster.py:663 - DEBUG - updating existing node i-9022fef2 in self._nodes
2011-12-22 03:23:00,155 PID: 30641 cluster.py:663 - DEBUG - updating existing node i-9622fef4 in self._nodes
2011-12-22 03:23:00,156 PID: 30641 cluster.py:663 - DEBUG - updating existing node i-9422fef6 in self._nodes
2011-12-22 03:23:00,156 PID: 30641 cluster.py:663 - DEBUG - updating existing node i-9a22fef8 in self._nodes
2011-12-22 03:23:00,156 PID: 30641 cluster.py:663 - DEBUG - updating existing node i-9822fefa in self._nodes
2011-12-22 03:23:00,156 PID: 30641 cluster.py:663 - DEBUG - updating existing node i-9e22fefc in self._nodes
2011-12-22 03:23:00,156 PID: 30641 cluster.py:663 - DEBUG - updating existing node i-9c22fefe in self._nodes
2011-12-22 03:23:00,157 PID: 30641 cluster.py:663 - DEBUG - updating existing node i-6223ff00 in self._nodes
2011-12-22 03:23:00,217 PID: 30641 cluster.py:663 - DEBUG - updating existing node i-6023ff02 in self._nodes
2011-12-22 03:23:00,217 PID: 30641 cluster.py:663 - DEBUG - updating existing node i-6623ff04 in self._nodes
2011-12-22 03:23:00,217 PID: 30641 cluster.py:663 - DEBUG - updating existing node i-6423ff06 in self._nodes
2011-12-22 03:23:00,218 PID: 30641 cluster.py:663 - DEBUG - updating existing node i-6a23ff08 in self._nodes
2011-12-22 03:23:00,218 PID: 30641 cluster.py:663 - DEBUG - updating existing node i-6823ff0a in self._nodes
2011-12-22 03:23:00,218 PID: 30641 cluster.py:663 - DEBUG - updating existing node i-6e23ff0c in self._nodes
2011-12-22 03:23:00,218 PID: 30641 cluster.py:663 - DEBUG - updating existing node i-6c23ff0e in self._nodes
2011-12-22 03:23:00,219 PID: 30641 cluster.py:663 - DEBUG - updating existing node i-7223ff10 in self._nodes
2011-12-22 03:23:00,219 PID: 30641 cluster.py:663 - DEBUG - updating existing node i-7023ff12 in self._nodes
2011-12-22 03:23:00,219 PID: 30641 cluster.py:663 - DEBUG - updating existing node i-7623ff14 in self._nodes
2011-12-22 03:23:00,219 PID: 30641 cluster.py:663 - DEBUG - updating existing node i-7423ff16 in self._nodes
2011-12-22 03:23:00,220 PID: 30641 cluster.py:663 - DEBUG - updating existing node i-7a23ff18 in self._nodes
2011-12-22 03:23:00,220 PID: 30641 cluster.py:663 - DEBUG - updating existing node i-7823ff1a in self._nodes
2011-12-22 03:23:00,220 PID: 30641 cluster.py:663 - DEBUG - updating existing node i-7e23ff1c in self._nodes
2011-12-22 03:23:00,220 PID: 30641 cluster.py:663 - DEBUG - updating existing node i-7c23ff1e in self._nodes
2011-12-22 03:23:00,220 PID: 30641 cluster.py:663 - DEBUG - updating existing node i-4223ff20 in self._nodes
2011-12-22 03:23:00,221 PID: 30641 cluster.py:663 - DEBUG - updating existing node i-4023ff22 in self._nodes
2011-12-22 03:23:00,221 PID: 30641 cluster.py:663 - DEBUG - updating existing node i-4623ff24 in self._nodes
2011-12-22 03:23:00,221 PID: 30641 cluster.py:663 - DEBUG - updating existing node i-4423ff26 in self._nodes
2011-12-22 03:23:00,221 PID: 30641 cluster.py:663 - DEBUG - updating existing node i-4a23ff28 in self._nodes
2011-12-22 03:23:00,222 PID: 30641 cluster.py:663 - DEBUG - updating existing node i-4823ff2a in self._nodes
2011-12-22 03:23:00,222 PID: 30641 cluster.py:663 - DEBUG - updating existing node i-4e23ff2c in self._nodes
2011-12-22 03:23:00,222 PID: 30641 cluster.py:663 - DEBUG - updating existing node i-4c23ff2e in self._nodes
2011-12-22 03:23:00,222 PID: 30641 cluster.py:663 - DEBUG - updating existing node i-5223ff30 in self._nodes
2011-12-22 03:23:00,222 PID: 30641 cluster.py:663 - DEBUG - updating existing node i-5023ff32 in self._nodes
2011-12-22 03:23:00,223 PID: 30641 cluster.py:663 - DEBUG - updating existing node i-5623ff34 in self._nodes
2011-12-22 03:23:00,223 PID: 30641 cluster.py:663 - DEBUG - updating existing node i-5423ff36 in self._nodes
2011-12-22 03:23:00,223 PID: 30641 cluster.py:663 - DEBUG - updating existing node i-5a23ff38 in self._nodes
2011-12-22 03:23:00,223 PID: 30641 cluster.py:663 - DEBUG - updating existing node i-5823ff3a in self._nodes
2011-12-22 03:23:00,224 PID: 30641 cluster.py:663 - DEBUG - updating existing node i-5e23ff3c in self._nodes
2011-12-22 03:23:00,224 PID: 30641 cluster.py:663 - DEBUG - updating existing node i-5c23ff3e in self._nodes
2011-12-22 03:23:00,224 PID: 30641 cluster.py:663 - DEBUG - updating existing node i-2223ff40 in self._nodes
2011-12-22 03:23:00,224 PID: 30641 cluster.py:663 - DEBUG - updating existing node i-2023ff42 in self._nodes
2011-12-22 03:23:00,225 PID: 30641 cluster.py:663 - DEBUG - updating existing node i-2623ff44 in self._nodes
2011-12-22 03:23:00,225 PID: 30641 cluster.py:663 - DEBUG - updating existing node i-2423ff46 in self._nodes
2011-12-22 03:23:00,225 PID: 30641 cluster.py:663 - DEBUG - updating existing node i-2a23ff48 in self._nodes
2011-12-22 03:23:00,225 PID: 30641 cluster.py:663 - DEBUG - updating existing node i-2823ff4a in self._nodes
2011-12-22 03:23:00,225 PID: 30641 cluster.py:663 - DEBUG - updating existing node i-2e23ff4c in self._nodes
2011-12-22 03:23:00,226 PID: 30641 cluster.py:663 - DEBUG - updating existing node i-2c23ff4e in self._nodes
2011-12-22 03:23:00,226 PID: 30641 cluster.py:663 - DEBUG - updating existing node i-3223ff50 in self._nodes
2011-12-22 03:23:00,226 PID: 30641 cluster.py:663 - DEBUG - updating existing node i-3023ff52 in self._nodes
2011-12-22 03:23:00,226 PID: 30641 cluster.py:663 - DEBUG - updating existing node i-3623ff54 in self._nodes
2011-12-22 03:23:00,227 PID: 30641 cluster.py:663 - DEBUG - updating existing node i-3423ff56 in self._nodes
2011-12-22 03:23:00,227 PID: 30641 cluster.py:663 - DEBUG - updating existing node i-3a23ff58 in self._nodes
2011-12-22 03:23:00,227 PID: 30641 cluster.py:663 - DEBUG - updating existing node i-3823ff5a in self._nodes
2011-12-22 03:23:00,227 PID: 30641 cluster.py:663 - DEBUG - updating existing node i-3e23ff5c in self._nodes
2011-12-22 03:23:00,228 PID: 30641 cluster.py:663 - DEBUG - updating existing node i-3c23ff5e in self._nodes
2011-12-22 03:23:00,228 PID: 30641 cluster.py:663 - DEBUG - updating existing node i-0223ff60 in self._nodes
2011-12-22 03:23:00,228 PID: 30641 cluster.py:663 - DEBUG - updating existing node i-0023ff62 in self._nodes
2011-12-22 03:23:00,228 PID: 30641 cluster.py:663 - DEBUG - updating existing node i-0623ff64 in self._nodes
2011-12-22 03:23:00,228 PID: 30641 cluster.py:663 - DEBUG - updating existing node i-0423ff66 in self._nodes
2011-12-22 03:23:00,229 PID: 30641 cluster.py:663 - DEBUG - updating existing node i-0a23ff68 in self._nodes
2011-12-22 03:23:00,229 PID: 30641 cluster.py:663 - DEBUG - updating existing node i-0823ff6a in self._nodes
2011-12-22 03:23:00,229 PID: 30641 cluster.py:663 - DEBUG - updating existing node i-0e23ff6c in self._nodes
2011-12-22 03:23:00,229 PID: 30641 cluster.py:663 - DEBUG - updating existing node i-0c23ff6e in self._nodes
2011-12-22 03:23:00,230 PID: 30641 cluster.py:663 - DEBUG - updating existing node i-1223ff70 in self._nodes
2011-12-22 03:23:00,230 PID: 30641 cluster.py:663 - DEBUG - updating existing node i-1023ff72 in self._nodes
2011-12-22 03:23:00,230 PID: 30641 cluster.py:663 - DEBUG - updating existing node i-1623ff74 in self._nodes
2011-12-22 03:23:00,230 PID: 30641 cluster.py:663 - DEBUG - updating existing node i-1423ff76 in self._nodes
2011-12-22 03:23:00,230 PID: 30641 cluster.py:663 - DEBUG - updating existing node i-1a23ff78 in self._nodes
2011-12-22 03:23:00,231 PID: 30641 cluster.py:663 - DEBUG - updating existing node i-1823ff7a in self._nodes
2011-12-22 03:23:00,231 PID: 30641 cluster.py:663 - DEBUG - updating existing node i-1e23ff7c in self._nodes
2011-12-22 03:23:00,231 PID: 30641 cluster.py:663 - DEBUG - updating existing node i-1c23ff7e in self._nodes
2011-12-22 03:23:00,231 PID: 30641 cluster.py:663 - DEBUG - updating existing node i-e223ff80 in self._nodes
2011-12-22 03:23:00,232 PID: 30641 cluster.py:663 - DEBUG - updating existing node i-e023ff82 in self._nodes
2011-12-22 03:23:00,232 PID: 30641 cluster.py:663 - DEBUG - updating existing node i-e623ff84 in self._nodes
2011-12-22 03:23:00,232 PID: 30641 cluster.py:663 - DEBUG - updating existing node i-e423ff86 in self._nodes
2011-12-22 03:23:00,232 PID: 30641 cluster.py:663 - DEBUG - updating existing node i-ea23ff88 in self._nodes
2011-12-22 03:23:00,232 PID: 30641 cluster.py:663 - DEBUG - updating existing node i-e823ff8a in self._nodes
2011-12-22 03:23:00,233 PID: 30641 cluster.py:663 - DEBUG - updating existing node i-ee23ff8c in self._nodes
2011-12-22 03:23:00,233 PID: 30641 cluster.py:663 - DEBUG - updating existing node i-ec23ff8e in self._nodes
2011-12-22 03:23:00,233 PID: 30641 cluster.py:663 - DEBUG - updating existing node i-f223ff90 in self._nodes
2011-12-22 03:23:00,233 PID: 30641 cluster.py:663 - DEBUG - updating existing node i-f023ff92 in self._nodes
2011-12-22 03:23:00,234 PID: 30641 cluster.py:663 - DEBUG - updating existing node i-f623ff94 in self._nodes
2011-12-22 03:23:00,234 PID: 30641 cluster.py:663 - DEBUG - updating existing node i-f423ff96 in self._nodes
2011-12-22 03:23:00,234 PID: 30641 cluster.py:663 - DEBUG - updating existing node i-fa23ff98 in self._nodes
2011-12-22 03:23:00,234 PID: 30641 cluster.py:663 - DEBUG - updating existing node i-f823ff9a in self._nodes
2011-12-22 03:23:00,237 PID: 30641 cluster.py:663 - DEBUG - updating existing node i-fe23ff9c in self._nodes
2011-12-22 03:23:00,237 PID: 30641 cluster.py:663 - DEBUG - updating existing node i-fc23ff9e in self._nodes
2011-12-22 03:23:00,237 PID: 30641 cluster.py:663 - DEBUG - updating existing node i-c223ffa0 in self._nodes
2011-12-22 03:23:00,237 PID: 30641 cluster.py:663 - DEBUG - updating existing node i-c023ffa2 in self._nodes
2011-12-22 03:23:00,238 PID: 30641 cluster.py:663 - DEBUG - updating existing node i-c623ffa4 in self._nodes
2011-12-22 03:23:00,238 PID: 30641 cluster.py:663 - DEBUG - updating existing node i-c423ffa6 in self._nodes
2011-12-22 03:23:00,238 PID: 30641 cluster.py:663 - DEBUG - updating existing node i-ca23ffa8 in self._nodes
2011-12-22 03:23:00,238 PID: 30641 cluster.py:663 - DEBUG - updating existing node i-c823ffaa in self._nodes
2011-12-22 03:23:00,239 PID: 30641 cluster.py:663 - DEBUG - updating existing node i-ce23ffac in self._nodes
2011-12-22 03:23:00,239 PID: 30641 cluster.py:663 - DEBUG - updating existing node i-cc23ffae in self._nodes
2011-12-22 03:23:00,240 PID: 30641 cluster.py:676 - DEBUG - returning self._nodes = [<Node: master (i-7c22fe1e)>, <Node: node001 (i-4222fe20)>, <Node: node002 (i-4022fe22)>, <Node: node003 (i-4622fe24)>, <Node: node004 (i-4422fe26)>, <Node: node005 (i-4a22fe28)>, <Node: node006 (i-4822fe2a)>, <Node: node007 (i-4e22fe2c)>, <Node: node008 (i-4c22fe2e)>, <Node: node009 (i-5222fe30)>, <Node: node010 (i-5622fe34)>, <Node: node011 (i-5422fe36)>, <Node: node012 (i-5a22fe38)>, <Node: node013 (i-5822fe3a)>, <Node: node014 (i-5e22fe3c)>, <Node: node015 (i-5c22fe3e)>, <Node: node016 (i-2222fe40)>, <Node: node017 (i-2022fe42)>, <Node: node018 (i-2622fe44)>, <Node: node019 (i-2422fe46)>, <Node: node020 (i-2a22fe48)>, <Node: node021 (i-2822fe4a)>, <Node: node022 (i-2e22fe4c)>, <Node: node023 (i-2c22fe4e)>, <Node: node024 (i-3222fe50)>, <Node: node025 (i-3022fe52)>, <Node: node026 (i-3622fe54)>, <Node: node027 (i-3422fe56)>, <Node: node028 (i-3a22fe58)>, <Node: node029 (i-3822fe5a)>, <Node: node030 (i-3e22fe5c)>, <Node: node031 (i-3c22fe5e)>, <Node: node032 (i-0222fe60)>, <Node: node033 (i-0022fe62)>, <Node: node034 (i-0622fe64)>, <Node: node035 (i-0422fe66)>, <Node: node036 (i-0a22fe68)>, <Node: node037 (i-0822fe6a)>, <Node: node038 (i-0e22fe6c)>, <Node: node039 (i-0c22fe6e)>, <Node: node040 (i-1222fe70)>, <Node: node041 (i-1022fe72)>, <Node: node042 (i-1622fe74)>, <Node: node043 (i-1422fe76)>, <Node: node044 (i-1a22fe78)>, <Node: node045 (i-1822fe7a)>, <Node: node046 (i-1e22fe7c)>, <Node: node047 (i-1c22fe7e)>, <Node: node048 (i-e222fe80)>, <Node: node049 (i-e022fe82)>, <Node: node050 (i-e622fe84)>, <Node: node051 (i-e422fe86)>, <Node: node052 (i-ea22fe88)>, <Node: node053 (i-e822fe8a)>, <Node: node054 (i-ee22fe8c)>, <Node: node055 (i-ec22fe8e)>, <Node: node056 (i-f222fe90)>, <Node: node057 (i-f022fe92)>, <Node: node058 (i-f622fe94)>, <Node: node059 (i-f422fe96)>, <Node: node060 (i-fa22fe98)>, <Node: node061 (i-f822fe9a)>, <Node: node062 (i-fe22fe9c)>, <Node: node063 (i-fc22fe9e)>, <Node: node064 (i-c222fea0)>, <Node: node065 (i-c022fea2)>, <Node: node066 (i-c622fea4)>, <Node: node067 (i-c422fea6)>, <Node: node068 (i-ca22fea8)>, <Node: node069 (i-c822feaa)>, <Node: node070 (i-ce22feac)>, <Node: node071 (i-cc22feae)>, <Node: node072 (i-d222feb0)>, <Node: node073 (i-d022feb2)>, <Node: node074 (i-d622feb4)>, <Node: node075 (i-d422feb6)>, <Node: node076 (i-da22feb8)>, <Node: node077 (i-d822feba)>, <Node: node078 (i-de22febc)>, <Node: node079 (i-dc22febe)>, <Node: node080 (i-a222fec0)>, <Node: node081 (i-a022fec2)>, <Node: node082 (i-a622fec4)>, <Node: node083 (i-a422fec6)>, <Node: node084 (i-aa22fec8)>, <Node: node085 (i-a822feca)>, <Node: node086 (i-ae22fecc)>, <Node: node087 (i-ac22fece)>, <Node: node088 (i-b222fed0)>, <Node: node089 (i-b022fed2)>, <Node: node090 (i-b622fed4)>, <Node: node091 (i-b422fed6)>, <Node: node092 (i-ba22fed8)>, <Node: node093 (i-b822feda)>, <Node: node094 (i-be22fedc)>, <Node: node095 (i-bc22fede)>, <Node: node096 (i-8222fee0)>, <Node: node097 (i-8022fee2)>, <Node: node098 (i-8622fee4)>, <Node: node099 (i-8422fee6)>, <Node: node100 (i-8a22fee8)>, <Node: node101 (i-8822feea)>, <Node: node102 (i-8e22feec)>, <Node: node103 (i-8c22feee)>, <Node: node104 (i-9222fef0)>, <Node: node105 (i-9022fef2)>, <Node: node106 (i-9622fef4)>, <Node: node107 (i-9422fef6)>, <Node: node108 (i-9a22fef8)>, <Node: node109 (i-9822fefa)>, <Node: node110 (i-9e22fefc)>, <Node: node111 (i-9c22fefe)>, <Node: node112 (i-6223ff00)>, <Node: node113 (i-6023ff02)>, <Node: node114 (i-6623ff04)>, <Node: node115 (i-6423ff06)>, <Node: node116 (i-6a23ff08)>, <Node: node117 (i-6823ff0a)>, <Node: node118 (i-6e23ff0c)>, <Node: node119 (i-6c23ff0e)>, <Node: node120 (i-7223ff10)>, <Node: node121 (i-7023ff12)>, <Node: node122 (i-7623ff14)>, <Node: node123 (i-7423ff16)>, <Node: node124 (i-7a23ff18)>, <Node: node125 (i-7823ff1a)>, <Node: node126 (i-7e23ff1c)>, <Node: node127 (i-7c23ff1e)>, <Node: node128 (i-4223ff20)>, <Node: node129 (i-4023ff22)>, <Node: node130 (i-4623ff24)>, <Node: node131 (i-4423ff26)>, <Node: node132 (i-4a23ff28)>, <Node: node133 (i-4823ff2a)>, <Node: node134 (i-4e23ff2c)>, <Node: node135 (i-4c23ff2e)>, <Node: node136 (i-5223ff30)>, <Node: node137 (i-5023ff32)>, <Node: node138 (i-5623ff34)>, <Node: node139 (i-5423ff36)>, <Node: node140 (i-5a23ff38)>, <Node: node141 (i-5823ff3a)>, <Node: node142 (i-5e23ff3c)>, <Node: node143 (i-5c23ff3e)>, <Node: node144 (i-2223ff40)>, <Node: node145 (i-2023ff42)>, <Node: node146 (i-2623ff44)>, <Node: node147 (i-2423ff46)>, <Node: node148 (i-2a23ff48)>, <Node: node149 (i-2823ff4a)>, <Node: node150 (i-2e23ff4c)>, <Node: node151 (i-2c23ff4e)>, <Node: node152 (i-3223ff50)>, <Node: node153 (i-3023ff52)>, <Node: node154 (i-3623ff54)>, <Node: node155 (i-3423ff56)>, <Node: node156 (i-3a23ff58)>, <Node: node157 (i-3823ff5a)>, <Node: node158 (i-3e23ff5c)>, <Node: node159 (i-3c23ff5e)>, <Node: node160 (i-0223ff60)>, <Node: node161 (i-0023ff62)>, <Node: node162 (i-0623ff64)>, <Node: node163 (i-0423ff66)>, <Node: node164 (i-0a23ff68)>, <Node: node165 (i-0823ff6a)>, <Node: node166 (i-0e23ff6c)>, <Node: node167 (i-0c23ff6e)>, <Node: node168 (i-1223ff70)>, <Node: node169 (i-1023ff72)>, <Node: node170 (i-1623ff74)>, <Node: node171 (i-1423ff76)>, <Node: node172 (i-1a23ff78)>, <Node: node173 (i-1823ff7a)>, <Node: node174 (i-1e23ff7c)>, <Node: node175 (i-1c23ff7e)>, <Node: node176 (i-e223ff80)>, <Node: node177 (i-e023ff82)>, <Node: node178 (i-e623ff84)>, <Node: node179 (i-e423ff86)>, <Node: node180 (i-ea23ff88)>, <Node: node181 (i-e823ff8a)>, <Node: node182 (i-ee23ff8c)>, <Node: node183 (i-ec23ff8e)>, <Node: node184 (i-f223ff90)>, <Node: node185 (i-f023ff92)>, <Node: node186 (i-f623ff94)>, <Node: node187 (i-f423ff96)>, <Node: node188 (i-fa23ff98)>, <Node: node189 (i-f823ff9a)>, <Node: node190 (i-fe23ff9c)>, <Node: node191 (i-fc23ff9e)>, <Node: node192 (i-c223ffa0)>, <Node: node193 (i-c023ffa2)>, <Node: node194 (i-c623ffa4)>, <Node: node195 (i-c423ffa6)>, <Node: node196 (i-ca23ffa8)>, <Node: node197 (i-c823ffaa)>, <Node: node198 (i-ce23ffac)>, <Node: node199 (i-cc23ffae)>]
2011-12-22 03:23:08,282 PID: 30641 ssh.py:91 - DEBUG - connecting to host ec2-107-21-128-191.compute-1.amazonaws.com on port 22 as user root
2011-12-22 03:23:12,428 PID: 30641 ssh.py:91 - DEBUG - connecting to host ec2-107-21-67-51.compute-1.amazonaws.com on port 22 as user root
2011-12-22 03:23:46,490 PID: 30641 ssh.py:91 - DEBUG - connecting to host ec2-50-17-49-61.compute-1.amazonaws.com on port 22 as user root
2011-12-22 03:23:50,137 PID: 30641 ssh.py:91 - DEBUG - connecting to host ec2-174-129-113-209.compute-1.amazonaws.com on port 22 as user root
2011-12-22 03:24:10,376 PID: 30641 cluster.py:660 - DEBUG - existing nodes: {u'i-6423ff06': <Node: node115 (i-6423ff06)>, u'i-0022fe62': <Node: node033 (i-0022fe62)>, u'i-ae22fecc': <Node: node086 (i-ae22fecc)>, u'i-a822feca': <Node: node085 (i-a822feca)>, u'i-1e23ff7c': <Node: node174 (i-1e23ff7c)>, u'i-f423ff96': <Node: node187 (i-f423ff96)>, u'i-d622feb4': <Node: node074 (i-d622feb4)>, u'i-2022fe42': <Node: node017 (i-2022fe42)>, u'i-f422fe96': <Node: node059 (i-f422fe96)>, u'i-e222fe80': <Node: node048 (i-e222fe80)>, u'i-b222fed0': <Node: node088 (i-b222fed0)>, u'i-2c22fe4e': <Node: node023 (i-2c22fe4e)>, u'i-3822fe5a': <Node: node029 (i-3822fe5a)>, u'i-0c23ff6e': <Node: node167 (i-0c23ff6e)>, u'i-8c22feee': <Node: node103 (i-8c22feee)>, u'i-7c23ff1e': <Node: node127 (i-7c23ff1e)>, u'i-f623ff94': <Node: node186 (i-f623ff94)>, u'i-8822feea': <Node: node101 (i-8822feea)>, u'i-3222fe50': <Node: node024 (i-3222fe50)>, u'i-5222fe30': <Node: node009 (i-5222fe30)>, u'i-4822fe2a': <Node: node006 (i-4822fe2a)>, u'i-a622fec4': <Node: node082 (i-a622fec4)>, u'i-f823ff9a': <Node: node189 (i-f823ff9a)>, u'i-4423ff26': <Node: node131 (i-4423ff26)>, u'i-6223ff00': <Node: node112 (i-6223ff00)>, u'i-4a23ff28': <Node: node132 (i-4a23ff28)>, u'i-7c22fe1e': <Node: master (i-7c22fe1e)>, u'i-2623ff44': <Node: node146 (i-2623ff44)>, u'i-c222fea0': <Node: node064 (i-c222fea0)>, u'i-2823ff4a': <Node: node149 (i-2823ff4a)>, u'i-1c22fe7e': <Node: node047 (i-1c22fe7e)>, u'i-5e23ff3c': <Node: node142 (i-5e23ff3c)>, u'i-4e22fe2c': <Node: node007 (i-4e22fe2c)>, u'i-4c23ff2e': <Node: node135 (i-4c23ff2e)>, u'i-9222fef0': <Node: node104 (i-9222fef0)>, u'i-da22feb8': <Node: node076 (i-da22feb8)>, u'i-7e23ff1c': <Node: node126 (i-7e23ff1c)>, u'i-5e22fe3c': <Node: node014 (i-5e22fe3c)>, u'i-5a23ff38': <Node: node140 (i-5a23ff38)>, u'i-ce22feac': <Node: node070 (i-ce22feac)>, u'i-8022fee2': <Node: node097 (i-8022fee2)>, u'i-f822fe9a': <Node: node061 (i-f822fe9a)>, u'i-e223ff80': <Node: node176 (i-e223ff80)>, u'i-0c22fe6e': <Node: node039 (i-0c22fe6e)>, u'i-5223ff30': <Node: node136 (i-5223ff30)>, u'i-2622fe44': <Node: node018 (i-2622fe44)>, u'i-5423ff36': <Node: node139 (i-5423ff36)>, u'i-6823ff0a': <Node: node117 (i-6823ff0a)>, u'i-4222fe20': <Node: node001 (i-4222fe20)>, u'i-4823ff2a': <Node: node133 (i-4823ff2a)>, u'i-9422fef6': <Node: node107 (i-9422fef6)>, u'i-7423ff16': <Node: node123 (i-7423ff16)>, u'i-1622fe74': <Node: node042 (i-1622fe74)>, u'i-1c23ff7e': <Node: node175 (i-1c23ff7e)>, u'i-0423ff66': <Node: node163 (i-0423ff66)>, u'i-7823ff1a': <Node: node125 (i-7823ff1a)>, u'i-1a22fe78': <Node: node044 (i-1a22fe78)>, u'i-5023ff32': <Node: node137 (i-5023ff32)>, u'i-2423ff46': <Node: node147 (i-2423ff46)>, u'i-4022fe22': <Node: node002 (i-4022fe22)>, u'i-7023ff12': <Node: node121 (i-7023ff12)>, u'i-b622fed4': <Node: node090 (i-b622fed4)>, u'i-f222fe90': <Node: node056 (i-f222fe90)>, u'i-ee22fe8c': <Node: node054 (i-ee22fe8c)>, u'i-c022fea2': <Node: node065 (i-c022fea2)>, u'i-5c23ff3e': <Node: node143 (i-5c23ff3e)>, u'i-1a23ff78': <Node: node172 (i-1a23ff78)>, u'i-1623ff74': <Node: node170 (i-1623ff74)>, u'i-fc23ff9e': <Node: node191 (i-fc23ff9e)>, u'i-2e22fe4c': <Node: node022 (i-2e22fe4c)>, u'i-ee23ff8c': <Node: node182 (i-ee23ff8c)>, u'i-e022fe82': <Node: node049 (i-e022fe82)>, u'i-8e22feec': <Node: node102 (i-8e22feec)>, u'i-9a22fef8': <Node: node108 (i-9a22fef8)>, u'i-5a22fe38': <Node: node012 (i-5a22fe38)>, u'i-3c23ff5e': <Node: node159 (i-3c23ff5e)>, u'i-de22febc': <Node: node078 (i-de22febc)>, u'i-fa23ff98': <Node: node188 (i-fa23ff98)>, u'i-4622fe24': <Node: node003 (i-4622fe24)>, u'i-b422fed6': <Node: node091 (i-b422fed6)>, u'i-9622fef4': <Node: node106 (i-9622fef4)>, u'i-6023ff02': <Node: node113 (i-6023ff02)>, u'i-1823ff7a': <Node: node173 (i-1823ff7a)>, u'i-f022fe92': <Node: node057 (i-f022fe92)>, u'i-3423ff56': <Node: node155 (i-3423ff56)>, u'i-fc22fe9e': <Node: node063 (i-fc22fe9e)>, u'i-c623ffa4': <Node: node194 (i-c623ffa4)>, u'i-a222fec0': <Node: node080 (i-a222fec0)>, u'i-0223ff60': <Node: node160 (i-0223ff60)>, u'i-3823ff5a': <Node: node157 (i-3823ff5a)>, u'i-ce23ffac': <Node: node198 (i-ce23ffac)>, u'i-2a22fe48': <Node: node020 (i-2a22fe48)>, u'i-2a23ff48': <Node: node148 (i-2a23ff48)>, u'i-2222fe40': <Node: node016 (i-2222fe40)>, u'i-0422fe66': <Node: node035 (i-0422fe66)>, u'i-7223ff10': <Node: node120 (i-7223ff10)>, u'i-ec22fe8e': <Node: node055 (i-ec22fe8e)>, u'i-ea22fe88': <Node: node052 (i-ea22fe88)>, u'i-e422fe86': <Node: node051 (i-e422fe86)>, u'i-c223ffa0': <Node: node192 (i-c223ffa0)>, u'i-1023ff72': <Node: node169 (i-1023ff72)>, u'i-7a23ff18': <Node: node124 (i-7a23ff18)>, u'i-fe22fe9c': <Node: node062 (i-fe22fe9c)>, u'i-c423ffa6': <Node: node195 (i-c423ffa6)>, u'i-f622fe94': <Node: node058 (i-f622fe94)>, u'i-0622fe64': <Node: node034 (i-0622fe64)>, u'i-2023ff42': <Node: node145 (i-2023ff42)>, u'i-0e23ff6c': <Node: node166 (i-0e23ff6c)>, u'i-0823ff6a': <Node: node165 (i-0823ff6a)>, u'i-1022fe72': <Node: node041 (i-1022fe72)>, u'i-0623ff64': <Node: node162 (i-0623ff64)>, u'i-cc22feae': <Node: node071 (i-cc22feae)>, u'i-0a22fe68': <Node: node036 (i-0a22fe68)>, u'i-6623ff04': <Node: node114 (i-6623ff04)>, u'i-aa22fec8': <Node: node084 (i-aa22fec8)>, u'i-2e23ff4c': <Node: node150 (i-2e23ff4c)>, u'i-c422fea6': <Node: node067 (i-c422fea6)>, u'i-ea23ff88': <Node: node180 (i-ea23ff88)>, u'i-d022feb2': <Node: node073 (i-d022feb2)>, u'i-4e23ff2c': <Node: node134 (i-4e23ff2c)>, u'i-3e23ff5c': <Node: node158 (i-3e23ff5c)>, u'i-e623ff84': <Node: node178 (i-e623ff84)>, u'i-5823ff3a': <Node: node141 (i-5823ff3a)>, u'i-3e22fe5c': <Node: node030 (i-3e22fe5c)>, u'i-0822fe6a': <Node: node037 (i-0822fe6a)>, u'i-c622fea4': <Node: node066 (i-c622fea4)>, u'i-dc22febe': <Node: node079 (i-dc22febe)>, u'i-0023ff62': <Node: node161 (i-0023ff62)>, u'i-1223ff70': <Node: node168 (i-1223ff70)>, u'i-c023ffa2': <Node: node193 (i-c023ffa2)>, u'i-0e22fe6c': <Node: node038 (i-0e22fe6c)>, u'i-6e23ff0c': <Node: node118 (i-6e23ff0c)>, u'i-c823ffaa': <Node: node197 (i-c823ffaa)>, u'i-2822fe4a': <Node: node021 (i-2822fe4a)>, u'i-1e22fe7c': <Node: node046 (i-1e22fe7c)>, u'i-3a22fe58': <Node: node028 (i-3a22fe58)>, u'i-e023ff82': <Node: node177 (i-e023ff82)>, u'i-bc22fede': <Node: node095 (i-bc22fede)>, u'i-d422feb6': <Node: node075 (i-d422feb6)>, u'i-5623ff34': <Node: node138 (i-5623ff34)>, u'i-1222fe70': <Node: node040 (i-1222fe70)>, u'i-9022fef2': <Node: node105 (i-9022fef2)>, u'i-b022fed2': <Node: node089 (i-b022fed2)>, u'i-be22fedc': <Node: node094 (i-be22fedc)>, u'i-a422fec6': <Node: node083 (i-a422fec6)>, u'i-0a23ff68': <Node: node164 (i-0a23ff68)>, u'i-3022fe52': <Node: node025 (i-3022fe52)>, u'i-d222feb0': <Node: node072 (i-d222feb0)>, u'i-4223ff20': <Node: node128 (i-4223ff20)>, u'i-c822feaa': <Node: node069 (i-c822feaa)>, u'i-8622fee4': <Node: node098 (i-8622fee4)>, u'i-4c22fe2e': <Node: node008 (i-4c22fe2e)>, u'i-4623ff24': <Node: node130 (i-4623ff24)>, u'i-cc23ffae': <Node: node199 (i-cc23ffae)>, u'i-1822fe7a': <Node: node045 (i-1822fe7a)>, u'i-1422fe76': <Node: node043 (i-1422fe76)>, u'i-fe23ff9c': <Node: node190 (i-fe23ff9c)>, u'i-5822fe3a': <Node: node013 (i-5822fe3a)>, u'i-2223ff40': <Node: node144 (i-2223ff40)>, u'i-f223ff90': <Node: node184 (i-f223ff90)>, u'i-b822feda': <Node: node093 (i-b822feda)>, u'i-3422fe56': <Node: node027 (i-3422fe56)>, u'i-3223ff50': <Node: node152 (i-3223ff50)>, u'i-0222fe60': <Node: node032 (i-0222fe60)>, u'i-ec23ff8e': <Node: node183 (i-ec23ff8e)>, u'i-2422fe46': <Node: node019 (i-2422fe46)>, u'i-3623ff54': <Node: node154 (i-3623ff54)>, u'i-4422fe26': <Node: node004 (i-4422fe26)>, u'i-4a22fe28': <Node: node005 (i-4a22fe28)>, u'i-3023ff52': <Node: node153 (i-3023ff52)>, u'i-5622fe34': <Node: node010 (i-5622fe34)>, u'i-3c22fe5e': <Node: node031 (i-3c22fe5e)>, u'i-a022fec2': <Node: node081 (i-a022fec2)>, u'i-9822fefa': <Node: node109 (i-9822fefa)>, u'i-3622fe54': <Node: node026 (i-3622fe54)>, u'i-4023ff22': <Node: node129 (i-4023ff22)>, u'i-e622fe84': <Node: node050 (i-e622fe84)>, u'i-d822feba': <Node: node077 (i-d822feba)>, u'i-5c22fe3e': <Node: node015 (i-5c22fe3e)>, u'i-3a23ff58': <Node: node156 (i-3a23ff58)>, u'i-ca23ffa8': <Node: node196 (i-ca23ffa8)>, u'i-e423ff86': <Node: node179 (i-e423ff86)>, u'i-e823ff8a': <Node: node181 (i-e823ff8a)>, u'i-8422fee6': <Node: node099 (i-8422fee6)>, u'i-1423ff76': <Node: node171 (i-1423ff76)>, u'i-8222fee0': <Node: node096 (i-8222fee0)>, u'i-f023ff92': <Node: node185 (i-f023ff92)>, u'i-ac22fece': <Node: node087 (i-ac22fece)>, u'i-9e22fefc': <Node: node110 (i-9e22fefc)>, u'i-8a22fee8': <Node: node100 (i-8a22fee8)>, u'i-5422fe36': <Node: node011 (i-5422fe36)>, u'i-2c23ff4e': <Node: node151 (i-2c23ff4e)>, u'i-9c22fefe': <Node: node111 (i-9c22fefe)>, u'i-7623ff14': <Node: node122 (i-7623ff14)>, u'i-6a23ff08': <Node: node116 (i-6a23ff08)>, u'i-fa22fe98': <Node: node060 (i-fa22fe98)>, u'i-ca22fea8': <Node: node068 (i-ca22fea8)>, u'i-e822fe8a': <Node: node053 (i-e822fe8a)>, u'i-ba22fed8': <Node: node092 (i-ba22fed8)>, u'i-6c23ff0e': <Node: node119 (i-6c23ff0e)>}
2011-12-22 03:24:10,376 PID: 30641 cluster.py:663 - DEBUG - updating existing node i-7c22fe1e in self._nodes
2011-12-22 03:24:10,376 PID: 30641 cluster.py:663 - DEBUG - updating existing node i-4222fe20 in self._nodes
2011-12-22 03:24:10,377 PID: 30641 cluster.py:663 - DEBUG - updating existing node i-4022fe22 in self._nodes
2011-12-22 03:24:10,377 PID: 30641 cluster.py:663 - DEBUG - updating existing node i-4622fe24 in self._nodes
2011-12-22 03:24:10,377 PID: 30641 cluster.py:663 - DEBUG - updating existing node i-4422fe26 in self._nodes
2011-12-22 03:24:10,377 PID: 30641 cluster.py:663 - DEBUG - updating existing node i-4a22fe28 in self._nodes
2011-12-22 03:24:10,377 PID: 30641 cluster.py:663 - DEBUG - updating existing node i-4822fe2a in self._nodes
2011-12-22 03:24:10,378 PID: 30641 cluster.py:663 - DEBUG - updating existing node i-4e22fe2c in self._nodes
2011-12-22 03:24:10,378 PID: 30641 cluster.py:663 - DEBUG - updating existing node i-4c22fe2e in self._nodes
2011-12-22 03:24:10,378 PID: 30641 cluster.py:663 - DEBUG - updating existing node i-5222fe30 in self._nodes
2011-12-22 03:24:10,378 PID: 30641 cluster.py:663 - DEBUG - updating existing node i-5622fe34 in self._nodes
2011-12-22 03:24:10,379 PID: 30641 cluster.py:663 - DEBUG - updating existing node i-5422fe36 in self._nodes
2011-12-22 03:24:10,379 PID: 30641 cluster.py:663 - DEBUG - updating existing node i-5a22fe38 in self._nodes
2011-12-22 03:24:10,379 PID: 30641 cluster.py:663 - DEBUG - updating existing node i-5822fe3a in self._nodes
2011-12-22 03:24:10,379 PID: 30641 cluster.py:663 - DEBUG - updating existing node i-5e22fe3c in self._nodes
2011-12-22 03:24:10,380 PID: 30641 cluster.py:663 - DEBUG - updating existing node i-5c22fe3e in self._nodes
2011-12-22 03:24:10,380 PID: 30641 cluster.py:663 - DEBUG - updating existing node i-2222fe40 in self._nodes
2011-12-22 03:24:10,380 PID: 30641 cluster.py:663 - DEBUG - updating existing node i-2022fe42 in self._nodes
2011-12-22 03:24:10,380 PID: 30641 cluster.py:663 - DEBUG - updating existing node i-2622fe44 in self._nodes
2011-12-22 03:24:10,380 PID: 30641 cluster.py:663 - DEBUG - updating existing node i-2422fe46 in self._nodes
2011-12-22 03:24:10,381 PID: 30641 cluster.py:663 - DEBUG - updating existing node i-2a22fe48 in self._nodes
2011-12-22 03:24:10,381 PID: 30641 cluster.py:663 - DEBUG - updating existing node i-2822fe4a in self._nodes
2011-12-22 03:24:10,381 PID: 30641 cluster.py:663 - DEBUG - updating existing node i-2e22fe4c in self._nodes
2011-12-22 03:24:10,381 PID: 30641 cluster.py:663 - DEBUG - updating existing node i-2c22fe4e in self._nodes
2011-12-22 03:24:10,382 PID: 30641 cluster.py:663 - DEBUG - updating existing node i-3222fe50 in self._nodes
2011-12-22 03:24:10,382 PID: 30641 cluster.py:663 - DEBUG - updating existing node i-3022fe52 in self._nodes
2011-12-22 03:24:10,382 PID: 30641 cluster.py:663 - DEBUG - updating existing node i-3622fe54 in self._nodes
2011-12-22 03:24:10,382 PID: 30641 cluster.py:663 - DEBUG - updating existing node i-3422fe56 in self._nodes
2011-12-22 03:24:10,382 PID: 30641 cluster.py:663 - DEBUG - updating existing node i-3a22fe58 in self._nodes
2011-12-22 03:24:10,383 PID: 30641 cluster.py:663 - DEBUG - updating existing node i-3822fe5a in self._nodes
2011-12-22 03:24:10,383 PID: 30641 cluster.py:663 - DEBUG - updating existing node i-3e22fe5c in self._nodes
2011-12-22 03:24:10,383 PID: 30641 cluster.py:663 - DEBUG - updating existing node i-3c22fe5e in self._nodes
2011-12-22 03:24:10,383 PID: 30641 cluster.py:663 - DEBUG - updating existing node i-0222fe60 in self._nodes
2011-12-22 03:24:10,384 PID: 30641 cluster.py:663 - DEBUG - updating existing node i-0022fe62 in self._nodes
2011-12-22 03:24:10,384 PID: 30641 cluster.py:663 - DEBUG - updating existing node i-0622fe64 in self._nodes
2011-12-22 03:24:10,384 PID: 30641 cluster.py:663 - DEBUG - updating existing node i-0422fe66 in self._nodes
2011-12-22 03:24:10,384 PID: 30641 cluster.py:663 - DEBUG - updating existing node i-0a22fe68 in self._nodes
2011-12-22 03:24:10,385 PID: 30641 cluster.py:663 - DEBUG - updating existing node i-0822fe6a in self._nodes
2011-12-22 03:24:10,385 PID: 30641 cluster.py:663 - DEBUG - updating existing node i-0e22fe6c in self._nodes
2011-12-22 03:24:10,385 PID: 30641 cluster.py:663 - DEBUG - updating existing node i-0c22fe6e in self._nodes
2011-12-22 03:24:10,385 PID: 30641 cluster.py:663 - DEBUG - updating existing node i-1222fe70 in self._nodes
2011-12-22 03:24:10,385 PID: 30641 cluster.py:663 - DEBUG - updating existing node i-1022fe72 in self._nodes
2011-12-22 03:24:10,386 PID: 30641 cluster.py:663 - DEBUG - updating existing node i-1622fe74 in self._nodes
2011-12-22 03:24:10,386 PID: 30641 cluster.py:663 - DEBUG - updating existing node i-1422fe76 in self._nodes
2011-12-22 03:24:10,386 PID: 30641 cluster.py:663 - DEBUG - updating existing node i-1a22fe78 in self._nodes
2011-12-22 03:24:10,386 PID: 30641 cluster.py:663 - DEBUG - updating existing node i-1822fe7a in self._nodes
2011-12-22 03:24:10,387 PID: 30641 cluster.py:663 - DEBUG - updating existing node i-1e22fe7c in self._nodes
2011-12-22 03:24:10,387 PID: 30641 cluster.py:663 - DEBUG - updating existing node i-1c22fe7e in self._nodes
2011-12-22 03:24:10,387 PID: 30641 cluster.py:663 - DEBUG - updating existing node i-e222fe80 in self._nodes
2011-12-22 03:24:10,387 PID: 30641 cluster.py:663 - DEBUG - updating existing node i-e022fe82 in self._nodes
2011-12-22 03:24:10,388 PID: 30641 cluster.py:663 - DEBUG - updating existing node i-e622fe84 in self._nodes
2011-12-22 03:24:10,388 PID: 30641 cluster.py:663 - DEBUG - updating existing node i-e422fe86 in self._nodes
2011-12-22 03:24:10,388 PID: 30641 cluster.py:663 - DEBUG - updating existing node i-ea22fe88 in self._nodes
2011-12-22 03:24:10,388 PID: 30641 cluster.py:663 - DEBUG - updating existing node i-e822fe8a in self._nodes
2011-12-22 03:24:10,388 PID: 30641 cluster.py:663 - DEBUG - updating existing node i-ee22fe8c in self._nodes
2011-12-22 03:24:10,389 PID: 30641 cluster.py:663 - DEBUG - updating existing node i-ec22fe8e in self._nodes
2011-12-22 03:24:10,389 PID: 30641 cluster.py:663 - DEBUG - updating existing node i-f222fe90 in self._nodes
2011-12-22 03:24:10,389 PID: 30641 cluster.py:663 - DEBUG - updating existing node i-f022fe92 in self._nodes
2011-12-22 03:24:10,389 PID: 30641 cluster.py:663 - DEBUG - updating existing node i-f622fe94 in self._nodes
2011-12-22 03:24:10,390 PID: 30641 cluster.py:663 - DEBUG - updating existing node i-f422fe96 in self._nodes
2011-12-22 03:24:10,390 PID: 30641 cluster.py:663 - DEBUG - updating existing node i-fa22fe98 in self._nodes
2011-12-22 03:24:10,391 PID: 30641 cluster.py:663 - DEBUG - updating existing node i-f822fe9a in self._nodes
2011-12-22 03:24:10,391 PID: 30641 cluster.py:663 - DEBUG - updating existing node i-fe22fe9c in self._nodes
2011-12-22 03:24:10,391 PID: 30641 cluster.py:663 - DEBUG - updating existing node i-fc22fe9e in self._nodes
2011-12-22 03:24:10,392 PID: 30641 cluster.py:663 - DEBUG - updating existing node i-c222fea0 in self._nodes
2011-12-22 03:24:10,393 PID: 30641 cluster.py:663 - DEBUG - updating existing node i-c022fea2 in self._nodes
2011-12-22 03:24:10,393 PID: 30641 cluster.py:663 - DEBUG - updating existing node i-c622fea4 in self._nodes
2011-12-22 03:24:10,393 PID: 30641 cluster.py:663 - DEBUG - updating existing node i-c422fea6 in self._nodes
2011-12-22 03:24:10,394 PID: 30641 cluster.py:663 - DEBUG - updating existing node i-ca22fea8 in self._nodes
2011-12-22 03:24:10,394 PID: 30641 cluster.py:663 - DEBUG - updating existing node i-c822feaa in self._nodes
2011-12-22 03:24:10,394 PID: 30641 cluster.py:663 - DEBUG - updating existing node i-ce22feac in self._nodes
2011-12-22 03:24:10,394 PID: 30641 cluster.py:663 - DEBUG - updating existing node i-cc22feae in self._nodes
2011-12-22 03:24:10,395 PID: 30641 cluster.py:663 - DEBUG - updating existing node i-d222feb0 in self._nodes
2011-12-22 03:24:10,395 PID: 30641 cluster.py:663 - DEBUG - updating existing node i-d022feb2 in self._nodes
2011-12-22 03:24:10,395 PID: 30641 cluster.py:663 - DEBUG - updating existing node i-d622feb4 in self._nodes
2011-12-22 03:24:10,395 PID: 30641 cluster.py:663 - DEBUG - updating existing node i-d422feb6 in self._nodes
2011-12-22 03:24:10,396 PID: 30641 cluster.py:663 - DEBUG - updating existing node i-da22feb8 in self._nodes
2011-12-22 03:24:10,396 PID: 30641 cluster.py:663 - DEBUG - updating existing node i-d822feba in self._nodes
2011-12-22 03:24:10,396 PID: 30641 cluster.py:663 - DEBUG - updating existing node i-de22febc in self._nodes
2011-12-22 03:24:10,396 PID: 30641 cluster.py:663 - DEBUG - updating existing node i-dc22febe in self._nodes
2011-12-22 03:24:10,396 PID: 30641 cluster.py:663 - DEBUG - updating existing node i-a222fec0 in self._nodes
2011-12-22 03:24:10,397 PID: 30641 cluster.py:663 - DEBUG - updating existing node i-a022fec2 in self._nodes
2011-12-22 03:24:10,397 PID: 30641 cluster.py:663 - DEBUG - updating existing node i-a622fec4 in self._nodes
2011-12-22 03:24:10,397 PID: 30641 cluster.py:663 - DEBUG - updating existing node i-a422fec6 in self._nodes
2011-12-22 03:24:10,397 PID: 30641 cluster.py:663 - DEBUG - updating existing node i-aa22fec8 in self._nodes
2011-12-22 03:24:10,398 PID: 30641 cluster.py:663 - DEBUG - updating existing node i-a822feca in self._nodes
2011-12-22 03:24:10,398 PID: 30641 cluster.py:663 - DEBUG - updating existing node i-ae22fecc in self._nodes
2011-12-22 03:24:10,398 PID: 30641 cluster.py:663 - DEBUG - updating existing node i-ac22fece in self._nodes
2011-12-22 03:24:10,398 PID: 30641 cluster.py:663 - DEBUG - updating existing node i-b222fed0 in self._nodes
2011-12-22 03:24:10,399 PID: 30641 cluster.py:663 - DEBUG - updating existing node i-b022fed2 in self._nodes
2011-12-22 03:24:10,399 PID: 30641 cluster.py:663 - DEBUG - updating existing node i-b622fed4 in self._nodes
2011-12-22 03:24:10,399 PID: 30641 cluster.py:663 - DEBUG - updating existing node i-b422fed6 in self._nodes
2011-12-22 03:24:10,399 PID: 30641 cluster.py:663 - DEBUG - updating existing node i-ba22fed8 in self._nodes
2011-12-22 03:24:10,399 PID: 30641 cluster.py:663 - DEBUG - updating existing node i-b822feda in self._nodes
2011-12-22 03:24:10,400 PID: 30641 cluster.py:663 - DEBUG - updating existing node i-be22fedc in self._nodes
2011-12-22 03:24:10,400 PID: 30641 cluster.py:663 - DEBUG - updating existing node i-bc22fede in self._nodes
2011-12-22 03:24:10,400 PID: 30641 cluster.py:663 - DEBUG - updating existing node i-8222fee0 in self._nodes
2011-12-22 03:24:10,400 PID: 30641 cluster.py:663 - DEBUG - updating existing node i-8022fee2 in self._nodes
2011-12-22 03:24:10,401 PID: 30641 cluster.py:663 - DEBUG - updating existing node i-8622fee4 in self._nodes
2011-12-22 03:24:10,401 PID: 30641 cluster.py:663 - DEBUG - updating existing node i-8422fee6 in self._nodes
2011-12-22 03:24:10,401 PID: 30641 cluster.py:663 - DEBUG - updating existing node i-8a22fee8 in self._nodes
2011-12-22 03:24:10,401 PID: 30641 cluster.py:663 - DEBUG - updating existing node i-8822feea in self._nodes
2011-12-22 03:24:10,401 PID: 30641 cluster.py:663 - DEBUG - updating existing node i-8e22feec in self._nodes
2011-12-22 03:24:10,402 PID: 30641 cluster.py:663 - DEBUG - updating existing node i-8c22feee in self._nodes
2011-12-22 03:24:10,402 PID: 30641 cluster.py:663 - DEBUG - updating existing node i-9222fef0 in self._nodes
2011-12-22 03:24:10,402 PID: 30641 cluster.py:663 - DEBUG - updating existing node i-9022fef2 in self._nodes
2011-12-22 03:24:10,402 PID: 30641 cluster.py:663 - DEBUG - updating existing node i-9622fef4 in self._nodes
2011-12-22 03:24:10,403 PID: 30641 cluster.py:663 - DEBUG - updating existing node i-9422fef6 in self._nodes
2011-12-22 03:24:10,403 PID: 30641 cluster.py:663 - DEBUG - updating existing node i-9a22fef8 in self._nodes
2011-12-22 03:24:10,404 PID: 30641 cluster.py:663 - DEBUG - updating existing node i-9822fefa in self._nodes
2011-12-22 03:24:10,404 PID: 30641 cluster.py:663 - DEBUG - updating existing node i-9e22fefc in self._nodes
2011-12-22 03:24:10,404 PID: 30641 cluster.py:663 - DEBUG - updating existing node i-9c22fefe in self._nodes
2011-12-22 03:24:10,404 PID: 30641 cluster.py:663 - DEBUG - updating existing node i-6223ff00 in self._nodes
2011-12-22 03:24:10,405 PID: 30641 cluster.py:663 - DEBUG - updating existing node i-6023ff02 in self._nodes
2011-12-22 03:24:10,405 PID: 30641 cluster.py:663 - DEBUG - updating existing node i-6623ff04 in self._nodes
2011-12-22 03:24:10,405 PID: 30641 cluster.py:663 - DEBUG - updating existing node i-6423ff06 in self._nodes
2011-12-22 03:24:10,405 PID: 30641 cluster.py:663 - DEBUG - updating existing node i-6a23ff08 in self._nodes
2011-12-22 03:24:10,405 PID: 30641 cluster.py:663 - DEBUG - updating existing node i-6823ff0a in self._nodes
2011-12-22 03:24:10,406 PID: 30641 cluster.py:663 - DEBUG - updating existing node i-6e23ff0c in self._nodes
2011-12-22 03:24:10,406 PID: 30641 cluster.py:663 - DEBUG - updating existing node i-6c23ff0e in self._nodes
2011-12-22 03:24:10,406 PID: 30641 cluster.py:663 - DEBUG - updating existing node i-7223ff10 in self._nodes
2011-12-22 03:24:10,406 PID: 30641 cluster.py:663 - DEBUG - updating existing node i-7023ff12 in self._nodes
2011-12-22 03:24:10,407 PID: 30641 cluster.py:663 - DEBUG - updating existing node i-7623ff14 in self._nodes
2011-12-22 03:24:10,407 PID: 30641 cluster.py:663 - DEBUG - updating existing node i-7423ff16 in self._nodes
2011-12-22 03:24:10,407 PID: 30641 cluster.py:663 - DEBUG - updating existing node i-7a23ff18 in self._nodes
2011-12-22 03:24:10,408 PID: 30641 cluster.py:663 - DEBUG - updating existing node i-7823ff1a in self._nodes
2011-12-22 03:24:10,409 PID: 30641 cluster.py:663 - DEBUG - updating existing node i-7e23ff1c in self._nodes
2011-12-22 03:24:10,409 PID: 30641 cluster.py:663 - DEBUG - updating existing node i-7c23ff1e in self._nodes
2011-12-22 03:24:10,409 PID: 30641 cluster.py:663 - DEBUG - updating existing node i-4223ff20 in self._nodes
2011-12-22 03:24:10,409 PID: 30641 cluster.py:663 - DEBUG - updating existing node i-4023ff22 in self._nodes
2011-12-22 03:24:10,410 PID: 30641 cluster.py:663 - DEBUG - updating existing node i-4623ff24 in self._nodes
2011-12-22 03:24:10,410 PID: 30641 cluster.py:663 - DEBUG - updating existing node i-4423ff26 in self._nodes
2011-12-22 03:24:10,410 PID: 30641 cluster.py:663 - DEBUG - updating existing node i-4a23ff28 in self._nodes
2011-12-22 03:24:10,410 PID: 30641 cluster.py:663 - DEBUG - updating existing node i-4823ff2a in self._nodes
2011-12-22 03:24:10,411 PID: 30641 cluster.py:663 - DEBUG - updating existing node i-4e23ff2c in self._nodes
2011-12-22 03:24:10,411 PID: 30641 cluster.py:663 - DEBUG - updating existing node i-4c23ff2e in self._nodes
2011-12-22 03:24:10,411 PID: 30641 cluster.py:663 - DEBUG - updating existing node i-5223ff30 in self._nodes
2011-12-22 03:24:10,411 PID: 30641 cluster.py:663 - DEBUG - updating existing node i-5023ff32 in self._nodes
2011-12-22 03:24:10,411 PID: 30641 cluster.py:663 - DEBUG - updating existing node i-5623ff34 in self._nodes
2011-12-22 03:24:10,412 PID: 30641 cluster.py:663 - DEBUG - updating existing node i-5423ff36 in self._nodes
2011-12-22 03:24:10,412 PID: 30641 cluster.py:663 - DEBUG - updating existing node i-5a23ff38 in self._nodes
2011-12-22 03:24:10,412 PID: 30641 cluster.py:663 - DEBUG - updating existing node i-5823ff3a in self._nodes
2011-12-22 03:24:10,412 PID: 30641 cluster.py:663 - DEBUG - updating existing node i-5e23ff3c in self._nodes
2011-12-22 03:24:10,413 PID: 30641 cluster.py:663 - DEBUG - updating existing node i-5c23ff3e in self._nodes
2011-12-22 03:24:10,413 PID: 30641 cluster.py:663 - DEBUG - updating existing node i-2223ff40 in self._nodes
2011-12-22 03:24:10,413 PID: 30641 cluster.py:663 - DEBUG - updating existing node i-2023ff42 in self._nodes
2011-12-22 03:24:10,413 PID: 30641 cluster.py:663 - DEBUG - updating existing node i-2623ff44 in self._nodes
2011-12-22 03:24:10,414 PID: 30641 cluster.py:663 - DEBUG - updating existing node i-2423ff46 in self._nodes
2011-12-22 03:24:10,414 PID: 30641 cluster.py:663 - DEBUG - updating existing node i-2a23ff48 in self._nodes
2011-12-22 03:24:10,414 PID: 30641 cluster.py:663 - DEBUG - updating existing node i-2823ff4a in self._nodes
2011-12-22 03:24:10,414 PID: 30641 cluster.py:663 - DEBUG - updating existing node i-2e23ff4c in self._nodes
2011-12-22 03:24:10,414 PID: 30641 cluster.py:663 - DEBUG - updating existing node i-2c23ff4e in self._nodes
2011-12-22 03:24:10,415 PID: 30641 cluster.py:663 - DEBUG - updating existing node i-3223ff50 in self._nodes
2011-12-22 03:24:10,415 PID: 30641 cluster.py:663 - DEBUG - updating existing node i-3023ff52 in self._nodes
2011-12-22 03:24:10,415 PID: 30641 cluster.py:663 - DEBUG - updating existing node i-3623ff54 in self._nodes
2011-12-22 03:24:10,415 PID: 30641 cluster.py:663 - DEBUG - updating existing node i-3423ff56 in self._nodes
2011-12-22 03:24:10,416 PID: 30641 cluster.py:663 - DEBUG - updating existing node i-3a23ff58 in self._nodes
2011-12-22 03:24:10,416 PID: 30641 cluster.py:663 - DEBUG - updating existing node i-3823ff5a in self._nodes
2011-12-22 03:24:10,416 PID: 30641 cluster.py:663 - DEBUG - updating existing node i-3e23ff5c in self._nodes
2011-12-22 03:24:10,416 PID: 30641 cluster.py:663 - DEBUG - updating existing node i-3c23ff5e in self._nodes
2011-12-22 03:24:10,417 PID: 30641 cluster.py:663 - DEBUG - updating existing node i-0223ff60 in self._nodes
2011-12-22 03:24:10,417 PID: 30641 cluster.py:663 - DEBUG - updating existing node i-0023ff62 in self._nodes
2011-12-22 03:24:10,417 PID: 30641 cluster.py:663 - DEBUG - updating existing node i-0623ff64 in self._nodes
2011-12-22 03:24:10,417 PID: 30641 cluster.py:663 - DEBUG - updating existing node i-0423ff66 in self._nodes
2011-12-22 03:24:10,417 PID: 30641 cluster.py:663 - DEBUG - updating existing node i-0a23ff68 in self._nodes
2011-12-22 03:24:10,418 PID: 30641 cluster.py:663 - DEBUG - updating existing node i-0823ff6a in self._nodes
2011-12-22 03:24:10,418 PID: 30641 cluster.py:663 - DEBUG - updating existing node i-0e23ff6c in self._nodes
2011-12-22 03:24:10,418 PID: 30641 cluster.py:663 - DEBUG - updating existing node i-0c23ff6e in self._nodes
2011-12-22 03:24:10,418 PID: 30641 cluster.py:663 - DEBUG - updating existing node i-1223ff70 in self._nodes
2011-12-22 03:24:10,419 PID: 30641 cluster.py:663 - DEBUG - updating existing node i-1023ff72 in self._nodes
2011-12-22 03:24:10,419 PID: 30641 cluster.py:663 - DEBUG - updating existing node i-1623ff74 in self._nodes
2011-12-22 03:24:10,419 PID: 30641 cluster.py:663 - DEBUG - updating existing node i-1423ff76 in self._nodes
2011-12-22 03:24:10,419 PID: 30641 cluster.py:663 - DEBUG - updating existing node i-1a23ff78 in self._nodes
2011-12-22 03:24:10,420 PID: 30641 cluster.py:663 - DEBUG - updating existing node i-1823ff7a in self._nodes
2011-12-22 03:24:10,420 PID: 30641 cluster.py:663 - DEBUG - updating existing node i-1e23ff7c in self._nodes
2011-12-22 03:24:10,420 PID: 30641 cluster.py:663 - DEBUG - updating existing node i-1c23ff7e in self._nodes
2011-12-22 03:24:10,420 PID: 30641 cluster.py:663 - DEBUG - updating existing node i-e223ff80 in self._nodes
2011-12-22 03:24:10,421 PID: 30641 cluster.py:663 - DEBUG - updating existing node i-e023ff82 in self._nodes
2011-12-22 03:24:10,421 PID: 30641 cluster.py:663 - DEBUG - updating existing node i-e623ff84 in self._nodes
2011-12-22 03:24:10,421 PID: 30641 cluster.py:663 - DEBUG - updating existing node i-e423ff86 in self._nodes
2011-12-22 03:24:10,421 PID: 30641 cluster.py:663 - DEBUG - updating existing node i-ea23ff88 in self._nodes
2011-12-22 03:24:10,422 PID: 30641 cluster.py:663 - DEBUG - updating existing node i-e823ff8a in self._nodes
2011-12-22 03:24:10,422 PID: 30641 cluster.py:663 - DEBUG - updating existing node i-ee23ff8c in self._nodes
2011-12-22 03:24:10,422 PID: 30641 cluster.py:663 - DEBUG - updating existing node i-ec23ff8e in self._nodes
2011-12-22 03:24:10,422 PID: 30641 cluster.py:663 - DEBUG - updating existing node i-f223ff90 in self._nodes
2011-12-22 03:24:10,422 PID: 30641 cluster.py:663 - DEBUG - updating existing node i-f023ff92 in self._nodes
2011-12-22 03:24:10,423 PID: 30641 cluster.py:663 - DEBUG - updating existing node i-f623ff94 in self._nodes
2011-12-22 03:24:10,423 PID: 30641 cluster.py:663 - DEBUG - updating existing node i-f423ff96 in self._nodes
2011-12-22 03:24:10,423 PID: 30641 cluster.py:663 - DEBUG - updating existing node i-fa23ff98 in self._nodes
2011-12-22 03:24:10,423 PID: 30641 cluster.py:663 - DEBUG - updating existing node i-f823ff9a in self._nodes
2011-12-22 03:24:10,424 PID: 30641 cluster.py:663 - DEBUG - updating existing node i-fe23ff9c in self._nodes
2011-12-22 03:24:10,424 PID: 30641 cluster.py:663 - DEBUG - updating existing node i-fc23ff9e in self._nodes
2011-12-22 03:24:10,424 PID: 30641 cluster.py:663 - DEBUG - updating existing node i-c223ffa0 in self._nodes
2011-12-22 03:24:10,424 PID: 30641 cluster.py:663 - DEBUG - updating existing node i-c023ffa2 in self._nodes
2011-12-22 03:24:10,425 PID: 30641 cluster.py:663 - DEBUG - updating existing node i-c623ffa4 in self._nodes
2011-12-22 03:24:10,425 PID: 30641 cluster.py:663 - DEBUG - updating existing node i-c423ffa6 in self._nodes
2011-12-22 03:24:10,425 PID: 30641 cluster.py:663 - DEBUG - updating existing node i-ca23ffa8 in self._nodes
2011-12-22 03:24:10,425 PID: 30641 cluster.py:663 - DEBUG - updating existing node i-c823ffaa in self._nodes
2011-12-22 03:24:10,425 PID: 30641 cluster.py:663 - DEBUG - updating existing node i-ce23ffac in self._nodes
2011-12-22 03:24:10,426 PID: 30641 cluster.py:663 - DEBUG - updating existing node i-cc23ffae in self._nodes
2011-12-22 03:24:10,427 PID: 30641 cluster.py:676 - DEBUG - returning self._nodes = [<Node: master (i-7c22fe1e)>, <Node: node001 (i-4222fe20)>, <Node: node002 (i-4022fe22)>, <Node: node003 (i-4622fe24)>, <Node: node004 (i-4422fe26)>, <Node: node005 (i-4a22fe28)>, <Node: node006 (i-4822fe2a)>, <Node: node007 (i-4e22fe2c)>, <Node: node008 (i-4c22fe2e)>, <Node: node009 (i-5222fe30)>, <Node: node010 (i-5622fe34)>, <Node: node011 (i-5422fe36)>, <Node: node012 (i-5a22fe38)>, <Node: node013 (i-5822fe3a)>, <Node: node014 (i-5e22fe3c)>, <Node: node015 (i-5c22fe3e)>, <Node: node016 (i-2222fe40)>, <Node: node017 (i-2022fe42)>, <Node: node018 (i-2622fe44)>, <Node: node019 (i-2422fe46)>, <Node: node020 (i-2a22fe48)>, <Node: node021 (i-2822fe4a)>, <Node: node022 (i-2e22fe4c)>, <Node: node023 (i-2c22fe4e)>, <Node: node024 (i-3222fe50)>, <Node: node025 (i-3022fe52)>, <Node: node026 (i-3622fe54)>, <Node: node027 (i-3422fe56)>, <Node: node028 (i-3a22fe58)>, <Node: node029 (i-3822fe5a)>, <Node: node030 (i-3e22fe5c)>, <Node: node031 (i-3c22fe5e)>, <Node: node032 (i-0222fe60)>, <Node: node033 (i-0022fe62)>, <Node: node034 (i-0622fe64)>, <Node: node035 (i-0422fe66)>, <Node: node036 (i-0a22fe68)>, <Node: node037 (i-0822fe6a)>, <Node: node038 (i-0e22fe6c)>, <Node: node039 (i-0c22fe6e)>, <Node: node040 (i-1222fe70)>, <Node: node041 (i-1022fe72)>, <Node: node042 (i-1622fe74)>, <Node: node043 (i-1422fe76)>, <Node: node044 (i-1a22fe78)>, <Node: node045 (i-1822fe7a)>, <Node: node046 (i-1e22fe7c)>, <Node: node047 (i-1c22fe7e)>, <Node: node048 (i-e222fe80)>, <Node: node049 (i-e022fe82)>, <Node: node050 (i-e622fe84)>, <Node: node051 (i-e422fe86)>, <Node: node052 (i-ea22fe88)>, <Node: node053 (i-e822fe8a)>, <Node: node054 (i-ee22fe8c)>, <Node: node055 (i-ec22fe8e)>, <Node: node056 (i-f222fe90)>, <Node: node057 (i-f022fe92)>, <Node: node058 (i-f622fe94)>, <Node: node059 (i-f422fe96)>, <Node: node060 (i-fa22fe98)>, <Node: node061 (i-f822fe9a)>, <Node: node062 (i-fe22fe9c)>, <Node: node063 (i-fc22fe9e)>, <Node: node064 (i-c222fea0)>, <Node: node065 (i-c022fea2)>, <Node: node066 (i-c622fea4)>, <Node: node067 (i-c422fea6)>, <Node: node068 (i-ca22fea8)>, <Node: node069 (i-c822feaa)>, <Node: node070 (i-ce22feac)>, <Node: node071 (i-cc22feae)>, <Node: node072 (i-d222feb0)>, <Node: node073 (i-d022feb2)>, <Node: node074 (i-d622feb4)>, <Node: node075 (i-d422feb6)>, <Node: node076 (i-da22feb8)>, <Node: node077 (i-d822feba)>, <Node: node078 (i-de22febc)>, <Node: node079 (i-dc22febe)>, <Node: node080 (i-a222fec0)>, <Node: node081 (i-a022fec2)>, <Node: node082 (i-a622fec4)>, <Node: node083 (i-a422fec6)>, <Node: node084 (i-aa22fec8)>, <Node: node085 (i-a822feca)>, <Node: node086 (i-ae22fecc)>, <Node: node087 (i-ac22fece)>, <Node: node088 (i-b222fed0)>, <Node: node089 (i-b022fed2)>, <Node: node090 (i-b622fed4)>, <Node: node091 (i-b422fed6)>, <Node: node092 (i-ba22fed8)>, <Node: node093 (i-b822feda)>, <Node: node094 (i-be22fedc)>, <Node: node095 (i-bc22fede)>, <Node: node096 (i-8222fee0)>, <Node: node097 (i-8022fee2)>, <Node: node098 (i-8622fee4)>, <Node: node099 (i-8422fee6)>, <Node: node100 (i-8a22fee8)>, <Node: node101 (i-8822feea)>, <Node: node102 (i-8e22feec)>, <Node: node103 (i-8c22feee)>, <Node: node104 (i-9222fef0)>, <Node: node105 (i-9022fef2)>, <Node: node106 (i-9622fef4)>, <Node: node107 (i-9422fef6)>, <Node: node108 (i-9a22fef8)>, <Node: node109 (i-9822fefa)>, <Node: node110 (i-9e22fefc)>, <Node: node111 (i-9c22fefe)>, <Node: node112 (i-6223ff00)>, <Node: node113 (i-6023ff02)>, <Node: node114 (i-6623ff04)>, <Node: node115 (i-6423ff06)>, <Node: node116 (i-6a23ff08)>, <Node: node117 (i-6823ff0a)>, <Node: node118 (i-6e23ff0c)>, <Node: node119 (i-6c23ff0e)>, <Node: node120 (i-7223ff10)>, <Node: node121 (i-7023ff12)>, <Node: node122 (i-7623ff14)>, <Node: node123 (i-7423ff16)>, <Node: node124 (i-7a23ff18)>, <Node: node125 (i-7823ff1a)>, <Node: node126 (i-7e23ff1c)>, <Node: node127 (i-7c23ff1e)>, <Node: node128 (i-4223ff20)>, <Node: node129 (i-4023ff22)>, <Node: node130 (i-4623ff24)>, <Node: node131 (i-4423ff26)>, <Node: node132 (i-4a23ff28)>, <Node: node133 (i-4823ff2a)>, <Node: node134 (i-4e23ff2c)>, <Node: node135 (i-4c23ff2e)>, <Node: node136 (i-5223ff30)>, <Node: node137 (i-5023ff32)>, <Node: node138 (i-5623ff34)>, <Node: node139 (i-5423ff36)>, <Node: node140 (i-5a23ff38)>, <Node: node141 (i-5823ff3a)>, <Node: node142 (i-5e23ff3c)>, <Node: node143 (i-5c23ff3e)>, <Node: node144 (i-2223ff40)>, <Node: node145 (i-2023ff42)>, <Node: node146 (i-2623ff44)>, <Node: node147 (i-2423ff46)>, <Node: node148 (i-2a23ff48)>, <Node: node149 (i-2823ff4a)>, <Node: node150 (i-2e23ff4c)>, <Node: node151 (i-2c23ff4e)>, <Node: node152 (i-3223ff50)>, <Node: node153 (i-3023ff52)>, <Node: node154 (i-3623ff54)>, <Node: node155 (i-3423ff56)>, <Node: node156 (i-3a23ff58)>, <Node: node157 (i-3823ff5a)>, <Node: node158 (i-3e23ff5c)>, <Node: node159 (i-3c23ff5e)>, <Node: node160 (i-0223ff60)>, <Node: node161 (i-0023ff62)>, <Node: node162 (i-0623ff64)>, <Node: node163 (i-0423ff66)>, <Node: node164 (i-0a23ff68)>, <Node: node165 (i-0823ff6a)>, <Node: node166 (i-0e23ff6c)>, <Node: node167 (i-0c23ff6e)>, <Node: node168 (i-1223ff70)>, <Node: node169 (i-1023ff72)>, <Node: node170 (i-1623ff74)>, <Node: node171 (i-1423ff76)>, <Node: node172 (i-1a23ff78)>, <Node: node173 (i-1823ff7a)>, <Node: node174 (i-1e23ff7c)>, <Node: node175 (i-1c23ff7e)>, <Node: node176 (i-e223ff80)>, <Node: node177 (i-e023ff82)>, <Node: node178 (i-e623ff84)>, <Node: node179 (i-e423ff86)>, <Node: node180 (i-ea23ff88)>, <Node: node181 (i-e823ff8a)>, <Node: node182 (i-ee23ff8c)>, <Node: node183 (i-ec23ff8e)>, <Node: node184 (i-f223ff90)>, <Node: node185 (i-f023ff92)>, <Node: node186 (i-f623ff94)>, <Node: node187 (i-f423ff96)>, <Node: node188 (i-fa23ff98)>, <Node: node189 (i-f823ff9a)>, <Node: node190 (i-fe23ff9c)>, <Node: node191 (i-fc23ff9e)>, <Node: node192 (i-c223ffa0)>, <Node: node193 (i-c023ffa2)>, <Node: node194 (i-c623ffa4)>, <Node: node195 (i-c423ffa6)>, <Node: node196 (i-ca23ffa8)>, <Node: node197 (i-c823ffaa)>, <Node: node198 (i-ce23ffac)>, <Node: node199 (i-cc23ffae)>]
2011-12-22 03:24:17,943 PID: 30641 ssh.py:91 - DEBUG - connecting to host ec2-107-21-128-191.compute-1.amazonaws.com on port 22 as user root
2011-12-22 03:24:22,055 PID: 30641 ssh.py:91 - DEBUG - connecting to host ec2-107-21-67-51.compute-1.amazonaws.com on port 22 as user root
2011-12-22 03:24:56,022 PID: 30641 ssh.py:91 - DEBUG - connecting to host ec2-50-17-49-61.compute-1.amazonaws.com on port 22 as user root
2011-12-22 03:24:59,602 PID: 30641 ssh.py:91 - DEBUG - connecting to host ec2-174-129-113-209.compute-1.amazonaws.com on port 22 as user root
2011-12-22 03:25:19,911 PID: 30641 cluster.py:660 - DEBUG - existing nodes: {u'i-6423ff06': <Node: node115 (i-6423ff06)>, u'i-0022fe62': <Node: node033 (i-0022fe62)>, u'i-ae22fecc': <Node: node086 (i-ae22fecc)>, u'i-a822feca': <Node: node085 (i-a822feca)>, u'i-1e23ff7c': <Node: node174 (i-1e23ff7c)>, u'i-f423ff96': <Node: node187 (i-f423ff96)>, u'i-d622feb4': <Node: node074 (i-d622feb4)>, u'i-2022fe42': <Node: node017 (i-2022fe42)>, u'i-f422fe96': <Node: node059 (i-f422fe96)>, u'i-e222fe80': <Node: node048 (i-e222fe80)>, u'i-b222fed0': <Node: node088 (i-b222fed0)>, u'i-2c22fe4e': <Node: node023 (i-2c22fe4e)>, u'i-3822fe5a': <Node: node029 (i-3822fe5a)>, u'i-0c23ff6e': <Node: node167 (i-0c23ff6e)>, u'i-8c22feee': <Node: node103 (i-8c22feee)>, u'i-7c23ff1e': <Node: node127 (i-7c23ff1e)>, u'i-f623ff94': <Node: node186 (i-f623ff94)>, u'i-8822feea': <Node: node101 (i-8822feea)>, u'i-3222fe50': <Node: node024 (i-3222fe50)>, u'i-5222fe30': <Node: node009 (i-5222fe30)>, u'i-4822fe2a': <Node: node006 (i-4822fe2a)>, u'i-a622fec4': <Node: node082 (i-a622fec4)>, u'i-f823ff9a': <Node: node189 (i-f823ff9a)>, u'i-4423ff26': <Node: node131 (i-4423ff26)>, u'i-6223ff00': <Node: node112 (i-6223ff00)>, u'i-4a23ff28': <Node: node132 (i-4a23ff28)>, u'i-7c22fe1e': <Node: master (i-7c22fe1e)>, u'i-2623ff44': <Node: node146 (i-2623ff44)>, u'i-c222fea0': <Node: node064 (i-c222fea0)>, u'i-2823ff4a': <Node: node149 (i-2823ff4a)>, u'i-1c22fe7e': <Node: node047 (i-1c22fe7e)>, u'i-5e23ff3c': <Node: node142 (i-5e23ff3c)>, u'i-4e22fe2c': <Node: node007 (i-4e22fe2c)>, u'i-4c23ff2e': <Node: node135 (i-4c23ff2e)>, u'i-9222fef0': <Node: node104 (i-9222fef0)>, u'i-da22feb8': <Node: node076 (i-da22feb8)>, u'i-7e23ff1c': <Node: node126 (i-7e23ff1c)>, u'i-5e22fe3c': <Node: node014 (i-5e22fe3c)>, u'i-5a23ff38': <Node: node140 (i-5a23ff38)>, u'i-ce22feac': <Node: node070 (i-ce22feac)>, u'i-8022fee2': <Node: node097 (i-8022fee2)>, u'i-f822fe9a': <Node: node061 (i-f822fe9a)>, u'i-e223ff80': <Node: node176 (i-e223ff80)>, u'i-0c22fe6e': <Node: node039 (i-0c22fe6e)>, u'i-5223ff30': <Node: node136 (i-5223ff30)>, u'i-2622fe44': <Node: node018 (i-2622fe44)>, u'i-5423ff36': <Node: node139 (i-5423ff36)>, u'i-6823ff0a': <Node: node117 (i-6823ff0a)>, u'i-4222fe20': <Node: node001 (i-4222fe20)>, u'i-4823ff2a': <Node: node133 (i-4823ff2a)>, u'i-9422fef6': <Node: node107 (i-9422fef6)>, u'i-7423ff16': <Node: node123 (i-7423ff16)>, u'i-1622fe74': <Node: node042 (i-1622fe74)>, u'i-1c23ff7e': <Node: node175 (i-1c23ff7e)>, u'i-0423ff66': <Node: node163 (i-0423ff66)>, u'i-7823ff1a': <Node: node125 (i-7823ff1a)>, u'i-1a22fe78': <Node: node044 (i-1a22fe78)>, u'i-5023ff32': <Node: node137 (i-5023ff32)>, u'i-2423ff46': <Node: node147 (i-2423ff46)>, u'i-4022fe22': <Node: node002 (i-4022fe22)>, u'i-7023ff12': <Node: node121 (i-7023ff12)>, u'i-b622fed4': <Node: node090 (i-b622fed4)>, u'i-f222fe90': <Node: node056 (i-f222fe90)>, u'i-ee22fe8c': <Node: node054 (i-ee22fe8c)>, u'i-c022fea2': <Node: node065 (i-c022fea2)>, u'i-5c23ff3e': <Node: node143 (i-5c23ff3e)>, u'i-1a23ff78': <Node: node172 (i-1a23ff78)>, u'i-1623ff74': <Node: node170 (i-1623ff74)>, u'i-fc23ff9e': <Node: node191 (i-fc23ff9e)>, u'i-2e22fe4c': <Node: node022 (i-2e22fe4c)>, u'i-ee23ff8c': <Node: node182 (i-ee23ff8c)>, u'i-e022fe82': <Node: node049 (i-e022fe82)>, u'i-8e22feec': <Node: node102 (i-8e22feec)>, u'i-9a22fef8': <Node: node108 (i-9a22fef8)>, u'i-5a22fe38': <Node: node012 (i-5a22fe38)>, u'i-3c23ff5e': <Node: node159 (i-3c23ff5e)>, u'i-de22febc': <Node: node078 (i-de22febc)>, u'i-fa23ff98': <Node: node188 (i-fa23ff98)>, u'i-4622fe24': <Node: node003 (i-4622fe24)>, u'i-b422fed6': <Node: node091 (i-b422fed6)>, u'i-9622fef4': <Node: node106 (i-9622fef4)>, u'i-6023ff02': <Node: node113 (i-6023ff02)>, u'i-1823ff7a': <Node: node173 (i-1823ff7a)>, u'i-f022fe92': <Node: node057 (i-f022fe92)>, u'i-3423ff56': <Node: node155 (i-3423ff56)>, u'i-fc22fe9e': <Node: node063 (i-fc22fe9e)>, u'i-c623ffa4': <Node: node194 (i-c623ffa4)>, u'i-a222fec0': <Node: node080 (i-a222fec0)>, u'i-0223ff60': <Node: node160 (i-0223ff60)>, u'i-3823ff5a': <Node: node157 (i-3823ff5a)>, u'i-ce23ffac': <Node: node198 (i-ce23ffac)>, u'i-2a22fe48': <Node: node020 (i-2a22fe48)>, u'i-2a23ff48': <Node: node148 (i-2a23ff48)>, u'i-2222fe40': <Node: node016 (i-2222fe40)>, u'i-0422fe66': <Node: node035 (i-0422fe66)>, u'i-7223ff10': <Node: node120 (i-7223ff10)>, u'i-ec22fe8e': <Node: node055 (i-ec22fe8e)>, u'i-ea22fe88': <Node: node052 (i-ea22fe88)>, u'i-e422fe86': <Node: node051 (i-e422fe86)>, u'i-c223ffa0': <Node: node192 (i-c223ffa0)>, u'i-1023ff72': <Node: node169 (i-1023ff72)>, u'i-7a23ff18': <Node: node124 (i-7a23ff18)>, u'i-fe22fe9c': <Node: node062 (i-fe22fe9c)>, u'i-c423ffa6': <Node: node195 (i-c423ffa6)>, u'i-f622fe94': <Node: node058 (i-f622fe94)>, u'i-0622fe64': <Node: node034 (i-0622fe64)>, u'i-2023ff42': <Node: node145 (i-2023ff42)>, u'i-0e23ff6c': <Node: node166 (i-0e23ff6c)>, u'i-0823ff6a': <Node: node165 (i-0823ff6a)>, u'i-1022fe72': <Node: node041 (i-1022fe72)>, u'i-0623ff64': <Node: node162 (i-0623ff64)>, u'i-cc22feae': <Node: node071 (i-cc22feae)>, u'i-0a22fe68': <Node: node036 (i-0a22fe68)>, u'i-6623ff04': <Node: node114 (i-6623ff04)>, u'i-aa22fec8': <Node: node084 (i-aa22fec8)>, u'i-2e23ff4c': <Node: node150 (i-2e23ff4c)>, u'i-c422fea6': <Node: node067 (i-c422fea6)>, u'i-ea23ff88': <Node: node180 (i-ea23ff88)>, u'i-d022feb2': <Node: node073 (i-d022feb2)>, u'i-4e23ff2c': <Node: node134 (i-4e23ff2c)>, u'i-3e23ff5c': <Node: node158 (i-3e23ff5c)>, u'i-e623ff84': <Node: node178 (i-e623ff84)>, u'i-5823ff3a': <Node: node141 (i-5823ff3a)>, u'i-3e22fe5c': <Node: node030 (i-3e22fe5c)>, u'i-0822fe6a': <Node: node037 (i-0822fe6a)>, u'i-c622fea4': <Node: node066 (i-c622fea4)>, u'i-dc22febe': <Node: node079 (i-dc22febe)>, u'i-0023ff62': <Node: node161 (i-0023ff62)>, u'i-1223ff70': <Node: node168 (i-1223ff70)>, u'i-c023ffa2': <Node: node193 (i-c023ffa2)>, u'i-0e22fe6c': <Node: node038 (i-0e22fe6c)>, u'i-6e23ff0c': <Node: node118 (i-6e23ff0c)>, u'i-c823ffaa': <Node: node197 (i-c823ffaa)>, u'i-2822fe4a': <Node: node021 (i-2822fe4a)>, u'i-1e22fe7c': <Node: node046 (i-1e22fe7c)>, u'i-3a22fe58': <Node: node028 (i-3a22fe58)>, u'i-e023ff82': <Node: node177 (i-e023ff82)>, u'i-bc22fede': <Node: node095 (i-bc22fede)>, u'i-d422feb6': <Node: node075 (i-d422feb6)>, u'i-5623ff34': <Node: node138 (i-5623ff34)>, u'i-1222fe70': <Node: node040 (i-1222fe70)>, u'i-9022fef2': <Node: node105 (i-9022fef2)>, u'i-b022fed2': <Node: node089 (i-b022fed2)>, u'i-be22fedc': <Node: node094 (i-be22fedc)>, u'i-a422fec6': <Node: node083 (i-a422fec6)>, u'i-0a23ff68': <Node: node164 (i-0a23ff68)>, u'i-3022fe52': <Node: node025 (i-3022fe52)>, u'i-d222feb0': <Node: node072 (i-d222feb0)>, u'i-4223ff20': <Node: node128 (i-4223ff20)>, u'i-c822feaa': <Node: node069 (i-c822feaa)>, u'i-8622fee4': <Node: node098 (i-8622fee4)>, u'i-4c22fe2e': <Node: node008 (i-4c22fe2e)>, u'i-4623ff24': <Node: node130 (i-4623ff24)>, u'i-cc23ffae': <Node: node199 (i-cc23ffae)>, u'i-1822fe7a': <Node: node045 (i-1822fe7a)>, u'i-1422fe76': <Node: node043 (i-1422fe76)>, u'i-fe23ff9c': <Node: node190 (i-fe23ff9c)>, u'i-5822fe3a': <Node: node013 (i-5822fe3a)>, u'i-2223ff40': <Node: node144 (i-2223ff40)>, u'i-f223ff90': <Node: node184 (i-f223ff90)>, u'i-b822feda': <Node: node093 (i-b822feda)>, u'i-3422fe56': <Node: node027 (i-3422fe56)>, u'i-3223ff50': <Node: node152 (i-3223ff50)>, u'i-0222fe60': <Node: node032 (i-0222fe60)>, u'i-ec23ff8e': <Node: node183 (i-ec23ff8e)>, u'i-2422fe46': <Node: node019 (i-2422fe46)>, u'i-3623ff54': <Node: node154 (i-3623ff54)>, u'i-4422fe26': <Node: node004 (i-4422fe26)>, u'i-4a22fe28': <Node: node005 (i-4a22fe28)>, u'i-3023ff52': <Node: node153 (i-3023ff52)>, u'i-5622fe34': <Node: node010 (i-5622fe34)>, u'i-3c22fe5e': <Node: node031 (i-3c22fe5e)>, u'i-a022fec2': <Node: node081 (i-a022fec2)>, u'i-9822fefa': <Node: node109 (i-9822fefa)>, u'i-3622fe54': <Node: node026 (i-3622fe54)>, u'i-4023ff22': <Node: node129 (i-4023ff22)>, u'i-e622fe84': <Node: node050 (i-e622fe84)>, u'i-d822feba': <Node: node077 (i-d822feba)>, u'i-5c22fe3e': <Node: node015 (i-5c22fe3e)>, u'i-3a23ff58': <Node: node156 (i-3a23ff58)>, u'i-ca23ffa8': <Node: node196 (i-ca23ffa8)>, u'i-e423ff86': <Node: node179 (i-e423ff86)>, u'i-e823ff8a': <Node: node181 (i-e823ff8a)>, u'i-8422fee6': <Node: node099 (i-8422fee6)>, u'i-1423ff76': <Node: node171 (i-1423ff76)>, u'i-8222fee0': <Node: node096 (i-8222fee0)>, u'i-f023ff92': <Node: node185 (i-f023ff92)>, u'i-ac22fece': <Node: node087 (i-ac22fece)>, u'i-9e22fefc': <Node: node110 (i-9e22fefc)>, u'i-8a22fee8': <Node: node100 (i-8a22fee8)>, u'i-5422fe36': <Node: node011 (i-5422fe36)>, u'i-2c23ff4e': <Node: node151 (i-2c23ff4e)>, u'i-9c22fefe': <Node: node111 (i-9c22fefe)>, u'i-7623ff14': <Node: node122 (i-7623ff14)>, u'i-6a23ff08': <Node: node116 (i-6a23ff08)>, u'i-fa22fe98': <Node: node060 (i-fa22fe98)>, u'i-ca22fea8': <Node: node068 (i-ca22fea8)>, u'i-e822fe8a': <Node: node053 (i-e822fe8a)>, u'i-ba22fed8': <Node: node092 (i-ba22fed8)>, u'i-6c23ff0e': <Node: node119 (i-6c23ff0e)>}
2011-12-22 03:25:19,911 PID: 30641 cluster.py:663 - DEBUG - updating existing node i-7c22fe1e in self._nodes
2011-12-22 03:25:19,911 PID: 30641 cluster.py:663 - DEBUG - updating existing node i-4222fe20 in self._nodes
2011-12-22 03:25:19,912 PID: 30641 cluster.py:663 - DEBUG - updating existing node i-4022fe22 in self._nodes
2011-12-22 03:25:19,912 PID: 30641 cluster.py:663 - DEBUG - updating existing node i-4622fe24 in self._nodes
2011-12-22 03:25:19,912 PID: 30641 cluster.py:663 - DEBUG - updating existing node i-4422fe26 in self._nodes
2011-12-22 03:25:19,912 PID: 30641 cluster.py:663 - DEBUG - updating existing node i-4a22fe28 in self._nodes
2011-12-22 03:25:19,912 PID: 30641 cluster.py:663 - DEBUG - updating existing node i-4822fe2a in self._nodes
2011-12-22 03:25:19,913 PID: 30641 cluster.py:663 - DEBUG - updating existing node i-4e22fe2c in self._nodes
2011-12-22 03:25:19,913 PID: 30641 cluster.py:663 - DEBUG - updating existing node i-4c22fe2e in self._nodes
2011-12-22 03:25:19,913 PID: 30641 cluster.py:663 - DEBUG - updating existing node i-5222fe30 in self._nodes
2011-12-22 03:25:19,913 PID: 30641 cluster.py:663 - DEBUG - updating existing node i-5622fe34 in self._nodes
2011-12-22 03:25:19,914 PID: 30641 cluster.py:663 - DEBUG - updating existing node i-5422fe36 in self._nodes
2011-12-22 03:25:19,914 PID: 30641 cluster.py:663 - DEBUG - updating existing node i-5a22fe38 in self._nodes
2011-12-22 03:25:19,914 PID: 30641 cluster.py:663 - DEBUG - updating existing node i-5822fe3a in self._nodes
2011-12-22 03:25:19,914 PID: 30641 cluster.py:663 - DEBUG - updating existing node i-5e22fe3c in self._nodes
2011-12-22 03:25:19,915 PID: 30641 cluster.py:663 - DEBUG - updating existing node i-5c22fe3e in self._nodes
2011-12-22 03:25:19,915 PID: 30641 cluster.py:663 - DEBUG - updating existing node i-2222fe40 in self._nodes
2011-12-22 03:25:19,915 PID: 30641 cluster.py:663 - DEBUG - updating existing node i-2022fe42 in self._nodes
2011-12-22 03:25:19,915 PID: 30641 cluster.py:663 - DEBUG - updating existing node i-2622fe44 in self._nodes
2011-12-22 03:25:19,915 PID: 30641 cluster.py:663 - DEBUG - updating existing node i-2422fe46 in self._nodes
2011-12-22 03:25:19,916 PID: 30641 cluster.py:663 - DEBUG - updating existing node i-2a22fe48 in self._nodes
2011-12-22 03:25:19,916 PID: 30641 cluster.py:663 - DEBUG - updating existing node i-2822fe4a in self._nodes
2011-12-22 03:25:19,916 PID: 30641 cluster.py:663 - DEBUG - updating existing node i-2e22fe4c in self._nodes
2011-12-22 03:25:19,916 PID: 30641 cluster.py:663 - DEBUG - updating existing node i-2c22fe4e in self._nodes
2011-12-22 03:25:19,917 PID: 30641 cluster.py:663 - DEBUG - updating existing node i-3222fe50 in self._nodes
2011-12-22 03:25:19,917 PID: 30641 cluster.py:663 - DEBUG - updating existing node i-3022fe52 in self._nodes
2011-12-22 03:25:19,917 PID: 30641 cluster.py:663 - DEBUG - updating existing node i-3622fe54 in self._nodes
2011-12-22 03:25:19,917 PID: 30641 cluster.py:663 - DEBUG - updating existing node i-3422fe56 in self._nodes
2011-12-22 03:25:19,918 PID: 30641 cluster.py:663 - DEBUG - updating existing node i-3a22fe58 in self._nodes
2011-12-22 03:25:19,918 PID: 30641 cluster.py:663 - DEBUG - updating existing node i-3822fe5a in self._nodes
2011-12-22 03:25:19,918 PID: 30641 cluster.py:663 - DEBUG - updating existing node i-3e22fe5c in self._nodes
2011-12-22 03:25:19,918 PID: 30641 cluster.py:663 - DEBUG - updating existing node i-3c22fe5e in self._nodes
2011-12-22 03:25:19,919 PID: 30641 cluster.py:663 - DEBUG - updating existing node i-0222fe60 in self._nodes
2011-12-22 03:25:19,919 PID: 30641 cluster.py:663 - DEBUG - updating existing node i-0022fe62 in self._nodes
2011-12-22 03:25:19,919 PID: 30641 cluster.py:663 - DEBUG - updating existing node i-0622fe64 in self._nodes
2011-12-22 03:25:19,919 PID: 30641 cluster.py:663 - DEBUG - updating existing node i-0422fe66 in self._nodes
2011-12-22 03:25:19,919 PID: 30641 cluster.py:663 - DEBUG - updating existing node i-0a22fe68 in self._nodes
2011-12-22 03:25:19,920 PID: 30641 cluster.py:663 - DEBUG - updating existing node i-0822fe6a in self._nodes
2011-12-22 03:25:19,920 PID: 30641 cluster.py:663 - DEBUG - updating existing node i-0e22fe6c in self._nodes
2011-12-22 03:25:19,920 PID: 30641 cluster.py:663 - DEBUG - updating existing node i-0c22fe6e in self._nodes
2011-12-22 03:25:19,920 PID: 30641 cluster.py:663 - DEBUG - updating existing node i-1222fe70 in self._nodes
2011-12-22 03:25:19,921 PID: 30641 cluster.py:663 - DEBUG - updating existing node i-1022fe72 in self._nodes
2011-12-22 03:25:19,921 PID: 30641 cluster.py:663 - DEBUG - updating existing node i-1622fe74 in self._nodes
2011-12-22 03:25:19,921 PID: 30641 cluster.py:663 - DEBUG - updating existing node i-1422fe76 in self._nodes
2011-12-22 03:25:19,921 PID: 30641 cluster.py:663 - DEBUG - updating existing node i-1a22fe78 in self._nodes
2011-12-22 03:25:19,921 PID: 30641 cluster.py:663 - DEBUG - updating existing node i-1822fe7a in self._nodes
2011-12-22 03:25:19,922 PID: 30641 cluster.py:663 - DEBUG - updating existing node i-1e22fe7c in self._nodes
2011-12-22 03:25:19,922 PID: 30641 cluster.py:663 - DEBUG - updating existing node i-1c22fe7e in self._nodes
2011-12-22 03:25:19,922 PID: 30641 cluster.py:663 - DEBUG - updating existing node i-e222fe80 in self._nodes
2011-12-22 03:25:19,922 PID: 30641 cluster.py:663 - DEBUG - updating existing node i-e022fe82 in self._nodes
2011-12-22 03:25:19,923 PID: 30641 cluster.py:663 - DEBUG - updating existing node i-e622fe84 in self._nodes
2011-12-22 03:25:19,923 PID: 30641 cluster.py:663 - DEBUG - updating existing node i-e422fe86 in self._nodes
2011-12-22 03:25:19,923 PID: 30641 cluster.py:663 - DEBUG - updating existing node i-ea22fe88 in self._nodes
2011-12-22 03:25:19,923 PID: 30641 cluster.py:663 - DEBUG - updating existing node i-e822fe8a in self._nodes
2011-12-22 03:25:19,924 PID: 30641 cluster.py:663 - DEBUG - updating existing node i-ee22fe8c in self._nodes
2011-12-22 03:25:19,924 PID: 30641 cluster.py:663 - DEBUG - updating existing node i-ec22fe8e in self._nodes
2011-12-22 03:25:19,924 PID: 30641 cluster.py:663 - DEBUG - updating existing node i-f222fe90 in self._nodes
2011-12-22 03:25:19,924 PID: 30641 cluster.py:663 - DEBUG - updating existing node i-f022fe92 in self._nodes
2011-12-22 03:25:19,924 PID: 30641 cluster.py:663 - DEBUG - updating existing node i-f622fe94 in self._nodes
2011-12-22 03:25:19,925 PID: 30641 cluster.py:663 - DEBUG - updating existing node i-f422fe96 in self._nodes
2011-12-22 03:25:19,925 PID: 30641 cluster.py:663 - DEBUG - updating existing node i-fa22fe98 in self._nodes
2011-12-22 03:25:19,925 PID: 30641 cluster.py:663 - DEBUG - updating existing node i-f822fe9a in self._nodes
2011-12-22 03:25:19,925 PID: 30641 cluster.py:663 - DEBUG - updating existing node i-fe22fe9c in self._nodes
2011-12-22 03:25:19,926 PID: 30641 cluster.py:663 - DEBUG - updating existing node i-fc22fe9e in self._nodes
2011-12-22 03:25:19,926 PID: 30641 cluster.py:663 - DEBUG - updating existing node i-c222fea0 in self._nodes
2011-12-22 03:25:19,926 PID: 30641 cluster.py:663 - DEBUG - updating existing node i-c022fea2 in self._nodes
2011-12-22 03:25:19,926 PID: 30641 cluster.py:663 - DEBUG - updating existing node i-c622fea4 in self._nodes
2011-12-22 03:25:19,927 PID: 30641 cluster.py:663 - DEBUG - updating existing node i-c422fea6 in self._nodes
2011-12-22 03:25:19,927 PID: 30641 cluster.py:663 - DEBUG - updating existing node i-ca22fea8 in self._nodes
2011-12-22 03:25:19,927 PID: 30641 cluster.py:663 - DEBUG - updating existing node i-c822feaa in self._nodes
2011-12-22 03:25:19,927 PID: 30641 cluster.py:663 - DEBUG - updating existing node i-ce22feac in self._nodes
2011-12-22 03:25:19,928 PID: 30641 cluster.py:663 - DEBUG - updating existing node i-cc22feae in self._nodes
2011-12-22 03:25:19,928 PID: 30641 cluster.py:663 - DEBUG - updating existing node i-d222feb0 in self._nodes
2011-12-22 03:25:19,928 PID: 30641 cluster.py:663 - DEBUG - updating existing node i-d022feb2 in self._nodes
2011-12-22 03:25:19,928 PID: 30641 cluster.py:663 - DEBUG - updating existing node i-d622feb4 in self._nodes
2011-12-22 03:25:19,928 PID: 30641 cluster.py:663 - DEBUG - updating existing node i-d422feb6 in self._nodes
2011-12-22 03:25:19,929 PID: 30641 cluster.py:663 - DEBUG - updating existing node i-da22feb8 in self._nodes
2011-12-22 03:25:19,929 PID: 30641 cluster.py:663 - DEBUG - updating existing node i-d822feba in self._nodes
2011-12-22 03:25:19,929 PID: 30641 cluster.py:663 - DEBUG - updating existing node i-de22febc in self._nodes
2011-12-22 03:25:19,929 PID: 30641 cluster.py:663 - DEBUG - updating existing node i-dc22febe in self._nodes
2011-12-22 03:25:19,930 PID: 30641 cluster.py:663 - DEBUG - updating existing node i-a222fec0 in self._nodes
2011-12-22 03:25:19,930 PID: 30641 cluster.py:663 - DEBUG - updating existing node i-a022fec2 in self._nodes
2011-12-22 03:25:19,930 PID: 30641 cluster.py:663 - DEBUG - updating existing node i-a622fec4 in self._nodes
2011-12-22 03:25:19,930 PID: 30641 cluster.py:663 - DEBUG - updating existing node i-a422fec6 in self._nodes
2011-12-22 03:25:19,930 PID: 30641 cluster.py:663 - DEBUG - updating existing node i-aa22fec8 in self._nodes
2011-12-22 03:25:19,931 PID: 30641 cluster.py:663 - DEBUG - updating existing node i-a822feca in self._nodes
2011-12-22 03:25:19,931 PID: 30641 cluster.py:663 - DEBUG - updating existing node i-ae22fecc in self._nodes
2011-12-22 03:25:19,931 PID: 30641 cluster.py:663 - DEBUG - updating existing node i-ac22fece in self._nodes
2011-12-22 03:25:19,931 PID: 30641 cluster.py:663 - DEBUG - updating existing node i-b222fed0 in self._nodes
2011-12-22 03:25:19,932 PID: 30641 cluster.py:663 - DEBUG - updating existing node i-b022fed2 in self._nodes
2011-12-22 03:25:19,932 PID: 30641 cluster.py:663 - DEBUG - updating existing node i-b622fed4 in self._nodes
2011-12-22 03:25:19,932 PID: 30641 cluster.py:663 - DEBUG - updating existing node i-b422fed6 in self._nodes
2011-12-22 03:25:19,932 PID: 30641 cluster.py:663 - DEBUG - updating existing node i-ba22fed8 in self._nodes
2011-12-22 03:25:19,933 PID: 30641 cluster.py:663 - DEBUG - updating existing node i-b822feda in self._nodes
2011-12-22 03:25:19,933 PID: 30641 cluster.py:663 - DEBUG - updating existing node i-be22fedc in self._nodes
2011-12-22 03:25:19,933 PID: 30641 cluster.py:663 - DEBUG - updating existing node i-bc22fede in self._nodes
2011-12-22 03:25:19,933 PID: 30641 cluster.py:663 - DEBUG - updating existing node i-8222fee0 in self._nodes
2011-12-22 03:25:19,933 PID: 30641 cluster.py:663 - DEBUG - updating existing node i-8022fee2 in self._nodes
2011-12-22 03:25:19,934 PID: 30641 cluster.py:663 - DEBUG - updating existing node i-8622fee4 in self._nodes
2011-12-22 03:25:19,934 PID: 30641 cluster.py:663 - DEBUG - updating existing node i-8422fee6 in self._nodes
2011-12-22 03:25:19,934 PID: 30641 cluster.py:663 - DEBUG - updating existing node i-8a22fee8 in self._nodes
2011-12-22 03:25:19,935 PID: 30641 cluster.py:663 - DEBUG - updating existing node i-8822feea in self._nodes
2011-12-22 03:25:19,935 PID: 30641 cluster.py:663 - DEBUG - updating existing node i-8e22feec in self._nodes
2011-12-22 03:25:19,935 PID: 30641 cluster.py:663 - DEBUG - updating existing node i-8c22feee in self._nodes
2011-12-22 03:25:19,935 PID: 30641 cluster.py:663 - DEBUG - updating existing node i-9222fef0 in self._nodes
2011-12-22 03:25:19,936 PID: 30641 cluster.py:663 - DEBUG - updating existing node i-9022fef2 in self._nodes
2011-12-22 03:25:19,936 PID: 30641 cluster.py:663 - DEBUG - updating existing node i-9622fef4 in self._nodes
2011-12-22 03:25:19,936 PID: 30641 cluster.py:663 - DEBUG - updating existing node i-9422fef6 in self._nodes
2011-12-22 03:25:19,936 PID: 30641 cluster.py:663 - DEBUG - updating existing node i-9a22fef8 in self._nodes
2011-12-22 03:25:19,937 PID: 30641 cluster.py:663 - DEBUG - updating existing node i-9822fefa in self._nodes
2011-12-22 03:25:19,937 PID: 30641 cluster.py:663 - DEBUG - updating existing node i-9e22fefc in self._nodes
2011-12-22 03:25:19,937 PID: 30641 cluster.py:663 - DEBUG - updating existing node i-9c22fefe in self._nodes
2011-12-22 03:25:19,937 PID: 30641 cluster.py:663 - DEBUG - updating existing node i-6223ff00 in self._nodes
2011-12-22 03:25:19,937 PID: 30641 cluster.py:663 - DEBUG - updating existing node i-6023ff02 in self._nodes
2011-12-22 03:25:19,938 PID: 30641 cluster.py:663 - DEBUG - updating existing node i-6623ff04 in self._nodes
2011-12-22 03:25:19,938 PID: 30641 cluster.py:663 - DEBUG - updating existing node i-6423ff06 in self._nodes
2011-12-22 03:25:19,938 PID: 30641 cluster.py:663 - DEBUG - updating existing node i-6a23ff08 in self._nodes
2011-12-22 03:25:19,938 PID: 30641 cluster.py:663 - DEBUG - updating existing node i-6823ff0a in self._nodes
2011-12-22 03:25:19,939 PID: 30641 cluster.py:663 - DEBUG - updating existing node i-6e23ff0c in self._nodes
2011-12-22 03:25:19,939 PID: 30641 cluster.py:663 - DEBUG - updating existing node i-6c23ff0e in self._nodes
2011-12-22 03:25:19,939 PID: 30641 cluster.py:663 - DEBUG - updating existing node i-7223ff10 in self._nodes
2011-12-22 03:25:19,939 PID: 30641 cluster.py:663 - DEBUG - updating existing node i-7023ff12 in self._nodes
2011-12-22 03:25:19,939 PID: 30641 cluster.py:663 - DEBUG - updating existing node i-7623ff14 in self._nodes
2011-12-22 03:25:19,940 PID: 30641 cluster.py:663 - DEBUG - updating existing node i-7423ff16 in self._nodes
2011-12-22 03:25:19,940 PID: 30641 cluster.py:663 - DEBUG - updating existing node i-7a23ff18 in self._nodes
2011-12-22 03:25:19,940 PID: 30641 cluster.py:663 - DEBUG - updating existing node i-7823ff1a in self._nodes
2011-12-22 03:25:19,940 PID: 30641 cluster.py:663 - DEBUG - updating existing node i-7e23ff1c in self._nodes
2011-12-22 03:25:19,941 PID: 30641 cluster.py:663 - DEBUG - updating existing node i-7c23ff1e in self._nodes
2011-12-22 03:25:19,941 PID: 30641 cluster.py:663 - DEBUG - updating existing node i-4223ff20 in self._nodes
2011-12-22 03:25:19,941 PID: 30641 cluster.py:663 - DEBUG - updating existing node i-4023ff22 in self._nodes
2011-12-22 03:25:19,941 PID: 30641 cluster.py:663 - DEBUG - updating existing node i-4623ff24 in self._nodes
2011-12-22 03:25:19,942 PID: 30641 cluster.py:663 - DEBUG - updating existing node i-4423ff26 in self._nodes
2011-12-22 03:25:19,942 PID: 30641 cluster.py:663 - DEBUG - updating existing node i-4a23ff28 in self._nodes
2011-12-22 03:25:19,942 PID: 30641 cluster.py:663 - DEBUG - updating existing node i-4823ff2a in self._nodes
2011-12-22 03:25:19,942 PID: 30641 cluster.py:663 - DEBUG - updating existing node i-4e23ff2c in self._nodes
2011-12-22 03:25:19,942 PID: 30641 cluster.py:663 - DEBUG - updating existing node i-4c23ff2e in self._nodes
2011-12-22 03:25:19,943 PID: 30641 cluster.py:663 - DEBUG - updating existing node i-5223ff30 in self._nodes
2011-12-22 03:25:19,943 PID: 30641 cluster.py:663 - DEBUG - updating existing node i-5023ff32 in self._nodes
2011-12-22 03:25:19,943 PID: 30641 cluster.py:663 - DEBUG - updating existing node i-5623ff34 in self._nodes
2011-12-22 03:25:19,943 PID: 30641 cluster.py:663 - DEBUG - updating existing node i-5423ff36 in self._nodes
2011-12-22 03:25:19,944 PID: 30641 cluster.py:663 - DEBUG - updating existing node i-5a23ff38 in self._nodes
2011-12-22 03:25:19,944 PID: 30641 cluster.py:663 - DEBUG - updating existing node i-5823ff3a in self._nodes
2011-12-22 03:25:19,944 PID: 30641 cluster.py:663 - DEBUG - updating existing node i-5e23ff3c in self._nodes
2011-12-22 03:25:19,944 PID: 30641 cluster.py:663 - DEBUG - updating existing node i-5c23ff3e in self._nodes
2011-12-22 03:25:19,945 PID: 30641 cluster.py:663 - DEBUG - updating existing node i-2223ff40 in self._nodes
2011-12-22 03:25:19,945 PID: 30641 cluster.py:663 - DEBUG - updating existing node i-2023ff42 in self._nodes
2011-12-22 03:25:19,945 PID: 30641 cluster.py:663 - DEBUG - updating existing node i-2623ff44 in self._nodes
2011-12-22 03:25:19,947 PID: 30641 cluster.py:663 - DEBUG - updating existing node i-2423ff46 in self._nodes
2011-12-22 03:25:19,949 PID: 30641 cluster.py:663 - DEBUG - updating existing node i-2a23ff48 in self._nodes
2011-12-22 03:25:19,949 PID: 30641 cluster.py:663 - DEBUG - updating existing node i-2823ff4a in self._nodes
2011-12-22 03:25:19,950 PID: 30641 cluster.py:663 - DEBUG - updating existing node i-2e23ff4c in self._nodes
2011-12-22 03:25:19,950 PID: 30641 cluster.py:663 - DEBUG - updating existing node i-2c23ff4e in self._nodes
2011-12-22 03:25:19,950 PID: 30641 cluster.py:663 - DEBUG - updating existing node i-3223ff50 in self._nodes
2011-12-22 03:25:19,950 PID: 30641 cluster.py:663 - DEBUG - updating existing node i-3023ff52 in self._nodes
2011-12-22 03:25:19,951 PID: 30641 cluster.py:663 - DEBUG - updating existing node i-3623ff54 in self._nodes
2011-12-22 03:25:19,951 PID: 30641 cluster.py:663 - DEBUG - updating existing node i-3423ff56 in self._nodes
2011-12-22 03:25:19,951 PID: 30641 cluster.py:663 - DEBUG - updating existing node i-3a23ff58 in self._nodes
2011-12-22 03:25:19,952 PID: 30641 cluster.py:663 - DEBUG - updating existing node i-3823ff5a in self._nodes
2011-12-22 03:25:19,952 PID: 30641 cluster.py:663 - DEBUG - updating existing node i-3e23ff5c in self._nodes
2011-12-22 03:25:19,952 PID: 30641 cluster.py:663 - DEBUG - updating existing node i-3c23ff5e in self._nodes
2011-12-22 03:25:19,952 PID: 30641 cluster.py:663 - DEBUG - updating existing node i-0223ff60 in self._nodes
2011-12-22 03:25:19,953 PID: 30641 cluster.py:663 - DEBUG - updating existing node i-0023ff62 in self._nodes
2011-12-22 03:25:19,953 PID: 30641 cluster.py:663 - DEBUG - updating existing node i-0623ff64 in self._nodes
2011-12-22 03:25:19,953 PID: 30641 cluster.py:663 - DEBUG - updating existing node i-0423ff66 in self._nodes
2011-12-22 03:25:19,953 PID: 30641 cluster.py:663 - DEBUG - updating existing node i-0a23ff68 in self._nodes
2011-12-22 03:25:19,954 PID: 30641 cluster.py:663 - DEBUG - updating existing node i-0823ff6a in self._nodes
2011-12-22 03:25:19,954 PID: 30641 cluster.py:663 - DEBUG - updating existing node i-0e23ff6c in self._nodes
2011-12-22 03:25:19,954 PID: 30641 cluster.py:663 - DEBUG - updating existing node i-0c23ff6e in self._nodes
2011-12-22 03:25:19,954 PID: 30641 cluster.py:663 - DEBUG - updating existing node i-1223ff70 in self._nodes
2011-12-22 03:25:19,955 PID: 30641 cluster.py:663 - DEBUG - updating existing node i-1023ff72 in self._nodes
2011-12-22 03:25:19,955 PID: 30641 cluster.py:663 - DEBUG - updating existing node i-1623ff74 in self._nodes
2011-12-22 03:25:19,955 PID: 30641 cluster.py:663 - DEBUG - updating existing node i-1423ff76 in self._nodes
2011-12-22 03:25:19,955 PID: 30641 cluster.py:663 - DEBUG - updating existing node i-1a23ff78 in self._nodes
2011-12-22 03:25:19,956 PID: 30641 cluster.py:663 - DEBUG - updating existing node i-1823ff7a in self._nodes
2011-12-22 03:25:19,956 PID: 30641 cluster.py:663 - DEBUG - updating existing node i-1e23ff7c in self._nodes
2011-12-22 03:25:19,956 PID: 30641 cluster.py:663 - DEBUG - updating existing node i-1c23ff7e in self._nodes
2011-12-22 03:25:19,956 PID: 30641 cluster.py:663 - DEBUG - updating existing node i-e223ff80 in self._nodes
2011-12-22 03:25:19,956 PID: 30641 cluster.py:663 - DEBUG - updating existing node i-e023ff82 in self._nodes
2011-12-22 03:25:19,957 PID: 30641 cluster.py:663 - DEBUG - updating existing node i-e623ff84 in self._nodes
2011-12-22 03:25:19,957 PID: 30641 cluster.py:663 - DEBUG - updating existing node i-e423ff86 in self._nodes
2011-12-22 03:25:19,957 PID: 30641 cluster.py:663 - DEBUG - updating existing node i-ea23ff88 in self._nodes
2011-12-22 03:25:19,957 PID: 30641 cluster.py:663 - DEBUG - updating existing node i-e823ff8a in self._nodes
2011-12-22 03:25:19,958 PID: 30641 cluster.py:663 - DEBUG - updating existing node i-ee23ff8c in self._nodes
2011-12-22 03:25:19,958 PID: 30641 cluster.py:663 - DEBUG - updating existing node i-ec23ff8e in self._nodes
2011-12-22 03:25:19,958 PID: 30641 cluster.py:663 - DEBUG - updating existing node i-f223ff90 in self._nodes
2011-12-22 03:25:19,958 PID: 30641 cluster.py:663 - DEBUG - updating existing node i-f023ff92 in self._nodes
2011-12-22 03:25:19,959 PID: 30641 cluster.py:663 - DEBUG - updating existing node i-f623ff94 in self._nodes
2011-12-22 03:25:19,959 PID: 30641 cluster.py:663 - DEBUG - updating existing node i-f423ff96 in self._nodes
2011-12-22 03:25:19,959 PID: 30641 cluster.py:663 - DEBUG - updating existing node i-fa23ff98 in self._nodes
2011-12-22 03:25:19,959 PID: 30641 cluster.py:663 - DEBUG - updating existing node i-f823ff9a in self._nodes
2011-12-22 03:25:19,959 PID: 30641 cluster.py:663 - DEBUG - updating existing node i-fe23ff9c in self._nodes
2011-12-22 03:25:19,960 PID: 30641 cluster.py:663 - DEBUG - updating existing node i-fc23ff9e in self._nodes
2011-12-22 03:25:19,960 PID: 30641 cluster.py:663 - DEBUG - updating existing node i-c223ffa0 in self._nodes
2011-12-22 03:25:19,960 PID: 30641 cluster.py:663 - DEBUG - updating existing node i-c023ffa2 in self._nodes
2011-12-22 03:25:19,960 PID: 30641 cluster.py:663 - DEBUG - updating existing node i-c623ffa4 in self._nodes
2011-12-22 03:25:19,961 PID: 30641 cluster.py:663 - DEBUG - updating existing node i-c423ffa6 in self._nodes
2011-12-22 03:25:19,961 PID: 30641 cluster.py:663 - DEBUG - updating existing node i-ca23ffa8 in self._nodes
2011-12-22 03:25:19,961 PID: 30641 cluster.py:663 - DEBUG - updating existing node i-c823ffaa in self._nodes
2011-12-22 03:25:19,961 PID: 30641 cluster.py:663 - DEBUG - updating existing node i-ce23ffac in self._nodes
2011-12-22 03:25:19,961 PID: 30641 cluster.py:663 - DEBUG - updating existing node i-cc23ffae in self._nodes
2011-12-22 03:25:19,963 PID: 30641 cluster.py:676 - DEBUG - returning self._nodes = [<Node: master (i-7c22fe1e)>, <Node: node001 (i-4222fe20)>, <Node: node002 (i-4022fe22)>, <Node: node003 (i-4622fe24)>, <Node: node004 (i-4422fe26)>, <Node: node005 (i-4a22fe28)>, <Node: node006 (i-4822fe2a)>, <Node: node007 (i-4e22fe2c)>, <Node: node008 (i-4c22fe2e)>, <Node: node009 (i-5222fe30)>, <Node: node010 (i-5622fe34)>, <Node: node011 (i-5422fe36)>, <Node: node012 (i-5a22fe38)>, <Node: node013 (i-5822fe3a)>, <Node: node014 (i-5e22fe3c)>, <Node: node015 (i-5c22fe3e)>, <Node: node016 (i-2222fe40)>, <Node: node017 (i-2022fe42)>, <Node: node018 (i-2622fe44)>, <Node: node019 (i-2422fe46)>, <Node: node020 (i-2a22fe48)>, <Node: node021 (i-2822fe4a)>, <Node: node022 (i-2e22fe4c)>, <Node: node023 (i-2c22fe4e)>, <Node: node024 (i-3222fe50)>, <Node: node025 (i-3022fe52)>, <Node: node026 (i-3622fe54)>, <Node: node027 (i-3422fe56)>, <Node: node028 (i-3a22fe58)>, <Node: node029 (i-3822fe5a)>, <Node: node030 (i-3e22fe5c)>, <Node: node031 (i-3c22fe5e)>, <Node: node032 (i-0222fe60)>, <Node: node033 (i-0022fe62)>, <Node: node034 (i-0622fe64)>, <Node: node035 (i-0422fe66)>, <Node: node036 (i-0a22fe68)>, <Node: node037 (i-0822fe6a)>, <Node: node038 (i-0e22fe6c)>, <Node: node039 (i-0c22fe6e)>, <Node: node040 (i-1222fe70)>, <Node: node041 (i-1022fe72)>, <Node: node042 (i-1622fe74)>, <Node: node043 (i-1422fe76)>, <Node: node044 (i-1a22fe78)>, <Node: node045 (i-1822fe7a)>, <Node: node046 (i-1e22fe7c)>, <Node: node047 (i-1c22fe7e)>, <Node: node048 (i-e222fe80)>, <Node: node049 (i-e022fe82)>, <Node: node050 (i-e622fe84)>, <Node: node051 (i-e422fe86)>, <Node: node052 (i-ea22fe88)>, <Node: node053 (i-e822fe8a)>, <Node: node054 (i-ee22fe8c)>, <Node: node055 (i-ec22fe8e)>, <Node: node056 (i-f222fe90)>, <Node: node057 (i-f022fe92)>, <Node: node058 (i-f622fe94)>, <Node: node059 (i-f422fe96)>, <Node: node060 (i-fa22fe98)>, <Node: node061 (i-f822fe9a)>, <Node: node062 (i-fe22fe9c)>, <Node: node063 (i-fc22fe9e)>, <Node: node064 (i-c222fea0)>, <Node: node065 (i-c022fea2)>, <Node: node066 (i-c622fea4)>, <Node: node067 (i-c422fea6)>, <Node: node068 (i-ca22fea8)>, <Node: node069 (i-c822feaa)>, <Node: node070 (i-ce22feac)>, <Node: node071 (i-cc22feae)>, <Node: node072 (i-d222feb0)>, <Node: node073 (i-d022feb2)>, <Node: node074 (i-d622feb4)>, <Node: node075 (i-d422feb6)>, <Node: node076 (i-da22feb8)>, <Node: node077 (i-d822feba)>, <Node: node078 (i-de22febc)>, <Node: node079 (i-dc22febe)>, <Node: node080 (i-a222fec0)>, <Node: node081 (i-a022fec2)>, <Node: node082 (i-a622fec4)>, <Node: node083 (i-a422fec6)>, <Node: node084 (i-aa22fec8)>, <Node: node085 (i-a822feca)>, <Node: node086 (i-ae22fecc)>, <Node: node087 (i-ac22fece)>, <Node: node088 (i-b222fed0)>, <Node: node089 (i-b022fed2)>, <Node: node090 (i-b622fed4)>, <Node: node091 (i-b422fed6)>, <Node: node092 (i-ba22fed8)>, <Node: node093 (i-b822feda)>, <Node: node094 (i-be22fedc)>, <Node: node095 (i-bc22fede)>, <Node: node096 (i-8222fee0)>, <Node: node097 (i-8022fee2)>, <Node: node098 (i-8622fee4)>, <Node: node099 (i-8422fee6)>, <Node: node100 (i-8a22fee8)>, <Node: node101 (i-8822feea)>, <Node: node102 (i-8e22feec)>, <Node: node103 (i-8c22feee)>, <Node: node104 (i-9222fef0)>, <Node: node105 (i-9022fef2)>, <Node: node106 (i-9622fef4)>, <Node: node107 (i-9422fef6)>, <Node: node108 (i-9a22fef8)>, <Node: node109 (i-9822fefa)>, <Node: node110 (i-9e22fefc)>, <Node: node111 (i-9c22fefe)>, <Node: node112 (i-6223ff00)>, <Node: node113 (i-6023ff02)>, <Node: node114 (i-6623ff04)>, <Node: node115 (i-6423ff06)>, <Node: node116 (i-6a23ff08)>, <Node: node117 (i-6823ff0a)>, <Node: node118 (i-6e23ff0c)>, <Node: node119 (i-6c23ff0e)>, <Node: node120 (i-7223ff10)>, <Node: node121 (i-7023ff12)>, <Node: node122 (i-7623ff14)>, <Node: node123 (i-7423ff16)>, <Node: node124 (i-7a23ff18)>, <Node: node125 (i-7823ff1a)>, <Node: node126 (i-7e23ff1c)>, <Node: node127 (i-7c23ff1e)>, <Node: node128 (i-4223ff20)>, <Node: node129 (i-4023ff22)>, <Node: node130 (i-4623ff24)>, <Node: node131 (i-4423ff26)>, <Node: node132 (i-4a23ff28)>, <Node: node133 (i-4823ff2a)>, <Node: node134 (i-4e23ff2c)>, <Node: node135 (i-4c23ff2e)>, <Node: node136 (i-5223ff30)>, <Node: node137 (i-5023ff32)>, <Node: node138 (i-5623ff34)>, <Node: node139 (i-5423ff36)>, <Node: node140 (i-5a23ff38)>, <Node: node141 (i-5823ff3a)>, <Node: node142 (i-5e23ff3c)>, <Node: node143 (i-5c23ff3e)>, <Node: node144 (i-2223ff40)>, <Node: node145 (i-2023ff42)>, <Node: node146 (i-2623ff44)>, <Node: node147 (i-2423ff46)>, <Node: node148 (i-2a23ff48)>, <Node: node149 (i-2823ff4a)>, <Node: node150 (i-2e23ff4c)>, <Node: node151 (i-2c23ff4e)>, <Node: node152 (i-3223ff50)>, <Node: node153 (i-3023ff52)>, <Node: node154 (i-3623ff54)>, <Node: node155 (i-3423ff56)>, <Node: node156 (i-3a23ff58)>, <Node: node157 (i-3823ff5a)>, <Node: node158 (i-3e23ff5c)>, <Node: node159 (i-3c23ff5e)>, <Node: node160 (i-0223ff60)>, <Node: node161 (i-0023ff62)>, <Node: node162 (i-0623ff64)>, <Node: node163 (i-0423ff66)>, <Node: node164 (i-0a23ff68)>, <Node: node165 (i-0823ff6a)>, <Node: node166 (i-0e23ff6c)>, <Node: node167 (i-0c23ff6e)>, <Node: node168 (i-1223ff70)>, <Node: node169 (i-1023ff72)>, <Node: node170 (i-1623ff74)>, <Node: node171 (i-1423ff76)>, <Node: node172 (i-1a23ff78)>, <Node: node173 (i-1823ff7a)>, <Node: node174 (i-1e23ff7c)>, <Node: node175 (i-1c23ff7e)>, <Node: node176 (i-e223ff80)>, <Node: node177 (i-e023ff82)>, <Node: node178 (i-e623ff84)>, <Node: node179 (i-e423ff86)>, <Node: node180 (i-ea23ff88)>, <Node: node181 (i-e823ff8a)>, <Node: node182 (i-ee23ff8c)>, <Node: node183 (i-ec23ff8e)>, <Node: node184 (i-f223ff90)>, <Node: node185 (i-f023ff92)>, <Node: node186 (i-f623ff94)>, <Node: node187 (i-f423ff96)>, <Node: node188 (i-fa23ff98)>, <Node: node189 (i-f823ff9a)>, <Node: node190 (i-fe23ff9c)>, <Node: node191 (i-fc23ff9e)>, <Node: node192 (i-c223ffa0)>, <Node: node193 (i-c023ffa2)>, <Node: node194 (i-c623ffa4)>, <Node: node195 (i-c423ffa6)>, <Node: node196 (i-ca23ffa8)>, <Node: node197 (i-c823ffaa)>, <Node: node198 (i-ce23ffac)>, <Node: node199 (i-cc23ffae)>]
2011-12-22 03:25:27,492 PID: 30641 ssh.py:91 - DEBUG - connecting to host ec2-107-21-128-191.compute-1.amazonaws.com on port 22 as user root
2011-12-22 03:25:31,643 PID: 30641 ssh.py:91 - DEBUG - connecting to host ec2-107-21-67-51.compute-1.amazonaws.com on port 22 as user root
2011-12-22 03:26:06,025 PID: 30641 ssh.py:91 - DEBUG - connecting to host ec2-50-17-49-61.compute-1.amazonaws.com on port 22 as user root
2011-12-22 03:26:09,668 PID: 30641 ssh.py:91 - DEBUG - connecting to host ec2-174-129-113-209.compute-1.amazonaws.com on port 22 as user root
2011-12-22 03:26:29,727 PID: 30641 cluster.py:660 - DEBUG - existing nodes: {u'i-6423ff06': <Node: node115 (i-6423ff06)>, u'i-0022fe62': <Node: node033 (i-0022fe62)>, u'i-ae22fecc': <Node: node086 (i-ae22fecc)>, u'i-a822feca': <Node: node085 (i-a822feca)>, u'i-1e23ff7c': <Node: node174 (i-1e23ff7c)>, u'i-f423ff96': <Node: node187 (i-f423ff96)>, u'i-d622feb4': <Node: node074 (i-d622feb4)>, u'i-2022fe42': <Node: node017 (i-2022fe42)>, u'i-f422fe96': <Node: node059 (i-f422fe96)>, u'i-e222fe80': <Node: node048 (i-e222fe80)>, u'i-b222fed0': <Node: node088 (i-b222fed0)>, u'i-2c22fe4e': <Node: node023 (i-2c22fe4e)>, u'i-3822fe5a': <Node: node029 (i-3822fe5a)>, u'i-0c23ff6e': <Node: node167 (i-0c23ff6e)>, u'i-8c22feee': <Node: node103 (i-8c22feee)>, u'i-7c23ff1e': <Node: node127 (i-7c23ff1e)>, u'i-f623ff94': <Node: node186 (i-f623ff94)>, u'i-8822feea': <Node: node101 (i-8822feea)>, u'i-3222fe50': <Node: node024 (i-3222fe50)>, u'i-5222fe30': <Node: node009 (i-5222fe30)>, u'i-4822fe2a': <Node: node006 (i-4822fe2a)>, u'i-a622fec4': <Node: node082 (i-a622fec4)>, u'i-f823ff9a': <Node: node189 (i-f823ff9a)>, u'i-4423ff26': <Node: node131 (i-4423ff26)>, u'i-6223ff00': <Node: node112 (i-6223ff00)>, u'i-4a23ff28': <Node: node132 (i-4a23ff28)>, u'i-7c22fe1e': <Node: master (i-7c22fe1e)>, u'i-2623ff44': <Node: node146 (i-2623ff44)>, u'i-c222fea0': <Node: node064 (i-c222fea0)>, u'i-2823ff4a': <Node: node149 (i-2823ff4a)>, u'i-1c22fe7e': <Node: node047 (i-1c22fe7e)>, u'i-5e23ff3c': <Node: node142 (i-5e23ff3c)>, u'i-4e22fe2c': <Node: node007 (i-4e22fe2c)>, u'i-4c23ff2e': <Node: node135 (i-4c23ff2e)>, u'i-9222fef0': <Node: node104 (i-9222fef0)>, u'i-da22feb8': <Node: node076 (i-da22feb8)>, u'i-7e23ff1c': <Node: node126 (i-7e23ff1c)>, u'i-5e22fe3c': <Node: node014 (i-5e22fe3c)>, u'i-5a23ff38': <Node: node140 (i-5a23ff38)>, u'i-ce22feac': <Node: node070 (i-ce22feac)>, u'i-8022fee2': <Node: node097 (i-8022fee2)>, u'i-f822fe9a': <Node: node061 (i-f822fe9a)>, u'i-e223ff80': <Node: node176 (i-e223ff80)>, u'i-0c22fe6e': <Node: node039 (i-0c22fe6e)>, u'i-5223ff30': <Node: node136 (i-5223ff30)>, u'i-2622fe44': <Node: node018 (i-2622fe44)>, u'i-5423ff36': <Node: node139 (i-5423ff36)>, u'i-6823ff0a': <Node: node117 (i-6823ff0a)>, u'i-4222fe20': <Node: node001 (i-4222fe20)>, u'i-4823ff2a': <Node: node133 (i-4823ff2a)>, u'i-9422fef6': <Node: node107 (i-9422fef6)>, u'i-7423ff16': <Node: node123 (i-7423ff16)>, u'i-1622fe74': <Node: node042 (i-1622fe74)>, u'i-1c23ff7e': <Node: node175 (i-1c23ff7e)>, u'i-0423ff66': <Node: node163 (i-0423ff66)>, u'i-7823ff1a': <Node: node125 (i-7823ff1a)>, u'i-1a22fe78': <Node: node044 (i-1a22fe78)>, u'i-5023ff32': <Node: node137 (i-5023ff32)>, u'i-2423ff46': <Node: node147 (i-2423ff46)>, u'i-4022fe22': <Node: node002 (i-4022fe22)>, u'i-7023ff12': <Node: node121 (i-7023ff12)>, u'i-b622fed4': <Node: node090 (i-b622fed4)>, u'i-f222fe90': <Node: node056 (i-f222fe90)>, u'i-ee22fe8c': <Node: node054 (i-ee22fe8c)>, u'i-c022fea2': <Node: node065 (i-c022fea2)>, u'i-5c23ff3e': <Node: node143 (i-5c23ff3e)>, u'i-1a23ff78': <Node: node172 (i-1a23ff78)>, u'i-1623ff74': <Node: node170 (i-1623ff74)>, u'i-fc23ff9e': <Node: node191 (i-fc23ff9e)>, u'i-2e22fe4c': <Node: node022 (i-2e22fe4c)>, u'i-ee23ff8c': <Node: node182 (i-ee23ff8c)>, u'i-e022fe82': <Node: node049 (i-e022fe82)>, u'i-8e22feec': <Node: node102 (i-8e22feec)>, u'i-9a22fef8': <Node: node108 (i-9a22fef8)>, u'i-5a22fe38': <Node: node012 (i-5a22fe38)>, u'i-3c23ff5e': <Node: node159 (i-3c23ff5e)>, u'i-de22febc': <Node: node078 (i-de22febc)>, u'i-fa23ff98': <Node: node188 (i-fa23ff98)>, u'i-4622fe24': <Node: node003 (i-4622fe24)>, u'i-b422fed6': <Node: node091 (i-b422fed6)>, u'i-9622fef4': <Node: node106 (i-9622fef4)>, u'i-6023ff02': <Node: node113 (i-6023ff02)>, u'i-1823ff7a': <Node: node173 (i-1823ff7a)>, u'i-f022fe92': <Node: node057 (i-f022fe92)>, u'i-3423ff56': <Node: node155 (i-3423ff56)>, u'i-fc22fe9e': <Node: node063 (i-fc22fe9e)>, u'i-c623ffa4': <Node: node194 (i-c623ffa4)>, u'i-a222fec0': <Node: node080 (i-a222fec0)>, u'i-0223ff60': <Node: node160 (i-0223ff60)>, u'i-3823ff5a': <Node: node157 (i-3823ff5a)>, u'i-ce23ffac': <Node: node198 (i-ce23ffac)>, u'i-2a22fe48': <Node: node020 (i-2a22fe48)>, u'i-2a23ff48': <Node: node148 (i-2a23ff48)>, u'i-2222fe40': <Node: node016 (i-2222fe40)>, u'i-0422fe66': <Node: node035 (i-0422fe66)>, u'i-7223ff10': <Node: node120 (i-7223ff10)>, u'i-ec22fe8e': <Node: node055 (i-ec22fe8e)>, u'i-ea22fe88': <Node: node052 (i-ea22fe88)>, u'i-e422fe86': <Node: node051 (i-e422fe86)>, u'i-c223ffa0': <Node: node192 (i-c223ffa0)>, u'i-1023ff72': <Node: node169 (i-1023ff72)>, u'i-7a23ff18': <Node: node124 (i-7a23ff18)>, u'i-fe22fe9c': <Node: node062 (i-fe22fe9c)>, u'i-c423ffa6': <Node: node195 (i-c423ffa6)>, u'i-f622fe94': <Node: node058 (i-f622fe94)>, u'i-0622fe64': <Node: node034 (i-0622fe64)>, u'i-2023ff42': <Node: node145 (i-2023ff42)>, u'i-0e23ff6c': <Node: node166 (i-0e23ff6c)>, u'i-0823ff6a': <Node: node165 (i-0823ff6a)>, u'i-1022fe72': <Node: node041 (i-1022fe72)>, u'i-0623ff64': <Node: node162 (i-0623ff64)>, u'i-cc22feae': <Node: node071 (i-cc22feae)>, u'i-0a22fe68': <Node: node036 (i-0a22fe68)>, u'i-6623ff04': <Node: node114 (i-6623ff04)>, u'i-aa22fec8': <Node: node084 (i-aa22fec8)>, u'i-2e23ff4c': <Node: node150 (i-2e23ff4c)>, u'i-c422fea6': <Node: node067 (i-c422fea6)>, u'i-ea23ff88': <Node: node180 (i-ea23ff88)>, u'i-d022feb2': <Node: node073 (i-d022feb2)>, u'i-4e23ff2c': <Node: node134 (i-4e23ff2c)>, u'i-3e23ff5c': <Node: node158 (i-3e23ff5c)>, u'i-e623ff84': <Node: node178 (i-e623ff84)>, u'i-5823ff3a': <Node: node141 (i-5823ff3a)>, u'i-3e22fe5c': <Node: node030 (i-3e22fe5c)>, u'i-0822fe6a': <Node: node037 (i-0822fe6a)>, u'i-c622fea4': <Node: node066 (i-c622fea4)>, u'i-dc22febe': <Node: node079 (i-dc22febe)>, u'i-0023ff62': <Node: node161 (i-0023ff62)>, u'i-1223ff70': <Node: node168 (i-1223ff70)>, u'i-c023ffa2': <Node: node193 (i-c023ffa2)>, u'i-0e22fe6c': <Node: node038 (i-0e22fe6c)>, u'i-6e23ff0c': <Node: node118 (i-6e23ff0c)>, u'i-c823ffaa': <Node: node197 (i-c823ffaa)>, u'i-2822fe4a': <Node: node021 (i-2822fe4a)>, u'i-1e22fe7c': <Node: node046 (i-1e22fe7c)>, u'i-3a22fe58': <Node: node028 (i-3a22fe58)>, u'i-e023ff82': <Node: node177 (i-e023ff82)>, u'i-bc22fede': <Node: node095 (i-bc22fede)>, u'i-d422feb6': <Node: node075 (i-d422feb6)>, u'i-5623ff34': <Node: node138 (i-5623ff34)>, u'i-1222fe70': <Node: node040 (i-1222fe70)>, u'i-9022fef2': <Node: node105 (i-9022fef2)>, u'i-b022fed2': <Node: node089 (i-b022fed2)>, u'i-be22fedc': <Node: node094 (i-be22fedc)>, u'i-a422fec6': <Node: node083 (i-a422fec6)>, u'i-0a23ff68': <Node: node164 (i-0a23ff68)>, u'i-3022fe52': <Node: node025 (i-3022fe52)>, u'i-d222feb0': <Node: node072 (i-d222feb0)>, u'i-4223ff20': <Node: node128 (i-4223ff20)>, u'i-c822feaa': <Node: node069 (i-c822feaa)>, u'i-8622fee4': <Node: node098 (i-8622fee4)>, u'i-4c22fe2e': <Node: node008 (i-4c22fe2e)>, u'i-4623ff24': <Node: node130 (i-4623ff24)>, u'i-cc23ffae': <Node: node199 (i-cc23ffae)>, u'i-1822fe7a': <Node: node045 (i-1822fe7a)>, u'i-1422fe76': <Node: node043 (i-1422fe76)>, u'i-fe23ff9c': <Node: node190 (i-fe23ff9c)>, u'i-5822fe3a': <Node: node013 (i-5822fe3a)>, u'i-2223ff40': <Node: node144 (i-2223ff40)>, u'i-f223ff90': <Node: node184 (i-f223ff90)>, u'i-b822feda': <Node: node093 (i-b822feda)>, u'i-3422fe56': <Node: node027 (i-3422fe56)>, u'i-3223ff50': <Node: node152 (i-3223ff50)>, u'i-0222fe60': <Node: node032 (i-0222fe60)>, u'i-ec23ff8e': <Node: node183 (i-ec23ff8e)>, u'i-2422fe46': <Node: node019 (i-2422fe46)>, u'i-3623ff54': <Node: node154 (i-3623ff54)>, u'i-4422fe26': <Node: node004 (i-4422fe26)>, u'i-4a22fe28': <Node: node005 (i-4a22fe28)>, u'i-3023ff52': <Node: node153 (i-3023ff52)>, u'i-5622fe34': <Node: node010 (i-5622fe34)>, u'i-3c22fe5e': <Node: node031 (i-3c22fe5e)>, u'i-a022fec2': <Node: node081 (i-a022fec2)>, u'i-9822fefa': <Node: node109 (i-9822fefa)>, u'i-3622fe54': <Node: node026 (i-3622fe54)>, u'i-4023ff22': <Node: node129 (i-4023ff22)>, u'i-e622fe84': <Node: node050 (i-e622fe84)>, u'i-d822feba': <Node: node077 (i-d822feba)>, u'i-5c22fe3e': <Node: node015 (i-5c22fe3e)>, u'i-3a23ff58': <Node: node156 (i-3a23ff58)>, u'i-ca23ffa8': <Node: node196 (i-ca23ffa8)>, u'i-e423ff86': <Node: node179 (i-e423ff86)>, u'i-e823ff8a': <Node: node181 (i-e823ff8a)>, u'i-8422fee6': <Node: node099 (i-8422fee6)>, u'i-1423ff76': <Node: node171 (i-1423ff76)>, u'i-8222fee0': <Node: node096 (i-8222fee0)>, u'i-f023ff92': <Node: node185 (i-f023ff92)>, u'i-ac22fece': <Node: node087 (i-ac22fece)>, u'i-9e22fefc': <Node: node110 (i-9e22fefc)>, u'i-8a22fee8': <Node: node100 (i-8a22fee8)>, u'i-5422fe36': <Node: node011 (i-5422fe36)>, u'i-2c23ff4e': <Node: node151 (i-2c23ff4e)>, u'i-9c22fefe': <Node: node111 (i-9c22fefe)>, u'i-7623ff14': <Node: node122 (i-7623ff14)>, u'i-6a23ff08': <Node: node116 (i-6a23ff08)>, u'i-fa22fe98': <Node: node060 (i-fa22fe98)>, u'i-ca22fea8': <Node: node068 (i-ca22fea8)>, u'i-e822fe8a': <Node: node053 (i-e822fe8a)>, u'i-ba22fed8': <Node: node092 (i-ba22fed8)>, u'i-6c23ff0e': <Node: node119 (i-6c23ff0e)>}
2011-12-22 03:26:29,727 PID: 30641 cluster.py:663 - DEBUG - updating existing node i-7c22fe1e in self._nodes
2011-12-22 03:26:29,728 PID: 30641 cluster.py:663 - DEBUG - updating existing node i-4222fe20 in self._nodes
2011-12-22 03:26:29,728 PID: 30641 cluster.py:663 - DEBUG - updating existing node i-4022fe22 in self._nodes
2011-12-22 03:26:29,728 PID: 30641 cluster.py:663 - DEBUG - updating existing node i-4622fe24 in self._nodes
2011-12-22 03:26:29,728 PID: 30641 cluster.py:663 - DEBUG - updating existing node i-4422fe26 in self._nodes
2011-12-22 03:26:29,729 PID: 30641 cluster.py:663 - DEBUG - updating existing node i-4a22fe28 in self._nodes
2011-12-22 03:26:29,729 PID: 30641 cluster.py:663 - DEBUG - updating existing node i-4822fe2a in self._nodes
2011-12-22 03:26:29,729 PID: 30641 cluster.py:663 - DEBUG - updating existing node i-4e22fe2c in self._nodes
2011-12-22 03:26:29,729 PID: 30641 cluster.py:663 - DEBUG - updating existing node i-4c22fe2e in self._nodes
2011-12-22 03:26:29,729 PID: 30641 cluster.py:663 - DEBUG - updating existing node i-5222fe30 in self._nodes
2011-12-22 03:26:29,730 PID: 30641 cluster.py:663 - DEBUG - updating existing node i-5622fe34 in self._nodes
2011-12-22 03:26:29,730 PID: 30641 cluster.py:663 - DEBUG - updating existing node i-5422fe36 in self._nodes
2011-12-22 03:26:29,730 PID: 30641 cluster.py:663 - DEBUG - updating existing node i-5a22fe38 in self._nodes
2011-12-22 03:26:29,730 PID: 30641 cluster.py:663 - DEBUG - updating existing node i-5822fe3a in self._nodes
2011-12-22 03:26:29,731 PID: 30641 cluster.py:663 - DEBUG - updating existing node i-5e22fe3c in self._nodes
2011-12-22 03:26:29,731 PID: 30641 cluster.py:663 - DEBUG - updating existing node i-5c22fe3e in self._nodes
2011-12-22 03:26:29,731 PID: 30641 cluster.py:663 - DEBUG - updating existing node i-2222fe40 in self._nodes
2011-12-22 03:26:29,731 PID: 30641 cluster.py:663 - DEBUG - updating existing node i-2022fe42 in self._nodes
2011-12-22 03:26:29,732 PID: 30641 cluster.py:663 - DEBUG - updating existing node i-2622fe44 in self._nodes
2011-12-22 03:26:29,732 PID: 30641 cluster.py:663 - DEBUG - updating existing node i-2422fe46 in self._nodes
2011-12-22 03:26:29,732 PID: 30641 cluster.py:663 - DEBUG - updating existing node i-2a22fe48 in self._nodes
2011-12-22 03:26:29,732 PID: 30641 cluster.py:663 - DEBUG - updating existing node i-2822fe4a in self._nodes
2011-12-22 03:26:29,733 PID: 30641 cluster.py:663 - DEBUG - updating existing node i-2e22fe4c in self._nodes
2011-12-22 03:26:29,733 PID: 30641 cluster.py:663 - DEBUG - updating existing node i-2c22fe4e in self._nodes
2011-12-22 03:26:29,733 PID: 30641 cluster.py:663 - DEBUG - updating existing node i-3222fe50 in self._nodes
2011-12-22 03:26:29,733 PID: 30641 cluster.py:663 - DEBUG - updating existing node i-3022fe52 in self._nodes
2011-12-22 03:26:29,733 PID: 30641 cluster.py:663 - DEBUG - updating existing node i-3622fe54 in self._nodes
2011-12-22 03:26:29,734 PID: 30641 cluster.py:663 - DEBUG - updating existing node i-3422fe56 in self._nodes
2011-12-22 03:26:29,734 PID: 30641 cluster.py:663 - DEBUG - updating existing node i-3a22fe58 in self._nodes
2011-12-22 03:26:29,734 PID: 30641 cluster.py:663 - DEBUG - updating existing node i-3822fe5a in self._nodes
2011-12-22 03:26:29,734 PID: 30641 cluster.py:663 - DEBUG - updating existing node i-3e22fe5c in self._nodes
2011-12-22 03:26:29,735 PID: 30641 cluster.py:663 - DEBUG - updating existing node i-3c22fe5e in self._nodes
2011-12-22 03:26:29,735 PID: 30641 cluster.py:663 - DEBUG - updating existing node i-0222fe60 in self._nodes
2011-12-22 03:26:29,735 PID: 30641 cluster.py:663 - DEBUG - updating existing node i-0022fe62 in self._nodes
2011-12-22 03:26:29,735 PID: 30641 cluster.py:663 - DEBUG - updating existing node i-0622fe64 in self._nodes
2011-12-22 03:26:29,736 PID: 30641 cluster.py:663 - DEBUG - updating existing node i-0422fe66 in self._nodes
2011-12-22 03:26:29,736 PID: 30641 cluster.py:663 - DEBUG - updating existing node i-0a22fe68 in self._nodes
2011-12-22 03:26:29,736 PID: 30641 cluster.py:663 - DEBUG - updating existing node i-0822fe6a in self._nodes
2011-12-22 03:26:29,737 PID: 30641 cluster.py:663 - DEBUG - updating existing node i-0e22fe6c in self._nodes
2011-12-22 03:26:29,737 PID: 30641 cluster.py:663 - DEBUG - updating existing node i-0c22fe6e in self._nodes
2011-12-22 03:26:29,737 PID: 30641 cluster.py:663 - DEBUG - updating existing node i-1222fe70 in self._nodes
2011-12-22 03:26:29,737 PID: 30641 cluster.py:663 - DEBUG - updating existing node i-1022fe72 in self._nodes
2011-12-22 03:26:29,737 PID: 30641 cluster.py:663 - DEBUG - updating existing node i-1622fe74 in self._nodes
2011-12-22 03:26:29,738 PID: 30641 cluster.py:663 - DEBUG - updating existing node i-1422fe76 in self._nodes
2011-12-22 03:26:29,738 PID: 30641 cluster.py:663 - DEBUG - updating existing node i-1a22fe78 in self._nodes
2011-12-22 03:26:29,738 PID: 30641 cluster.py:663 - DEBUG - updating existing node i-1822fe7a in self._nodes
2011-12-22 03:26:29,738 PID: 30641 cluster.py:663 - DEBUG - updating existing node i-1e22fe7c in self._nodes
2011-12-22 03:26:29,739 PID: 30641 cluster.py:663 - DEBUG - updating existing node i-1c22fe7e in self._nodes
2011-12-22 03:26:29,739 PID: 30641 cluster.py:663 - DEBUG - updating existing node i-e222fe80 in self._nodes
2011-12-22 03:26:29,739 PID: 30641 cluster.py:663 - DEBUG - updating existing node i-e022fe82 in self._nodes
2011-12-22 03:26:29,739 PID: 30641 cluster.py:663 - DEBUG - updating existing node i-e622fe84 in self._nodes
2011-12-22 03:26:29,740 PID: 30641 cluster.py:663 - DEBUG - updating existing node i-e422fe86 in self._nodes
2011-12-22 03:26:29,740 PID: 30641 cluster.py:663 - DEBUG - updating existing node i-ea22fe88 in self._nodes
2011-12-22 03:26:29,740 PID: 30641 cluster.py:663 - DEBUG - updating existing node i-e822fe8a in self._nodes
2011-12-22 03:26:29,740 PID: 30641 cluster.py:663 - DEBUG - updating existing node i-ee22fe8c in self._nodes
2011-12-22 03:26:29,741 PID: 30641 cluster.py:663 - DEBUG - updating existing node i-ec22fe8e in self._nodes
2011-12-22 03:26:29,741 PID: 30641 cluster.py:663 - DEBUG - updating existing node i-f222fe90 in self._nodes
2011-12-22 03:26:29,741 PID: 30641 cluster.py:663 - DEBUG - updating existing node i-f022fe92 in self._nodes
2011-12-22 03:26:29,741 PID: 30641 cluster.py:663 - DEBUG - updating existing node i-f622fe94 in self._nodes
2011-12-22 03:26:29,742 PID: 30641 cluster.py:663 - DEBUG - updating existing node i-f422fe96 in self._nodes
2011-12-22 03:26:29,742 PID: 30641 cluster.py:663 - DEBUG - updating existing node i-fa22fe98 in self._nodes
2011-12-22 03:26:29,742 PID: 30641 cluster.py:663 - DEBUG - updating existing node i-f822fe9a in self._nodes
2011-12-22 03:26:29,742 PID: 30641 cluster.py:663 - DEBUG - updating existing node i-fe22fe9c in self._nodes
2011-12-22 03:26:29,742 PID: 30641 cluster.py:663 - DEBUG - updating existing node i-fc22fe9e in self._nodes
2011-12-22 03:26:29,743 PID: 30641 cluster.py:663 - DEBUG - updating existing node i-c222fea0 in self._nodes
2011-12-22 03:26:29,743 PID: 30641 cluster.py:663 - DEBUG - updating existing node i-c022fea2 in self._nodes
2011-12-22 03:26:29,743 PID: 30641 cluster.py:663 - DEBUG - updating existing node i-c622fea4 in self._nodes
2011-12-22 03:26:29,743 PID: 30641 cluster.py:663 - DEBUG - updating existing node i-c422fea6 in self._nodes
2011-12-22 03:26:29,744 PID: 30641 cluster.py:663 - DEBUG - updating existing node i-ca22fea8 in self._nodes
2011-12-22 03:26:29,744 PID: 30641 cluster.py:663 - DEBUG - updating existing node i-c822feaa in self._nodes
2011-12-22 03:26:29,744 PID: 30641 cluster.py:663 - DEBUG - updating existing node i-ce22feac in self._nodes
2011-12-22 03:26:29,744 PID: 30641 cluster.py:663 - DEBUG - updating existing node i-cc22feae in self._nodes
2011-12-22 03:26:29,745 PID: 30641 cluster.py:663 - DEBUG - updating existing node i-d222feb0 in self._nodes
2011-12-22 03:26:29,745 PID: 30641 cluster.py:663 - DEBUG - updating existing node i-d022feb2 in self._nodes
2011-12-22 03:26:29,745 PID: 30641 cluster.py:663 - DEBUG - updating existing node i-d622feb4 in self._nodes
2011-12-22 03:26:29,745 PID: 30641 cluster.py:663 - DEBUG - updating existing node i-d422feb6 in self._nodes
2011-12-22 03:26:29,746 PID: 30641 cluster.py:663 - DEBUG - updating existing node i-da22feb8 in self._nodes
2011-12-22 03:26:29,746 PID: 30641 cluster.py:663 - DEBUG - updating existing node i-d822feba in self._nodes
2011-12-22 03:26:29,746 PID: 30641 cluster.py:663 - DEBUG - updating existing node i-de22febc in self._nodes
2011-12-22 03:26:29,746 PID: 30641 cluster.py:663 - DEBUG - updating existing node i-dc22febe in self._nodes
2011-12-22 03:26:29,746 PID: 30641 cluster.py:663 - DEBUG - updating existing node i-a222fec0 in self._nodes
2011-12-22 03:26:29,747 PID: 30641 cluster.py:663 - DEBUG - updating existing node i-a022fec2 in self._nodes
2011-12-22 03:26:29,747 PID: 30641 cluster.py:663 - DEBUG - updating existing node i-a622fec4 in self._nodes
2011-12-22 03:26:29,747 PID: 30641 cluster.py:663 - DEBUG - updating existing node i-a422fec6 in self._nodes
2011-12-22 03:26:29,747 PID: 30641 cluster.py:663 - DEBUG - updating existing node i-aa22fec8 in self._nodes
2011-12-22 03:26:29,748 PID: 30641 cluster.py:663 - DEBUG - updating existing node i-a822feca in self._nodes
2011-12-22 03:26:29,748 PID: 30641 cluster.py:663 - DEBUG - updating existing node i-ae22fecc in self._nodes
2011-12-22 03:26:29,748 PID: 30641 cluster.py:663 - DEBUG - updating existing node i-ac22fece in self._nodes
2011-12-22 03:26:29,748 PID: 30641 cluster.py:663 - DEBUG - updating existing node i-b222fed0 in self._nodes
2011-12-22 03:26:29,749 PID: 30641 cluster.py:663 - DEBUG - updating existing node i-b022fed2 in self._nodes
2011-12-22 03:26:29,749 PID: 30641 cluster.py:663 - DEBUG - updating existing node i-b622fed4 in self._nodes
2011-12-22 03:26:29,749 PID: 30641 cluster.py:663 - DEBUG - updating existing node i-b422fed6 in self._nodes
2011-12-22 03:26:29,749 PID: 30641 cluster.py:663 - DEBUG - updating existing node i-ba22fed8 in self._nodes
2011-12-22 03:26:29,749 PID: 30641 cluster.py:663 - DEBUG - updating existing node i-b822feda in self._nodes
2011-12-22 03:26:29,750 PID: 30641 cluster.py:663 - DEBUG - updating existing node i-be22fedc in self._nodes
2011-12-22 03:26:29,750 PID: 30641 cluster.py:663 - DEBUG - updating existing node i-bc22fede in self._nodes
2011-12-22 03:26:29,750 PID: 30641 cluster.py:663 - DEBUG - updating existing node i-8222fee0 in self._nodes
2011-12-22 03:26:29,750 PID: 30641 cluster.py:663 - DEBUG - updating existing node i-8022fee2 in self._nodes
2011-12-22 03:26:29,751 PID: 30641 cluster.py:663 - DEBUG - updating existing node i-8622fee4 in self._nodes
2011-12-22 03:26:29,751 PID: 30641 cluster.py:663 - DEBUG - updating existing node i-8422fee6 in self._nodes
2011-12-22 03:26:29,751 PID: 30641 cluster.py:663 - DEBUG - updating existing node i-8a22fee8 in self._nodes
2011-12-22 03:26:29,751 PID: 30641 cluster.py:663 - DEBUG - updating existing node i-8822feea in self._nodes
2011-12-22 03:26:29,751 PID: 30641 cluster.py:663 - DEBUG - updating existing node i-8e22feec in self._nodes
2011-12-22 03:26:29,752 PID: 30641 cluster.py:663 - DEBUG - updating existing node i-8c22feee in self._nodes
2011-12-22 03:26:29,752 PID: 30641 cluster.py:663 - DEBUG - updating existing node i-9222fef0 in self._nodes
2011-12-22 03:26:29,752 PID: 30641 cluster.py:663 - DEBUG - updating existing node i-9022fef2 in self._nodes
2011-12-22 03:26:29,752 PID: 30641 cluster.py:663 - DEBUG - updating existing node i-9622fef4 in self._nodes
2011-12-22 03:26:29,753 PID: 30641 cluster.py:663 - DEBUG - updating existing node i-9422fef6 in self._nodes
2011-12-22 03:26:29,753 PID: 30641 cluster.py:663 - DEBUG - updating existing node i-9a22fef8 in self._nodes
2011-12-22 03:26:29,753 PID: 30641 cluster.py:663 - DEBUG - updating existing node i-9822fefa in self._nodes
2011-12-22 03:26:29,753 PID: 30641 cluster.py:663 - DEBUG - updating existing node i-9e22fefc in self._nodes
2011-12-22 03:26:29,754 PID: 30641 cluster.py:663 - DEBUG - updating existing node i-9c22fefe in self._nodes
2011-12-22 03:26:29,754 PID: 30641 cluster.py:663 - DEBUG - updating existing node i-6223ff00 in self._nodes
2011-12-22 03:26:29,754 PID: 30641 cluster.py:663 - DEBUG - updating existing node i-6023ff02 in self._nodes
2011-12-22 03:26:29,754 PID: 30641 cluster.py:663 - DEBUG - updating existing node i-6623ff04 in self._nodes
2011-12-22 03:26:29,754 PID: 30641 cluster.py:663 - DEBUG - updating existing node i-6423ff06 in self._nodes
2011-12-22 03:26:29,755 PID: 30641 cluster.py:663 - DEBUG - updating existing node i-6a23ff08 in self._nodes
2011-12-22 03:26:29,755 PID: 30641 cluster.py:663 - DEBUG - updating existing node i-6823ff0a in self._nodes
2011-12-22 03:26:29,755 PID: 30641 cluster.py:663 - DEBUG - updating existing node i-6e23ff0c in self._nodes
2011-12-22 03:26:29,755 PID: 30641 cluster.py:663 - DEBUG - updating existing node i-6c23ff0e in self._nodes
2011-12-22 03:26:29,756 PID: 30641 cluster.py:663 - DEBUG - updating existing node i-7223ff10 in self._nodes
2011-12-22 03:26:29,756 PID: 30641 cluster.py:663 - DEBUG - updating existing node i-7023ff12 in self._nodes
2011-12-22 03:26:29,756 PID: 30641 cluster.py:663 - DEBUG - updating existing node i-7623ff14 in self._nodes
2011-12-22 03:26:29,757 PID: 30641 cluster.py:663 - DEBUG - updating existing node i-7423ff16 in self._nodes
2011-12-22 03:26:29,757 PID: 30641 cluster.py:663 - DEBUG - updating existing node i-7a23ff18 in self._nodes
2011-12-22 03:26:29,757 PID: 30641 cluster.py:663 - DEBUG - updating existing node i-7823ff1a in self._nodes
2011-12-22 03:26:29,757 PID: 30641 cluster.py:663 - DEBUG - updating existing node i-7e23ff1c in self._nodes
2011-12-22 03:26:29,757 PID: 30641 cluster.py:663 - DEBUG - updating existing node i-7c23ff1e in self._nodes
2011-12-22 03:26:29,758 PID: 30641 cluster.py:663 - DEBUG - updating existing node i-4223ff20 in self._nodes
2011-12-22 03:26:29,758 PID: 30641 cluster.py:663 - DEBUG - updating existing node i-4023ff22 in self._nodes
2011-12-22 03:26:29,758 PID: 30641 cluster.py:663 - DEBUG - updating existing node i-4623ff24 in self._nodes
2011-12-22 03:26:29,758 PID: 30641 cluster.py:663 - DEBUG - updating existing node i-4423ff26 in self._nodes
2011-12-22 03:26:29,759 PID: 30641 cluster.py:663 - DEBUG - updating existing node i-4a23ff28 in self._nodes
2011-12-22 03:26:29,759 PID: 30641 cluster.py:663 - DEBUG - updating existing node i-4823ff2a in self._nodes
2011-12-22 03:26:29,759 PID: 30641 cluster.py:663 - DEBUG - updating existing node i-4e23ff2c in self._nodes
2011-12-22 03:26:29,759 PID: 30641 cluster.py:663 - DEBUG - updating existing node i-4c23ff2e in self._nodes
2011-12-22 03:26:29,760 PID: 30641 cluster.py:663 - DEBUG - updating existing node i-5223ff30 in self._nodes
2011-12-22 03:26:29,760 PID: 30641 cluster.py:663 - DEBUG - updating existing node i-5023ff32 in self._nodes
2011-12-22 03:26:29,760 PID: 30641 cluster.py:663 - DEBUG - updating existing node i-5623ff34 in self._nodes
2011-12-22 03:26:29,760 PID: 30641 cluster.py:663 - DEBUG - updating existing node i-5423ff36 in self._nodes
2011-12-22 03:26:29,761 PID: 30641 cluster.py:663 - DEBUG - updating existing node i-5a23ff38 in self._nodes
2011-12-22 03:26:29,761 PID: 30641 cluster.py:663 - DEBUG - updating existing node i-5823ff3a in self._nodes
2011-12-22 03:26:29,761 PID: 30641 cluster.py:663 - DEBUG - updating existing node i-5e23ff3c in self._nodes
2011-12-22 03:26:29,761 PID: 30641 cluster.py:663 - DEBUG - updating existing node i-5c23ff3e in self._nodes
2011-12-22 03:26:29,762 PID: 30641 cluster.py:663 - DEBUG - updating existing node i-2223ff40 in self._nodes
2011-12-22 03:26:29,762 PID: 30641 cluster.py:663 - DEBUG - updating existing node i-2023ff42 in self._nodes
2011-12-22 03:26:29,762 PID: 30641 cluster.py:663 - DEBUG - updating existing node i-2623ff44 in self._nodes
2011-12-22 03:26:29,762 PID: 30641 cluster.py:663 - DEBUG - updating existing node i-2423ff46 in self._nodes
2011-12-22 03:26:29,763 PID: 30641 cluster.py:663 - DEBUG - updating existing node i-2a23ff48 in self._nodes
2011-12-22 03:26:29,763 PID: 30641 cluster.py:663 - DEBUG - updating existing node i-2823ff4a in self._nodes
2011-12-22 03:26:29,763 PID: 30641 cluster.py:663 - DEBUG - updating existing node i-2e23ff4c in self._nodes
2011-12-22 03:26:29,763 PID: 30641 cluster.py:663 - DEBUG - updating existing node i-2c23ff4e in self._nodes
2011-12-22 03:26:29,764 PID: 30641 cluster.py:663 - DEBUG - updating existing node i-3223ff50 in self._nodes
2011-12-22 03:26:29,764 PID: 30641 cluster.py:663 - DEBUG - updating existing node i-3023ff52 in self._nodes
2011-12-22 03:26:29,764 PID: 30641 cluster.py:663 - DEBUG - updating existing node i-3623ff54 in self._nodes
2011-12-22 03:26:29,764 PID: 30641 cluster.py:663 - DEBUG - updating existing node i-3423ff56 in self._nodes
2011-12-22 03:26:29,765 PID: 30641 cluster.py:663 - DEBUG - updating existing node i-3a23ff58 in self._nodes
2011-12-22 03:26:29,765 PID: 30641 cluster.py:663 - DEBUG - updating existing node i-3823ff5a in self._nodes
2011-12-22 03:26:29,765 PID: 30641 cluster.py:663 - DEBUG - updating existing node i-3e23ff5c in self._nodes
2011-12-22 03:26:29,765 PID: 30641 cluster.py:663 - DEBUG - updating existing node i-3c23ff5e in self._nodes
2011-12-22 03:26:29,765 PID: 30641 cluster.py:663 - DEBUG - updating existing node i-0223ff60 in self._nodes
2011-12-22 03:26:29,766 PID: 30641 cluster.py:663 - DEBUG - updating existing node i-0023ff62 in self._nodes
2011-12-22 03:26:29,766 PID: 30641 cluster.py:663 - DEBUG - updating existing node i-0623ff64 in self._nodes
2011-12-22 03:26:29,766 PID: 30641 cluster.py:663 - DEBUG - updating existing node i-0423ff66 in self._nodes
2011-12-22 03:26:29,766 PID: 30641 cluster.py:663 - DEBUG - updating existing node i-0a23ff68 in self._nodes
2011-12-22 03:26:29,767 PID: 30641 cluster.py:663 - DEBUG - updating existing node i-0823ff6a in self._nodes
2011-12-22 03:26:29,767 PID: 30641 cluster.py:663 - DEBUG - updating existing node i-0e23ff6c in self._nodes
2011-12-22 03:26:29,767 PID: 30641 cluster.py:663 - DEBUG - updating existing node i-0c23ff6e in self._nodes
2011-12-22 03:26:29,767 PID: 30641 cluster.py:663 - DEBUG - updating existing node i-1223ff70 in self._nodes
2011-12-22 03:26:29,768 PID: 30641 cluster.py:663 - DEBUG - updating existing node i-1023ff72 in self._nodes
2011-12-22 03:26:29,768 PID: 30641 cluster.py:663 - DEBUG - updating existing node i-1623ff74 in self._nodes
2011-12-22 03:26:29,768 PID: 30641 cluster.py:663 - DEBUG - updating existing node i-1423ff76 in self._nodes
2011-12-22 03:26:29,768 PID: 30641 cluster.py:663 - DEBUG - updating existing node i-1a23ff78 in self._nodes
2011-12-22 03:26:29,768 PID: 30641 cluster.py:663 - DEBUG - updating existing node i-1823ff7a in self._nodes
2011-12-22 03:26:29,769 PID: 30641 cluster.py:663 - DEBUG - updating existing node i-1e23ff7c in self._nodes
2011-12-22 03:26:29,769 PID: 30641 cluster.py:663 - DEBUG - updating existing node i-1c23ff7e in self._nodes
2011-12-22 03:26:29,769 PID: 30641 cluster.py:663 - DEBUG - updating existing node i-e223ff80 in self._nodes
2011-12-22 03:26:29,769 PID: 30641 cluster.py:663 - DEBUG - updating existing node i-e023ff82 in self._nodes
2011-12-22 03:26:29,770 PID: 30641 cluster.py:663 - DEBUG - updating existing node i-e623ff84 in self._nodes
2011-12-22 03:26:29,770 PID: 30641 cluster.py:663 - DEBUG - updating existing node i-e423ff86 in self._nodes
2011-12-22 03:26:29,770 PID: 30641 cluster.py:663 - DEBUG - updating existing node i-ea23ff88 in self._nodes
2011-12-22 03:26:29,770 PID: 30641 cluster.py:663 - DEBUG - updating existing node i-e823ff8a in self._nodes
2011-12-22 03:26:29,771 PID: 30641 cluster.py:663 - DEBUG - updating existing node i-ee23ff8c in self._nodes
2011-12-22 03:26:29,771 PID: 30641 cluster.py:663 - DEBUG - updating existing node i-ec23ff8e in self._nodes
2011-12-22 03:26:29,771 PID: 30641 cluster.py:663 - DEBUG - updating existing node i-f223ff90 in self._nodes
2011-12-22 03:26:29,771 PID: 30641 cluster.py:663 - DEBUG - updating existing node i-f023ff92 in self._nodes
2011-12-22 03:26:29,771 PID: 30641 cluster.py:663 - DEBUG - updating existing node i-f623ff94 in self._nodes
2011-12-22 03:26:29,772 PID: 30641 cluster.py:663 - DEBUG - updating existing node i-f423ff96 in self._nodes
2011-12-22 03:26:29,772 PID: 30641 cluster.py:663 - DEBUG - updating existing node i-fa23ff98 in self._nodes
2011-12-22 03:26:29,772 PID: 30641 cluster.py:663 - DEBUG - updating existing node i-f823ff9a in self._nodes
2011-12-22 03:26:29,773 PID: 30641 cluster.py:663 - DEBUG - updating existing node i-fe23ff9c in self._nodes
2011-12-22 03:26:29,773 PID: 30641 cluster.py:663 - DEBUG - updating existing node i-fc23ff9e in self._nodes
2011-12-22 03:26:29,773 PID: 30641 cluster.py:663 - DEBUG - updating existing node i-c223ffa0 in self._nodes
2011-12-22 03:26:29,773 PID: 30641 cluster.py:663 - DEBUG - updating existing node i-c023ffa2 in self._nodes
2011-12-22 03:26:29,774 PID: 30641 cluster.py:663 - DEBUG - updating existing node i-c623ffa4 in self._nodes
2011-12-22 03:26:29,774 PID: 30641 cluster.py:663 - DEBUG - updating existing node i-c423ffa6 in self._nodes
2011-12-22 03:26:29,774 PID: 30641 cluster.py:663 - DEBUG - updating existing node i-ca23ffa8 in self._nodes
2011-12-22 03:26:29,776 PID: 30641 cluster.py:663 - DEBUG - updating existing node i-c823ffaa in self._nodes
2011-12-22 03:26:29,777 PID: 30641 cluster.py:663 - DEBUG - updating existing node i-ce23ffac in self._nodes
2011-12-22 03:26:29,777 PID: 30641 cluster.py:663 - DEBUG - updating existing node i-cc23ffae in self._nodes
2011-12-22 03:26:29,778 PID: 30641 cluster.py:676 - DEBUG - returning self._nodes = [<Node: master (i-7c22fe1e)>, <Node: node001 (i-4222fe20)>, <Node: node002 (i-4022fe22)>, <Node: node003 (i-4622fe24)>, <Node: node004 (i-4422fe26)>, <Node: node005 (i-4a22fe28)>, <Node: node006 (i-4822fe2a)>, <Node: node007 (i-4e22fe2c)>, <Node: node008 (i-4c22fe2e)>, <Node: node009 (i-5222fe30)>, <Node: node010 (i-5622fe34)>, <Node: node011 (i-5422fe36)>, <Node: node012 (i-5a22fe38)>, <Node: node013 (i-5822fe3a)>, <Node: node014 (i-5e22fe3c)>, <Node: node015 (i-5c22fe3e)>, <Node: node016 (i-2222fe40)>, <Node: node017 (i-2022fe42)>, <Node: node018 (i-2622fe44)>, <Node: node019 (i-2422fe46)>, <Node: node020 (i-2a22fe48)>, <Node: node021 (i-2822fe4a)>, <Node: node022 (i-2e22fe4c)>, <Node: node023 (i-2c22fe4e)>, <Node: node024 (i-3222fe50)>, <Node: node025 (i-3022fe52)>, <Node: node026 (i-3622fe54)>, <Node: node027 (i-3422fe56)>, <Node: node028 (i-3a22fe58)>, <Node: node029 (i-3822fe5a)>, <Node: node030 (i-3e22fe5c)>, <Node: node031 (i-3c22fe5e)>, <Node: node032 (i-0222fe60)>, <Node: node033 (i-0022fe62)>, <Node: node034 (i-0622fe64)>, <Node: node035 (i-0422fe66)>, <Node: node036 (i-0a22fe68)>, <Node: node037 (i-0822fe6a)>, <Node: node038 (i-0e22fe6c)>, <Node: node039 (i-0c22fe6e)>, <Node: node040 (i-1222fe70)>, <Node: node041 (i-1022fe72)>, <Node: node042 (i-1622fe74)>, <Node: node043 (i-1422fe76)>, <Node: node044 (i-1a22fe78)>, <Node: node045 (i-1822fe7a)>, <Node: node046 (i-1e22fe7c)>, <Node: node047 (i-1c22fe7e)>, <Node: node048 (i-e222fe80)>, <Node: node049 (i-e022fe82)>, <Node: node050 (i-e622fe84)>, <Node: node051 (i-e422fe86)>, <Node: node052 (i-ea22fe88)>, <Node: node053 (i-e822fe8a)>, <Node: node054 (i-ee22fe8c)>, <Node: node055 (i-ec22fe8e)>, <Node: node056 (i-f222fe90)>, <Node: node057 (i-f022fe92)>, <Node: node058 (i-f622fe94)>, <Node: node059 (i-f422fe96)>, <Node: node060 (i-fa22fe98)>, <Node: node061 (i-f822fe9a)>, <Node: node062 (i-fe22fe9c)>, <Node: node063 (i-fc22fe9e)>, <Node: node064 (i-c222fea0)>, <Node: node065 (i-c022fea2)>, <Node: node066 (i-c622fea4)>, <Node: node067 (i-c422fea6)>, <Node: node068 (i-ca22fea8)>, <Node: node069 (i-c822feaa)>, <Node: node070 (i-ce22feac)>, <Node: node071 (i-cc22feae)>, <Node: node072 (i-d222feb0)>, <Node: node073 (i-d022feb2)>, <Node: node074 (i-d622feb4)>, <Node: node075 (i-d422feb6)>, <Node: node076 (i-da22feb8)>, <Node: node077 (i-d822feba)>, <Node: node078 (i-de22febc)>, <Node: node079 (i-dc22febe)>, <Node: node080 (i-a222fec0)>, <Node: node081 (i-a022fec2)>, <Node: node082 (i-a622fec4)>, <Node: node083 (i-a422fec6)>, <Node: node084 (i-aa22fec8)>, <Node: node085 (i-a822feca)>, <Node: node086 (i-ae22fecc)>, <Node: node087 (i-ac22fece)>, <Node: node088 (i-b222fed0)>, <Node: node089 (i-b022fed2)>, <Node: node090 (i-b622fed4)>, <Node: node091 (i-b422fed6)>, <Node: node092 (i-ba22fed8)>, <Node: node093 (i-b822feda)>, <Node: node094 (i-be22fedc)>, <Node: node095 (i-bc22fede)>, <Node: node096 (i-8222fee0)>, <Node: node097 (i-8022fee2)>, <Node: node098 (i-8622fee4)>, <Node: node099 (i-8422fee6)>, <Node: node100 (i-8a22fee8)>, <Node: node101 (i-8822feea)>, <Node: node102 (i-8e22feec)>, <Node: node103 (i-8c22feee)>, <Node: node104 (i-9222fef0)>, <Node: node105 (i-9022fef2)>, <Node: node106 (i-9622fef4)>, <Node: node107 (i-9422fef6)>, <Node: node108 (i-9a22fef8)>, <Node: node109 (i-9822fefa)>, <Node: node110 (i-9e22fefc)>, <Node: node111 (i-9c22fefe)>, <Node: node112 (i-6223ff00)>, <Node: node113 (i-6023ff02)>, <Node: node114 (i-6623ff04)>, <Node: node115 (i-6423ff06)>, <Node: node116 (i-6a23ff08)>, <Node: node117 (i-6823ff0a)>, <Node: node118 (i-6e23ff0c)>, <Node: node119 (i-6c23ff0e)>, <Node: node120 (i-7223ff10)>, <Node: node121 (i-7023ff12)>, <Node: node122 (i-7623ff14)>, <Node: node123 (i-7423ff16)>, <Node: node124 (i-7a23ff18)>, <Node: node125 (i-7823ff1a)>, <Node: node126 (i-7e23ff1c)>, <Node: node127 (i-7c23ff1e)>, <Node: node128 (i-4223ff20)>, <Node: node129 (i-4023ff22)>, <Node: node130 (i-4623ff24)>, <Node: node131 (i-4423ff26)>, <Node: node132 (i-4a23ff28)>, <Node: node133 (i-4823ff2a)>, <Node: node134 (i-4e23ff2c)>, <Node: node135 (i-4c23ff2e)>, <Node: node136 (i-5223ff30)>, <Node: node137 (i-5023ff32)>, <Node: node138 (i-5623ff34)>, <Node: node139 (i-5423ff36)>, <Node: node140 (i-5a23ff38)>, <Node: node141 (i-5823ff3a)>, <Node: node142 (i-5e23ff3c)>, <Node: node143 (i-5c23ff3e)>, <Node: node144 (i-2223ff40)>, <Node: node145 (i-2023ff42)>, <Node: node146 (i-2623ff44)>, <Node: node147 (i-2423ff46)>, <Node: node148 (i-2a23ff48)>, <Node: node149 (i-2823ff4a)>, <Node: node150 (i-2e23ff4c)>, <Node: node151 (i-2c23ff4e)>, <Node: node152 (i-3223ff50)>, <Node: node153 (i-3023ff52)>, <Node: node154 (i-3623ff54)>, <Node: node155 (i-3423ff56)>, <Node: node156 (i-3a23ff58)>, <Node: node157 (i-3823ff5a)>, <Node: node158 (i-3e23ff5c)>, <Node: node159 (i-3c23ff5e)>, <Node: node160 (i-0223ff60)>, <Node: node161 (i-0023ff62)>, <Node: node162 (i-0623ff64)>, <Node: node163 (i-0423ff66)>, <Node: node164 (i-0a23ff68)>, <Node: node165 (i-0823ff6a)>, <Node: node166 (i-0e23ff6c)>, <Node: node167 (i-0c23ff6e)>, <Node: node168 (i-1223ff70)>, <Node: node169 (i-1023ff72)>, <Node: node170 (i-1623ff74)>, <Node: node171 (i-1423ff76)>, <Node: node172 (i-1a23ff78)>, <Node: node173 (i-1823ff7a)>, <Node: node174 (i-1e23ff7c)>, <Node: node175 (i-1c23ff7e)>, <Node: node176 (i-e223ff80)>, <Node: node177 (i-e023ff82)>, <Node: node178 (i-e623ff84)>, <Node: node179 (i-e423ff86)>, <Node: node180 (i-ea23ff88)>, <Node: node181 (i-e823ff8a)>, <Node: node182 (i-ee23ff8c)>, <Node: node183 (i-ec23ff8e)>, <Node: node184 (i-f223ff90)>, <Node: node185 (i-f023ff92)>, <Node: node186 (i-f623ff94)>, <Node: node187 (i-f423ff96)>, <Node: node188 (i-fa23ff98)>, <Node: node189 (i-f823ff9a)>, <Node: node190 (i-fe23ff9c)>, <Node: node191 (i-fc23ff9e)>, <Node: node192 (i-c223ffa0)>, <Node: node193 (i-c023ffa2)>, <Node: node194 (i-c623ffa4)>, <Node: node195 (i-c423ffa6)>, <Node: node196 (i-ca23ffa8)>, <Node: node197 (i-c823ffaa)>, <Node: node198 (i-ce23ffac)>, <Node: node199 (i-cc23ffae)>]
2011-12-22 03:26:38,045 PID: 30641 ssh.py:91 - DEBUG - connecting to host ec2-107-21-128-191.compute-1.amazonaws.com on port 22 as user root
2011-12-22 03:26:42,193 PID: 30641 ssh.py:91 - DEBUG - connecting to host ec2-107-21-67-51.compute-1.amazonaws.com on port 22 as user root
2011-12-22 03:27:16,139 PID: 30641 ssh.py:91 - DEBUG - connecting to host ec2-50-17-49-61.compute-1.amazonaws.com on port 22 as user root
2011-12-22 03:27:19,826 PID: 30641 ssh.py:91 - DEBUG - connecting to host ec2-174-129-113-209.compute-1.amazonaws.com on port 22 as user root
2011-12-22 03:27:39,884 PID: 30641 cluster.py:660 - DEBUG - existing nodes: {u'i-6423ff06': <Node: node115 (i-6423ff06)>, u'i-0022fe62': <Node: node033 (i-0022fe62)>, u'i-ae22fecc': <Node: node086 (i-ae22fecc)>, u'i-a822feca': <Node: node085 (i-a822feca)>, u'i-1e23ff7c': <Node: node174 (i-1e23ff7c)>, u'i-f423ff96': <Node: node187 (i-f423ff96)>, u'i-d622feb4': <Node: node074 (i-d622feb4)>, u'i-2022fe42': <Node: node017 (i-2022fe42)>, u'i-f422fe96': <Node: node059 (i-f422fe96)>, u'i-e222fe80': <Node: node048 (i-e222fe80)>, u'i-b222fed0': <Node: node088 (i-b222fed0)>, u'i-2c22fe4e': <Node: node023 (i-2c22fe4e)>, u'i-3822fe5a': <Node: node029 (i-3822fe5a)>, u'i-0c23ff6e': <Node: node167 (i-0c23ff6e)>, u'i-8c22feee': <Node: node103 (i-8c22feee)>, u'i-7c23ff1e': <Node: node127 (i-7c23ff1e)>, u'i-f623ff94': <Node: node186 (i-f623ff94)>, u'i-8822feea': <Node: node101 (i-8822feea)>, u'i-3222fe50': <Node: node024 (i-3222fe50)>, u'i-5222fe30': <Node: node009 (i-5222fe30)>, u'i-4822fe2a': <Node: node006 (i-4822fe2a)>, u'i-a622fec4': <Node: node082 (i-a622fec4)>, u'i-f823ff9a': <Node: node189 (i-f823ff9a)>, u'i-4423ff26': <Node: node131 (i-4423ff26)>, u'i-6223ff00': <Node: node112 (i-6223ff00)>, u'i-4a23ff28': <Node: node132 (i-4a23ff28)>, u'i-7c22fe1e': <Node: master (i-7c22fe1e)>, u'i-2623ff44': <Node: node146 (i-2623ff44)>, u'i-c222fea0': <Node: node064 (i-c222fea0)>, u'i-2823ff4a': <Node: node149 (i-2823ff4a)>, u'i-1c22fe7e': <Node: node047 (i-1c22fe7e)>, u'i-5e23ff3c': <Node: node142 (i-5e23ff3c)>, u'i-4e22fe2c': <Node: node007 (i-4e22fe2c)>, u'i-4c23ff2e': <Node: node135 (i-4c23ff2e)>, u'i-9222fef0': <Node: node104 (i-9222fef0)>, u'i-da22feb8': <Node: node076 (i-da22feb8)>, u'i-7e23ff1c': <Node: node126 (i-7e23ff1c)>, u'i-5e22fe3c': <Node: node014 (i-5e22fe3c)>, u'i-5a23ff38': <Node: node140 (i-5a23ff38)>, u'i-ce22feac': <Node: node070 (i-ce22feac)>, u'i-8022fee2': <Node: node097 (i-8022fee2)>, u'i-f822fe9a': <Node: node061 (i-f822fe9a)>, u'i-e223ff80': <Node: node176 (i-e223ff80)>, u'i-0c22fe6e': <Node: node039 (i-0c22fe6e)>, u'i-5223ff30': <Node: node136 (i-5223ff30)>, u'i-2622fe44': <Node: node018 (i-2622fe44)>, u'i-5423ff36': <Node: node139 (i-5423ff36)>, u'i-6823ff0a': <Node: node117 (i-6823ff0a)>, u'i-4222fe20': <Node: node001 (i-4222fe20)>, u'i-4823ff2a': <Node: node133 (i-4823ff2a)>, u'i-9422fef6': <Node: node107 (i-9422fef6)>, u'i-7423ff16': <Node: node123 (i-7423ff16)>, u'i-1622fe74': <Node: node042 (i-1622fe74)>, u'i-1c23ff7e': <Node: node175 (i-1c23ff7e)>, u'i-0423ff66': <Node: node163 (i-0423ff66)>, u'i-7823ff1a': <Node: node125 (i-7823ff1a)>, u'i-1a22fe78': <Node: node044 (i-1a22fe78)>, u'i-5023ff32': <Node: node137 (i-5023ff32)>, u'i-2423ff46': <Node: node147 (i-2423ff46)>, u'i-4022fe22': <Node: node002 (i-4022fe22)>, u'i-7023ff12': <Node: node121 (i-7023ff12)>, u'i-b622fed4': <Node: node090 (i-b622fed4)>, u'i-f222fe90': <Node: node056 (i-f222fe90)>, u'i-ee22fe8c': <Node: node054 (i-ee22fe8c)>, u'i-c022fea2': <Node: node065 (i-c022fea2)>, u'i-5c23ff3e': <Node: node143 (i-5c23ff3e)>, u'i-1a23ff78': <Node: node172 (i-1a23ff78)>, u'i-1623ff74': <Node: node170 (i-1623ff74)>, u'i-fc23ff9e': <Node: node191 (i-fc23ff9e)>, u'i-2e22fe4c': <Node: node022 (i-2e22fe4c)>, u'i-ee23ff8c': <Node: node182 (i-ee23ff8c)>, u'i-e022fe82': <Node: node049 (i-e022fe82)>, u'i-8e22feec': <Node: node102 (i-8e22feec)>, u'i-9a22fef8': <Node: node108 (i-9a22fef8)>, u'i-5a22fe38': <Node: node012 (i-5a22fe38)>, u'i-3c23ff5e': <Node: node159 (i-3c23ff5e)>, u'i-de22febc': <Node: node078 (i-de22febc)>, u'i-fa23ff98': <Node: node188 (i-fa23ff98)>, u'i-4622fe24': <Node: node003 (i-4622fe24)>, u'i-b422fed6': <Node: node091 (i-b422fed6)>, u'i-9622fef4': <Node: node106 (i-9622fef4)>, u'i-6023ff02': <Node: node113 (i-6023ff02)>, u'i-1823ff7a': <Node: node173 (i-1823ff7a)>, u'i-f022fe92': <Node: node057 (i-f022fe92)>, u'i-3423ff56': <Node: node155 (i-3423ff56)>, u'i-fc22fe9e': <Node: node063 (i-fc22fe9e)>, u'i-c623ffa4': <Node: node194 (i-c623ffa4)>, u'i-a222fec0': <Node: node080 (i-a222fec0)>, u'i-0223ff60': <Node: node160 (i-0223ff60)>, u'i-3823ff5a': <Node: node157 (i-3823ff5a)>, u'i-ce23ffac': <Node: node198 (i-ce23ffac)>, u'i-2a22fe48': <Node: node020 (i-2a22fe48)>, u'i-2a23ff48': <Node: node148 (i-2a23ff48)>, u'i-2222fe40': <Node: node016 (i-2222fe40)>, u'i-0422fe66': <Node: node035 (i-0422fe66)>, u'i-7223ff10': <Node: node120 (i-7223ff10)>, u'i-ec22fe8e': <Node: node055 (i-ec22fe8e)>, u'i-ea22fe88': <Node: node052 (i-ea22fe88)>, u'i-e422fe86': <Node: node051 (i-e422fe86)>, u'i-c223ffa0': <Node: node192 (i-c223ffa0)>, u'i-1023ff72': <Node: node169 (i-1023ff72)>, u'i-7a23ff18': <Node: node124 (i-7a23ff18)>, u'i-fe22fe9c': <Node: node062 (i-fe22fe9c)>, u'i-c423ffa6': <Node: node195 (i-c423ffa6)>, u'i-f622fe94': <Node: node058 (i-f622fe94)>, u'i-0622fe64': <Node: node034 (i-0622fe64)>, u'i-2023ff42': <Node: node145 (i-2023ff42)>, u'i-0e23ff6c': <Node: node166 (i-0e23ff6c)>, u'i-0823ff6a': <Node: node165 (i-0823ff6a)>, u'i-1022fe72': <Node: node041 (i-1022fe72)>, u'i-0623ff64': <Node: node162 (i-0623ff64)>, u'i-cc22feae': <Node: node071 (i-cc22feae)>, u'i-0a22fe68': <Node: node036 (i-0a22fe68)>, u'i-6623ff04': <Node: node114 (i-6623ff04)>, u'i-aa22fec8': <Node: node084 (i-aa22fec8)>, u'i-2e23ff4c': <Node: node150 (i-2e23ff4c)>, u'i-c422fea6': <Node: node067 (i-c422fea6)>, u'i-ea23ff88': <Node: node180 (i-ea23ff88)>, u'i-d022feb2': <Node: node073 (i-d022feb2)>, u'i-4e23ff2c': <Node: node134 (i-4e23ff2c)>, u'i-3e23ff5c': <Node: node158 (i-3e23ff5c)>, u'i-e623ff84': <Node: node178 (i-e623ff84)>, u'i-5823ff3a': <Node: node141 (i-5823ff3a)>, u'i-3e22fe5c': <Node: node030 (i-3e22fe5c)>, u'i-0822fe6a': <Node: node037 (i-0822fe6a)>, u'i-c622fea4': <Node: node066 (i-c622fea4)>, u'i-dc22febe': <Node: node079 (i-dc22febe)>, u'i-0023ff62': <Node: node161 (i-0023ff62)>, u'i-1223ff70': <Node: node168 (i-1223ff70)>, u'i-c023ffa2': <Node: node193 (i-c023ffa2)>, u'i-0e22fe6c': <Node: node038 (i-0e22fe6c)>, u'i-6e23ff0c': <Node: node118 (i-6e23ff0c)>, u'i-c823ffaa': <Node: node197 (i-c823ffaa)>, u'i-2822fe4a': <Node: node021 (i-2822fe4a)>, u'i-1e22fe7c': <Node: node046 (i-1e22fe7c)>, u'i-3a22fe58': <Node: node028 (i-3a22fe58)>, u'i-e023ff82': <Node: node177 (i-e023ff82)>, u'i-bc22fede': <Node: node095 (i-bc22fede)>, u'i-d422feb6': <Node: node075 (i-d422feb6)>, u'i-5623ff34': <Node: node138 (i-5623ff34)>, u'i-1222fe70': <Node: node040 (i-1222fe70)>, u'i-9022fef2': <Node: node105 (i-9022fef2)>, u'i-b022fed2': <Node: node089 (i-b022fed2)>, u'i-be22fedc': <Node: node094 (i-be22fedc)>, u'i-a422fec6': <Node: node083 (i-a422fec6)>, u'i-0a23ff68': <Node: node164 (i-0a23ff68)>, u'i-3022fe52': <Node: node025 (i-3022fe52)>, u'i-d222feb0': <Node: node072 (i-d222feb0)>, u'i-4223ff20': <Node: node128 (i-4223ff20)>, u'i-c822feaa': <Node: node069 (i-c822feaa)>, u'i-8622fee4': <Node: node098 (i-8622fee4)>, u'i-4c22fe2e': <Node: node008 (i-4c22fe2e)>, u'i-4623ff24': <Node: node130 (i-4623ff24)>, u'i-cc23ffae': <Node: node199 (i-cc23ffae)>, u'i-1822fe7a': <Node: node045 (i-1822fe7a)>, u'i-1422fe76': <Node: node043 (i-1422fe76)>, u'i-fe23ff9c': <Node: node190 (i-fe23ff9c)>, u'i-5822fe3a': <Node: node013 (i-5822fe3a)>, u'i-2223ff40': <Node: node144 (i-2223ff40)>, u'i-f223ff90': <Node: node184 (i-f223ff90)>, u'i-b822feda': <Node: node093 (i-b822feda)>, u'i-3422fe56': <Node: node027 (i-3422fe56)>, u'i-3223ff50': <Node: node152 (i-3223ff50)>, u'i-0222fe60': <Node: node032 (i-0222fe60)>, u'i-ec23ff8e': <Node: node183 (i-ec23ff8e)>, u'i-2422fe46': <Node: node019 (i-2422fe46)>, u'i-3623ff54': <Node: node154 (i-3623ff54)>, u'i-4422fe26': <Node: node004 (i-4422fe26)>, u'i-4a22fe28': <Node: node005 (i-4a22fe28)>, u'i-3023ff52': <Node: node153 (i-3023ff52)>, u'i-5622fe34': <Node: node010 (i-5622fe34)>, u'i-3c22fe5e': <Node: node031 (i-3c22fe5e)>, u'i-a022fec2': <Node: node081 (i-a022fec2)>, u'i-9822fefa': <Node: node109 (i-9822fefa)>, u'i-3622fe54': <Node: node026 (i-3622fe54)>, u'i-4023ff22': <Node: node129 (i-4023ff22)>, u'i-e622fe84': <Node: node050 (i-e622fe84)>, u'i-d822feba': <Node: node077 (i-d822feba)>, u'i-5c22fe3e': <Node: node015 (i-5c22fe3e)>, u'i-3a23ff58': <Node: node156 (i-3a23ff58)>, u'i-ca23ffa8': <Node: node196 (i-ca23ffa8)>, u'i-e423ff86': <Node: node179 (i-e423ff86)>, u'i-e823ff8a': <Node: node181 (i-e823ff8a)>, u'i-8422fee6': <Node: node099 (i-8422fee6)>, u'i-1423ff76': <Node: node171 (i-1423ff76)>, u'i-8222fee0': <Node: node096 (i-8222fee0)>, u'i-f023ff92': <Node: node185 (i-f023ff92)>, u'i-ac22fece': <Node: node087 (i-ac22fece)>, u'i-9e22fefc': <Node: node110 (i-9e22fefc)>, u'i-8a22fee8': <Node: node100 (i-8a22fee8)>, u'i-5422fe36': <Node: node011 (i-5422fe36)>, u'i-2c23ff4e': <Node: node151 (i-2c23ff4e)>, u'i-9c22fefe': <Node: node111 (i-9c22fefe)>, u'i-7623ff14': <Node: node122 (i-7623ff14)>, u'i-6a23ff08': <Node: node116 (i-6a23ff08)>, u'i-fa22fe98': <Node: node060 (i-fa22fe98)>, u'i-ca22fea8': <Node: node068 (i-ca22fea8)>, u'i-e822fe8a': <Node: node053 (i-e822fe8a)>, u'i-ba22fed8': <Node: node092 (i-ba22fed8)>, u'i-6c23ff0e': <Node: node119 (i-6c23ff0e)>}
2011-12-22 03:27:39,887 PID: 30641 cluster.py:663 - DEBUG - updating existing node i-7c22fe1e in self._nodes
2011-12-22 03:27:39,887 PID: 30641 cluster.py:663 - DEBUG - updating existing node i-4222fe20 in self._nodes
2011-12-22 03:27:39,887 PID: 30641 cluster.py:663 - DEBUG - updating existing node i-4022fe22 in self._nodes
2011-12-22 03:27:39,888 PID: 30641 cluster.py:663 - DEBUG - updating existing node i-4622fe24 in self._nodes
2011-12-22 03:27:39,888 PID: 30641 cluster.py:663 - DEBUG - updating existing node i-4422fe26 in self._nodes
2011-12-22 03:27:39,888 PID: 30641 cluster.py:663 - DEBUG - updating existing node i-4a22fe28 in self._nodes
2011-12-22 03:27:39,888 PID: 30641 cluster.py:663 - DEBUG - updating existing node i-4822fe2a in self._nodes
2011-12-22 03:27:39,888 PID: 30641 cluster.py:663 - DEBUG - updating existing node i-4e22fe2c in self._nodes
2011-12-22 03:27:39,889 PID: 30641 cluster.py:663 - DEBUG - updating existing node i-4c22fe2e in self._nodes
2011-12-22 03:27:39,889 PID: 30641 cluster.py:663 - DEBUG - updating existing node i-5222fe30 in self._nodes
2011-12-22 03:27:39,889 PID: 30641 cluster.py:663 - DEBUG - updating existing node i-5622fe34 in self._nodes
2011-12-22 03:27:39,889 PID: 30641 cluster.py:663 - DEBUG - updating existing node i-5422fe36 in self._nodes
2011-12-22 03:27:39,890 PID: 30641 cluster.py:663 - DEBUG - updating existing node i-5a22fe38 in self._nodes
2011-12-22 03:27:39,890 PID: 30641 cluster.py:663 - DEBUG - updating existing node i-5822fe3a in self._nodes
2011-12-22 03:27:39,890 PID: 30641 cluster.py:663 - DEBUG - updating existing node i-5e22fe3c in self._nodes
2011-12-22 03:27:39,890 PID: 30641 cluster.py:663 - DEBUG - updating existing node i-5c22fe3e in self._nodes
2011-12-22 03:27:39,891 PID: 30641 cluster.py:663 - DEBUG - updating existing node i-2222fe40 in self._nodes
2011-12-22 03:27:39,891 PID: 30641 cluster.py:663 - DEBUG - updating existing node i-2022fe42 in self._nodes
2011-12-22 03:27:39,891 PID: 30641 cluster.py:663 - DEBUG - updating existing node i-2622fe44 in self._nodes
2011-12-22 03:27:39,891 PID: 30641 cluster.py:663 - DEBUG - updating existing node i-2422fe46 in self._nodes
2011-12-22 03:27:39,891 PID: 30641 cluster.py:663 - DEBUG - updating existing node i-2a22fe48 in self._nodes
2011-12-22 03:27:39,892 PID: 30641 cluster.py:663 - DEBUG - updating existing node i-2822fe4a in self._nodes
2011-12-22 03:27:39,892 PID: 30641 cluster.py:663 - DEBUG - updating existing node i-2e22fe4c in self._nodes
2011-12-22 03:27:39,892 PID: 30641 cluster.py:663 - DEBUG - updating existing node i-2c22fe4e in self._nodes
2011-12-22 03:27:39,892 PID: 30641 cluster.py:663 - DEBUG - updating existing node i-3222fe50 in self._nodes
2011-12-22 03:27:39,893 PID: 30641 cluster.py:663 - DEBUG - updating existing node i-3022fe52 in self._nodes
2011-12-22 03:27:39,893 PID: 30641 cluster.py:663 - DEBUG - updating existing node i-3622fe54 in self._nodes
2011-12-22 03:27:39,893 PID: 30641 cluster.py:663 - DEBUG - updating existing node i-3422fe56 in self._nodes
2011-12-22 03:27:39,893 PID: 30641 cluster.py:663 - DEBUG - updating existing node i-3a22fe58 in self._nodes
2011-12-22 03:27:39,894 PID: 30641 cluster.py:663 - DEBUG - updating existing node i-3822fe5a in self._nodes
2011-12-22 03:27:39,894 PID: 30641 cluster.py:663 - DEBUG - updating existing node i-3e22fe5c in self._nodes
2011-12-22 03:27:39,894 PID: 30641 cluster.py:663 - DEBUG - updating existing node i-3c22fe5e in self._nodes
2011-12-22 03:27:39,894 PID: 30641 cluster.py:663 - DEBUG - updating existing node i-0222fe60 in self._nodes
2011-12-22 03:27:39,894 PID: 30641 cluster.py:663 - DEBUG - updating existing node i-0022fe62 in self._nodes
2011-12-22 03:27:39,895 PID: 30641 cluster.py:663 - DEBUG - updating existing node i-0622fe64 in self._nodes
2011-12-22 03:27:39,895 PID: 30641 cluster.py:663 - DEBUG - updating existing node i-0422fe66 in self._nodes
2011-12-22 03:27:39,895 PID: 30641 cluster.py:663 - DEBUG - updating existing node i-0a22fe68 in self._nodes
2011-12-22 03:27:39,895 PID: 30641 cluster.py:663 - DEBUG - updating existing node i-0822fe6a in self._nodes
2011-12-22 03:27:39,896 PID: 30641 cluster.py:663 - DEBUG - updating existing node i-0e22fe6c in self._nodes
2011-12-22 03:27:39,896 PID: 30641 cluster.py:663 - DEBUG - updating existing node i-0c22fe6e in self._nodes
2011-12-22 03:27:39,896 PID: 30641 cluster.py:663 - DEBUG - updating existing node i-1222fe70 in self._nodes
2011-12-22 03:27:39,896 PID: 30641 cluster.py:663 - DEBUG - updating existing node i-1022fe72 in self._nodes
2011-12-22 03:27:39,896 PID: 30641 cluster.py:663 - DEBUG - updating existing node i-1622fe74 in self._nodes
2011-12-22 03:27:39,897 PID: 30641 cluster.py:663 - DEBUG - updating existing node i-1422fe76 in self._nodes
2011-12-22 03:27:39,897 PID: 30641 cluster.py:663 - DEBUG - updating existing node i-1a22fe78 in self._nodes
2011-12-22 03:27:39,897 PID: 30641 cluster.py:663 - DEBUG - updating existing node i-1822fe7a in self._nodes
2011-12-22 03:27:39,897 PID: 30641 cluster.py:663 - DEBUG - updating existing node i-1e22fe7c in self._nodes
2011-12-22 03:27:39,898 PID: 30641 cluster.py:663 - DEBUG - updating existing node i-1c22fe7e in self._nodes
2011-12-22 03:27:39,898 PID: 30641 cluster.py:663 - DEBUG - updating existing node i-e222fe80 in self._nodes
2011-12-22 03:27:39,898 PID: 30641 cluster.py:663 - DEBUG - updating existing node i-e022fe82 in self._nodes
2011-12-22 03:27:39,898 PID: 30641 cluster.py:663 - DEBUG - updating existing node i-e622fe84 in self._nodes
2011-12-22 03:27:39,899 PID: 30641 cluster.py:663 - DEBUG - updating existing node i-e422fe86 in self._nodes
2011-12-22 03:27:39,899 PID: 30641 cluster.py:663 - DEBUG - updating existing node i-ea22fe88 in self._nodes
2011-12-22 03:27:39,899 PID: 30641 cluster.py:663 - DEBUG - updating existing node i-e822fe8a in self._nodes
2011-12-22 03:27:39,899 PID: 30641 cluster.py:663 - DEBUG - updating existing node i-ee22fe8c in self._nodes
2011-12-22 03:27:39,899 PID: 30641 cluster.py:663 - DEBUG - updating existing node i-ec22fe8e in self._nodes
2011-12-22 03:27:39,900 PID: 30641 cluster.py:663 - DEBUG - updating existing node i-f222fe90 in self._nodes
2011-12-22 03:27:39,900 PID: 30641 cluster.py:663 - DEBUG - updating existing node i-f022fe92 in self._nodes
2011-12-22 03:27:39,900 PID: 30641 cluster.py:663 - DEBUG - updating existing node i-f622fe94 in self._nodes
2011-12-22 03:27:39,900 PID: 30641 cluster.py:663 - DEBUG - updating existing node i-f422fe96 in self._nodes
2011-12-22 03:27:39,901 PID: 30641 cluster.py:663 - DEBUG - updating existing node i-fa22fe98 in self._nodes
2011-12-22 03:27:39,901 PID: 30641 cluster.py:663 - DEBUG - updating existing node i-f822fe9a in self._nodes
2011-12-22 03:27:39,901 PID: 30641 cluster.py:663 - DEBUG - updating existing node i-fe22fe9c in self._nodes
2011-12-22 03:27:39,901 PID: 30641 cluster.py:663 - DEBUG - updating existing node i-fc22fe9e in self._nodes
2011-12-22 03:27:39,902 PID: 30641 cluster.py:663 - DEBUG - updating existing node i-c222fea0 in self._nodes
2011-12-22 03:27:39,902 PID: 30641 cluster.py:663 - DEBUG - updating existing node i-c022fea2 in self._nodes
2011-12-22 03:27:39,902 PID: 30641 cluster.py:663 - DEBUG - updating existing node i-c622fea4 in self._nodes
2011-12-22 03:27:39,902 PID: 30641 cluster.py:663 - DEBUG - updating existing node i-c422fea6 in self._nodes
2011-12-22 03:27:39,902 PID: 30641 cluster.py:663 - DEBUG - updating existing node i-ca22fea8 in self._nodes
2011-12-22 03:27:39,903 PID: 30641 cluster.py:663 - DEBUG - updating existing node i-c822feaa in self._nodes
2011-12-22 03:27:39,903 PID: 30641 cluster.py:663 - DEBUG - updating existing node i-ce22feac in self._nodes
2011-12-22 03:27:39,903 PID: 30641 cluster.py:663 - DEBUG - updating existing node i-cc22feae in self._nodes
2011-12-22 03:27:39,903 PID: 30641 cluster.py:663 - DEBUG - updating existing node i-d222feb0 in self._nodes
2011-12-22 03:27:39,904 PID: 30641 cluster.py:663 - DEBUG - updating existing node i-d022feb2 in self._nodes
2011-12-22 03:27:39,904 PID: 30641 cluster.py:663 - DEBUG - updating existing node i-d622feb4 in self._nodes
2011-12-22 03:27:39,904 PID: 30641 cluster.py:663 - DEBUG - updating existing node i-d422feb6 in self._nodes
2011-12-22 03:27:39,904 PID: 30641 cluster.py:663 - DEBUG - updating existing node i-da22feb8 in self._nodes
2011-12-22 03:27:39,904 PID: 30641 cluster.py:663 - DEBUG - updating existing node i-d822feba in self._nodes
2011-12-22 03:27:39,905 PID: 30641 cluster.py:663 - DEBUG - updating existing node i-de22febc in self._nodes
2011-12-22 03:27:39,905 PID: 30641 cluster.py:663 - DEBUG - updating existing node i-dc22febe in self._nodes
2011-12-22 03:27:39,905 PID: 30641 cluster.py:663 - DEBUG - updating existing node i-a222fec0 in self._nodes
2011-12-22 03:27:39,905 PID: 30641 cluster.py:663 - DEBUG - updating existing node i-a022fec2 in self._nodes
2011-12-22 03:27:39,906 PID: 30641 cluster.py:663 - DEBUG - updating existing node i-a622fec4 in self._nodes
2011-12-22 03:27:39,906 PID: 30641 cluster.py:663 - DEBUG - updating existing node i-a422fec6 in self._nodes
2011-12-22 03:27:39,906 PID: 30641 cluster.py:663 - DEBUG - updating existing node i-aa22fec8 in self._nodes
2011-12-22 03:27:39,906 PID: 30641 cluster.py:663 - DEBUG - updating existing node i-a822feca in self._nodes
2011-12-22 03:27:39,907 PID: 30641 cluster.py:663 - DEBUG - updating existing node i-ae22fecc in self._nodes
2011-12-22 03:27:39,907 PID: 30641 cluster.py:663 - DEBUG - updating existing node i-ac22fece in self._nodes
2011-12-22 03:27:39,907 PID: 30641 cluster.py:663 - DEBUG - updating existing node i-b222fed0 in self._nodes
2011-12-22 03:27:39,907 PID: 30641 cluster.py:663 - DEBUG - updating existing node i-b022fed2 in self._nodes
2011-12-22 03:27:39,907 PID: 30641 cluster.py:663 - DEBUG - updating existing node i-b622fed4 in self._nodes
2011-12-22 03:27:39,908 PID: 30641 cluster.py:663 - DEBUG - updating existing node i-b422fed6 in self._nodes
2011-12-22 03:27:39,908 PID: 30641 cluster.py:663 - DEBUG - updating existing node i-ba22fed8 in self._nodes
2011-12-22 03:27:39,908 PID: 30641 cluster.py:663 - DEBUG - updating existing node i-b822feda in self._nodes
2011-12-22 03:27:39,908 PID: 30641 cluster.py:663 - DEBUG - updating existing node i-be22fedc in self._nodes
2011-12-22 03:27:39,909 PID: 30641 cluster.py:663 - DEBUG - updating existing node i-bc22fede in self._nodes
2011-12-22 03:27:39,909 PID: 30641 cluster.py:663 - DEBUG - updating existing node i-8222fee0 in self._nodes
2011-12-22 03:27:39,909 PID: 30641 cluster.py:663 - DEBUG - updating existing node i-8022fee2 in self._nodes
2011-12-22 03:27:39,909 PID: 30641 cluster.py:663 - DEBUG - updating existing node i-8622fee4 in self._nodes
2011-12-22 03:27:39,909 PID: 30641 cluster.py:663 - DEBUG - updating existing node i-8422fee6 in self._nodes
2011-12-22 03:27:39,910 PID: 30641 cluster.py:663 - DEBUG - updating existing node i-8a22fee8 in self._nodes
2011-12-22 03:27:39,910 PID: 30641 cluster.py:663 - DEBUG - updating existing node i-8822feea in self._nodes
2011-12-22 03:27:39,910 PID: 30641 cluster.py:663 - DEBUG - updating existing node i-8e22feec in self._nodes
2011-12-22 03:27:39,910 PID: 30641 cluster.py:663 - DEBUG - updating existing node i-8c22feee in self._nodes
2011-12-22 03:27:39,911 PID: 30641 cluster.py:663 - DEBUG - updating existing node i-9222fef0 in self._nodes
2011-12-22 03:27:39,911 PID: 30641 cluster.py:663 - DEBUG - updating existing node i-9022fef2 in self._nodes
2011-12-22 03:27:39,911 PID: 30641 cluster.py:663 - DEBUG - updating existing node i-9622fef4 in self._nodes
2011-12-22 03:27:39,911 PID: 30641 cluster.py:663 - DEBUG - updating existing node i-9422fef6 in self._nodes
2011-12-22 03:27:39,912 PID: 30641 cluster.py:663 - DEBUG - updating existing node i-9a22fef8 in self._nodes
2011-12-22 03:27:39,912 PID: 30641 cluster.py:663 - DEBUG - updating existing node i-9822fefa in self._nodes
2011-12-22 03:27:39,912 PID: 30641 cluster.py:663 - DEBUG - updating existing node i-9e22fefc in self._nodes
2011-12-22 03:27:39,912 PID: 30641 cluster.py:663 - DEBUG - updating existing node i-9c22fefe in self._nodes
2011-12-22 03:27:39,912 PID: 30641 cluster.py:663 - DEBUG - updating existing node i-6223ff00 in self._nodes
2011-12-22 03:27:39,913 PID: 30641 cluster.py:663 - DEBUG - updating existing node i-6023ff02 in self._nodes
2011-12-22 03:27:39,913 PID: 30641 cluster.py:663 - DEBUG - updating existing node i-6623ff04 in self._nodes
2011-12-22 03:27:39,913 PID: 30641 cluster.py:663 - DEBUG - updating existing node i-6423ff06 in self._nodes
2011-12-22 03:27:39,913 PID: 30641 cluster.py:663 - DEBUG - updating existing node i-6a23ff08 in self._nodes
2011-12-22 03:27:39,914 PID: 30641 cluster.py:663 - DEBUG - updating existing node i-6823ff0a in self._nodes
2011-12-22 03:27:39,914 PID: 30641 cluster.py:663 - DEBUG - updating existing node i-6e23ff0c in self._nodes
2011-12-22 03:27:39,914 PID: 30641 cluster.py:663 - DEBUG - updating existing node i-6c23ff0e in self._nodes
2011-12-22 03:27:39,914 PID: 30641 cluster.py:663 - DEBUG - updating existing node i-7223ff10 in self._nodes
2011-12-22 03:27:39,914 PID: 30641 cluster.py:663 - DEBUG - updating existing node i-7023ff12 in self._nodes
2011-12-22 03:27:39,915 PID: 30641 cluster.py:663 - DEBUG - updating existing node i-7623ff14 in self._nodes
2011-12-22 03:27:39,915 PID: 30641 cluster.py:663 - DEBUG - updating existing node i-7423ff16 in self._nodes
2011-12-22 03:27:39,915 PID: 30641 cluster.py:663 - DEBUG - updating existing node i-7a23ff18 in self._nodes
2011-12-22 03:27:39,915 PID: 30641 cluster.py:663 - DEBUG - updating existing node i-7823ff1a in self._nodes
2011-12-22 03:27:39,916 PID: 30641 cluster.py:663 - DEBUG - updating existing node i-7e23ff1c in self._nodes
2011-12-22 03:27:39,916 PID: 30641 cluster.py:663 - DEBUG - updating existing node i-7c23ff1e in self._nodes
2011-12-22 03:27:39,916 PID: 30641 cluster.py:663 - DEBUG - updating existing node i-4223ff20 in self._nodes
2011-12-22 03:27:39,916 PID: 30641 cluster.py:663 - DEBUG - updating existing node i-4023ff22 in self._nodes
2011-12-22 03:27:39,917 PID: 30641 cluster.py:663 - DEBUG - updating existing node i-4623ff24 in self._nodes
2011-12-22 03:27:39,917 PID: 30641 cluster.py:663 - DEBUG - updating existing node i-4423ff26 in self._nodes
2011-12-22 03:27:39,917 PID: 30641 cluster.py:663 - DEBUG - updating existing node i-4a23ff28 in self._nodes
2011-12-22 03:27:39,918 PID: 30641 cluster.py:663 - DEBUG - updating existing node i-4823ff2a in self._nodes
2011-12-22 03:27:39,918 PID: 30641 cluster.py:663 - DEBUG - updating existing node i-4e23ff2c in self._nodes
2011-12-22 03:27:39,918 PID: 30641 cluster.py:663 - DEBUG - updating existing node i-4c23ff2e in self._nodes
2011-12-22 03:27:39,918 PID: 30641 cluster.py:663 - DEBUG - updating existing node i-5223ff30 in self._nodes
2011-12-22 03:27:39,919 PID: 30641 cluster.py:663 - DEBUG - updating existing node i-5023ff32 in self._nodes
2011-12-22 03:27:39,919 PID: 30641 cluster.py:663 - DEBUG - updating existing node i-5623ff34 in self._nodes
2011-12-22 03:27:39,919 PID: 30641 cluster.py:663 - DEBUG - updating existing node i-5423ff36 in self._nodes
2011-12-22 03:27:39,919 PID: 30641 cluster.py:663 - DEBUG - updating existing node i-5a23ff38 in self._nodes
2011-12-22 03:27:39,920 PID: 30641 cluster.py:663 - DEBUG - updating existing node i-5823ff3a in self._nodes
2011-12-22 03:27:39,920 PID: 30641 cluster.py:663 - DEBUG - updating existing node i-5e23ff3c in self._nodes
2011-12-22 03:27:39,920 PID: 30641 cluster.py:663 - DEBUG - updating existing node i-5c23ff3e in self._nodes
2011-12-22 03:27:39,920 PID: 30641 cluster.py:663 - DEBUG - updating existing node i-2223ff40 in self._nodes
2011-12-22 03:27:39,921 PID: 30641 cluster.py:663 - DEBUG - updating existing node i-2023ff42 in self._nodes
2011-12-22 03:27:39,921 PID: 30641 cluster.py:663 - DEBUG - updating existing node i-2623ff44 in self._nodes
2011-12-22 03:27:39,921 PID: 30641 cluster.py:663 - DEBUG - updating existing node i-2423ff46 in self._nodes
2011-12-22 03:27:39,921 PID: 30641 cluster.py:663 - DEBUG - updating existing node i-2a23ff48 in self._nodes
2011-12-22 03:27:39,921 PID: 30641 cluster.py:663 - DEBUG - updating existing node i-2823ff4a in self._nodes
2011-12-22 03:27:39,922 PID: 30641 cluster.py:663 - DEBUG - updating existing node i-2e23ff4c in self._nodes
2011-12-22 03:27:39,922 PID: 30641 cluster.py:663 - DEBUG - updating existing node i-2c23ff4e in self._nodes
2011-12-22 03:27:39,922 PID: 30641 cluster.py:663 - DEBUG - updating existing node i-3223ff50 in self._nodes
2011-12-22 03:27:39,922 PID: 30641 cluster.py:663 - DEBUG - updating existing node i-3023ff52 in self._nodes
2011-12-22 03:27:39,923 PID: 30641 cluster.py:663 - DEBUG - updating existing node i-3623ff54 in self._nodes
2011-12-22 03:27:39,923 PID: 30641 cluster.py:663 - DEBUG - updating existing node i-3423ff56 in self._nodes
2011-12-22 03:27:39,923 PID: 30641 cluster.py:663 - DEBUG - updating existing node i-3a23ff58 in self._nodes
2011-12-22 03:27:39,923 PID: 30641 cluster.py:663 - DEBUG - updating existing node i-3823ff5a in self._nodes
2011-12-22 03:27:39,923 PID: 30641 cluster.py:663 - DEBUG - updating existing node i-3e23ff5c in self._nodes
2011-12-22 03:27:39,924 PID: 30641 cluster.py:663 - DEBUG - updating existing node i-3c23ff5e in self._nodes
2011-12-22 03:27:39,924 PID: 30641 cluster.py:663 - DEBUG - updating existing node i-0223ff60 in self._nodes
2011-12-22 03:27:39,924 PID: 30641 cluster.py:663 - DEBUG - updating existing node i-0023ff62 in self._nodes
2011-12-22 03:27:39,924 PID: 30641 cluster.py:663 - DEBUG - updating existing node i-0623ff64 in self._nodes
2011-12-22 03:27:39,925 PID: 30641 cluster.py:663 - DEBUG - updating existing node i-0423ff66 in self._nodes
2011-12-22 03:27:39,925 PID: 30641 cluster.py:663 - DEBUG - updating existing node i-0a23ff68 in self._nodes
2011-12-22 03:27:39,925 PID: 30641 cluster.py:663 - DEBUG - updating existing node i-0823ff6a in self._nodes
2011-12-22 03:27:39,925 PID: 30641 cluster.py:663 - DEBUG - updating existing node i-0e23ff6c in self._nodes
2011-12-22 03:27:39,926 PID: 30641 cluster.py:663 - DEBUG - updating existing node i-0c23ff6e in self._nodes
2011-12-22 03:27:39,926 PID: 30641 cluster.py:663 - DEBUG - updating existing node i-1223ff70 in self._nodes
2011-12-22 03:27:39,926 PID: 30641 cluster.py:663 - DEBUG - updating existing node i-1023ff72 in self._nodes
2011-12-22 03:27:39,926 PID: 30641 cluster.py:663 - DEBUG - updating existing node i-1623ff74 in self._nodes
2011-12-22 03:27:39,926 PID: 30641 cluster.py:663 - DEBUG - updating existing node i-1423ff76 in self._nodes
2011-12-22 03:27:39,927 PID: 30641 cluster.py:663 - DEBUG - updating existing node i-1a23ff78 in self._nodes
2011-12-22 03:27:39,927 PID: 30641 cluster.py:663 - DEBUG - updating existing node i-1823ff7a in self._nodes
2011-12-22 03:27:39,927 PID: 30641 cluster.py:663 - DEBUG - updating existing node i-1e23ff7c in self._nodes
2011-12-22 03:27:39,927 PID: 30641 cluster.py:663 - DEBUG - updating existing node i-1c23ff7e in self._nodes
2011-12-22 03:27:39,928 PID: 30641 cluster.py:663 - DEBUG - updating existing node i-e223ff80 in self._nodes
2011-12-22 03:27:39,928 PID: 30641 cluster.py:663 - DEBUG - updating existing node i-e023ff82 in self._nodes
2011-12-22 03:27:39,928 PID: 30641 cluster.py:663 - DEBUG - updating existing node i-e623ff84 in self._nodes
2011-12-22 03:27:39,928 PID: 30641 cluster.py:663 - DEBUG - updating existing node i-e423ff86 in self._nodes
2011-12-22 03:27:39,929 PID: 30641 cluster.py:663 - DEBUG - updating existing node i-ea23ff88 in self._nodes
2011-12-22 03:27:39,929 PID: 30641 cluster.py:663 - DEBUG - updating existing node i-e823ff8a in self._nodes
2011-12-22 03:27:39,929 PID: 30641 cluster.py:663 - DEBUG - updating existing node i-ee23ff8c in self._nodes
2011-12-22 03:27:39,929 PID: 30641 cluster.py:663 - DEBUG - updating existing node i-ec23ff8e in self._nodes
2011-12-22 03:27:39,929 PID: 30641 cluster.py:663 - DEBUG - updating existing node i-f223ff90 in self._nodes
2011-12-22 03:27:39,930 PID: 30641 cluster.py:663 - DEBUG - updating existing node i-f023ff92 in self._nodes
2011-12-22 03:27:39,930 PID: 30641 cluster.py:663 - DEBUG - updating existing node i-f623ff94 in self._nodes
2011-12-22 03:27:39,930 PID: 30641 cluster.py:663 - DEBUG - updating existing node i-f423ff96 in self._nodes
2011-12-22 03:27:39,930 PID: 30641 cluster.py:663 - DEBUG - updating existing node i-fa23ff98 in self._nodes
2011-12-22 03:27:39,931 PID: 30641 cluster.py:663 - DEBUG - updating existing node i-f823ff9a in self._nodes
2011-12-22 03:27:39,931 PID: 30641 cluster.py:663 - DEBUG - updating existing node i-fe23ff9c in self._nodes
2011-12-22 03:27:39,931 PID: 30641 cluster.py:663 - DEBUG - updating existing node i-fc23ff9e in self._nodes
2011-12-22 03:27:39,931 PID: 30641 cluster.py:663 - DEBUG - updating existing node i-c223ffa0 in self._nodes
2011-12-22 03:27:39,932 PID: 30641 cluster.py:663 - DEBUG - updating existing node i-c023ffa2 in self._nodes
2011-12-22 03:27:39,932 PID: 30641 cluster.py:663 - DEBUG - updating existing node i-c623ffa4 in self._nodes
2011-12-22 03:27:39,932 PID: 30641 cluster.py:663 - DEBUG - updating existing node i-c423ffa6 in self._nodes
2011-12-22 03:27:39,932 PID: 30641 cluster.py:663 - DEBUG - updating existing node i-ca23ffa8 in self._nodes
2011-12-22 03:27:39,932 PID: 30641 cluster.py:663 - DEBUG - updating existing node i-c823ffaa in self._nodes
2011-12-22 03:27:39,933 PID: 30641 cluster.py:663 - DEBUG - updating existing node i-ce23ffac in self._nodes
2011-12-22 03:27:39,933 PID: 30641 cluster.py:663 - DEBUG - updating existing node i-cc23ffae in self._nodes
2011-12-22 03:27:39,934 PID: 30641 cluster.py:676 - DEBUG - returning self._nodes = [<Node: master (i-7c22fe1e)>, <Node: node001 (i-4222fe20)>, <Node: node002 (i-4022fe22)>, <Node: node003 (i-4622fe24)>, <Node: node004 (i-4422fe26)>, <Node: node005 (i-4a22fe28)>, <Node: node006 (i-4822fe2a)>, <Node: node007 (i-4e22fe2c)>, <Node: node008 (i-4c22fe2e)>, <Node: node009 (i-5222fe30)>, <Node: node010 (i-5622fe34)>, <Node: node011 (i-5422fe36)>, <Node: node012 (i-5a22fe38)>, <Node: node013 (i-5822fe3a)>, <Node: node014 (i-5e22fe3c)>, <Node: node015 (i-5c22fe3e)>, <Node: node016 (i-2222fe40)>, <Node: node017 (i-2022fe42)>, <Node: node018 (i-2622fe44)>, <Node: node019 (i-2422fe46)>, <Node: node020 (i-2a22fe48)>, <Node: node021 (i-2822fe4a)>, <Node: node022 (i-2e22fe4c)>, <Node: node023 (i-2c22fe4e)>, <Node: node024 (i-3222fe50)>, <Node: node025 (i-3022fe52)>, <Node: node026 (i-3622fe54)>, <Node: node027 (i-3422fe56)>, <Node: node028 (i-3a22fe58)>, <Node: node029 (i-3822fe5a)>, <Node: node030 (i-3e22fe5c)>, <Node: node031 (i-3c22fe5e)>, <Node: node032 (i-0222fe60)>, <Node: node033 (i-0022fe62)>, <Node: node034 (i-0622fe64)>, <Node: node035 (i-0422fe66)>, <Node: node036 (i-0a22fe68)>, <Node: node037 (i-0822fe6a)>, <Node: node038 (i-0e22fe6c)>, <Node: node039 (i-0c22fe6e)>, <Node: node040 (i-1222fe70)>, <Node: node041 (i-1022fe72)>, <Node: node042 (i-1622fe74)>, <Node: node043 (i-1422fe76)>, <Node: node044 (i-1a22fe78)>, <Node: node045 (i-1822fe7a)>, <Node: node046 (i-1e22fe7c)>, <Node: node047 (i-1c22fe7e)>, <Node: node048 (i-e222fe80)>, <Node: node049 (i-e022fe82)>, <Node: node050 (i-e622fe84)>, <Node: node051 (i-e422fe86)>, <Node: node052 (i-ea22fe88)>, <Node: node053 (i-e822fe8a)>, <Node: node054 (i-ee22fe8c)>, <Node: node055 (i-ec22fe8e)>, <Node: node056 (i-f222fe90)>, <Node: node057 (i-f022fe92)>, <Node: node058 (i-f622fe94)>, <Node: node059 (i-f422fe96)>, <Node: node060 (i-fa22fe98)>, <Node: node061 (i-f822fe9a)>, <Node: node062 (i-fe22fe9c)>, <Node: node063 (i-fc22fe9e)>, <Node: node064 (i-c222fea0)>, <Node: node065 (i-c022fea2)>, <Node: node066 (i-c622fea4)>, <Node: node067 (i-c422fea6)>, <Node: node068 (i-ca22fea8)>, <Node: node069 (i-c822feaa)>, <Node: node070 (i-ce22feac)>, <Node: node071 (i-cc22feae)>, <Node: node072 (i-d222feb0)>, <Node: node073 (i-d022feb2)>, <Node: node074 (i-d622feb4)>, <Node: node075 (i-d422feb6)>, <Node: node076 (i-da22feb8)>, <Node: node077 (i-d822feba)>, <Node: node078 (i-de22febc)>, <Node: node079 (i-dc22febe)>, <Node: node080 (i-a222fec0)>, <Node: node081 (i-a022fec2)>, <Node: node082 (i-a622fec4)>, <Node: node083 (i-a422fec6)>, <Node: node084 (i-aa22fec8)>, <Node: node085 (i-a822feca)>, <Node: node086 (i-ae22fecc)>, <Node: node087 (i-ac22fece)>, <Node: node088 (i-b222fed0)>, <Node: node089 (i-b022fed2)>, <Node: node090 (i-b622fed4)>, <Node: node091 (i-b422fed6)>, <Node: node092 (i-ba22fed8)>, <Node: node093 (i-b822feda)>, <Node: node094 (i-be22fedc)>, <Node: node095 (i-bc22fede)>, <Node: node096 (i-8222fee0)>, <Node: node097 (i-8022fee2)>, <Node: node098 (i-8622fee4)>, <Node: node099 (i-8422fee6)>, <Node: node100 (i-8a22fee8)>, <Node: node101 (i-8822feea)>, <Node: node102 (i-8e22feec)>, <Node: node103 (i-8c22feee)>, <Node: node104 (i-9222fef0)>, <Node: node105 (i-9022fef2)>, <Node: node106 (i-9622fef4)>, <Node: node107 (i-9422fef6)>, <Node: node108 (i-9a22fef8)>, <Node: node109 (i-9822fefa)>, <Node: node110 (i-9e22fefc)>, <Node: node111 (i-9c22fefe)>, <Node: node112 (i-6223ff00)>, <Node: node113 (i-6023ff02)>, <Node: node114 (i-6623ff04)>, <Node: node115 (i-6423ff06)>, <Node: node116 (i-6a23ff08)>, <Node: node117 (i-6823ff0a)>, <Node: node118 (i-6e23ff0c)>, <Node: node119 (i-6c23ff0e)>, <Node: node120 (i-7223ff10)>, <Node: node121 (i-7023ff12)>, <Node: node122 (i-7623ff14)>, <Node: node123 (i-7423ff16)>, <Node: node124 (i-7a23ff18)>, <Node: node125 (i-7823ff1a)>, <Node: node126 (i-7e23ff1c)>, <Node: node127 (i-7c23ff1e)>, <Node: node128 (i-4223ff20)>, <Node: node129 (i-4023ff22)>, <Node: node130 (i-4623ff24)>, <Node: node131 (i-4423ff26)>, <Node: node132 (i-4a23ff28)>, <Node: node133 (i-4823ff2a)>, <Node: node134 (i-4e23ff2c)>, <Node: node135 (i-4c23ff2e)>, <Node: node136 (i-5223ff30)>, <Node: node137 (i-5023ff32)>, <Node: node138 (i-5623ff34)>, <Node: node139 (i-5423ff36)>, <Node: node140 (i-5a23ff38)>, <Node: node141 (i-5823ff3a)>, <Node: node142 (i-5e23ff3c)>, <Node: node143 (i-5c23ff3e)>, <Node: node144 (i-2223ff40)>, <Node: node145 (i-2023ff42)>, <Node: node146 (i-2623ff44)>, <Node: node147 (i-2423ff46)>, <Node: node148 (i-2a23ff48)>, <Node: node149 (i-2823ff4a)>, <Node: node150 (i-2e23ff4c)>, <Node: node151 (i-2c23ff4e)>, <Node: node152 (i-3223ff50)>, <Node: node153 (i-3023ff52)>, <Node: node154 (i-3623ff54)>, <Node: node155 (i-3423ff56)>, <Node: node156 (i-3a23ff58)>, <Node: node157 (i-3823ff5a)>, <Node: node158 (i-3e23ff5c)>, <Node: node159 (i-3c23ff5e)>, <Node: node160 (i-0223ff60)>, <Node: node161 (i-0023ff62)>, <Node: node162 (i-0623ff64)>, <Node: node163 (i-0423ff66)>, <Node: node164 (i-0a23ff68)>, <Node: node165 (i-0823ff6a)>, <Node: node166 (i-0e23ff6c)>, <Node: node167 (i-0c23ff6e)>, <Node: node168 (i-1223ff70)>, <Node: node169 (i-1023ff72)>, <Node: node170 (i-1623ff74)>, <Node: node171 (i-1423ff76)>, <Node: node172 (i-1a23ff78)>, <Node: node173 (i-1823ff7a)>, <Node: node174 (i-1e23ff7c)>, <Node: node175 (i-1c23ff7e)>, <Node: node176 (i-e223ff80)>, <Node: node177 (i-e023ff82)>, <Node: node178 (i-e623ff84)>, <Node: node179 (i-e423ff86)>, <Node: node180 (i-ea23ff88)>, <Node: node181 (i-e823ff8a)>, <Node: node182 (i-ee23ff8c)>, <Node: node183 (i-ec23ff8e)>, <Node: node184 (i-f223ff90)>, <Node: node185 (i-f023ff92)>, <Node: node186 (i-f623ff94)>, <Node: node187 (i-f423ff96)>, <Node: node188 (i-fa23ff98)>, <Node: node189 (i-f823ff9a)>, <Node: node190 (i-fe23ff9c)>, <Node: node191 (i-fc23ff9e)>, <Node: node192 (i-c223ffa0)>, <Node: node193 (i-c023ffa2)>, <Node: node194 (i-c623ffa4)>, <Node: node195 (i-c423ffa6)>, <Node: node196 (i-ca23ffa8)>, <Node: node197 (i-c823ffaa)>, <Node: node198 (i-ce23ffac)>, <Node: node199 (i-cc23ffae)>]
2011-12-22 03:27:47,066 PID: 30641 ssh.py:91 - DEBUG - connecting to host ec2-107-21-128-191.compute-1.amazonaws.com on port 22 as user root
2011-12-22 03:27:51,110 PID: 30641 ssh.py:91 - DEBUG - connecting to host ec2-107-21-67-51.compute-1.amazonaws.com on port 22 as user root
